Wvlgth nm,Global tilt  W*m-2*nm-1
280.0,4.73090E-23
280.5,1.23070E-21
281.0,5.68950E-21
281.5,1.56620E-19
282.0,1.19460E-18
282.5,4.54360E-18
283.0,1.84520E-17
283.5,3.53600E-17
284.0,7.26700E-16
284.5,2.48560E-15
285.0,8.01420E-15
285.5,4.26130E-14
286.0,1.36840E-13
286.5,8.38230E-13
287.0,2.73670E-12
287.5,1.09030E-11
288.0,6.23370E-11
288.5,1.71620E-10
289.0,5.62650E-10
289.5,2.07490E-09
290.0,6.01680E-09
290.5,1.37830E-08
291.0,3.50520E-08
291.5,1.09130E-07
292.0,2.68300E-07
292.5,4.26850E-07
293.0,8.64660E-07
293.5,2.27070E-06
294.0,4.17440E-06
294.5,6.59110E-06
295.0,1.22900E-05
295.5,2.78260E-05
296.0,4.79040E-05
296.5,7.13450E-05
297.0,9.68000E-05
297.5,1.86080E-04
298.0,2.89880E-04
298.5,3.57890E-04
299.0,4.92110E-04
299.5,8.60680E-04
300.0,1.02050E-03
300.5,1.24500E-03
301.0,1.93000E-03
301.5,2.69140E-03
302.0,2.92090E-03
302.5,4.28400E-03
303.0,7.09450E-03
303.5,8.97950E-03
304.0,9.47010E-03
304.5,1.19530E-02
305.0,1.64630E-02
305.5,1.87190E-02
306.0,1.85770E-02
306.5,2.11080E-02
307.0,2.78490E-02
307.5,3.56350E-02
308.0,3.78370E-02
308.5,4.14300E-02
309.0,4.05340E-02
309.5,4.33060E-02
310.0,5.09390E-02
310.5,6.55400E-02
311.0,8.29220E-02
311.5,8.40800E-02
312.0,9.33760E-02
312.5,9.89840E-02
313.0,1.07330E-01
313.5,1.07570E-01
314.0,1.19690E-01
314.5,1.30600E-01
315.0,1.36250E-01
315.5,1.18380E-01
316.0,1.23480E-01
316.5,1.50360E-01
317.0,1.71580E-01
317.5,1.82450E-01
318.0,1.75940E-01
318.5,1.85910E-01
319.0,2.04700E-01
319.5,1.95890E-01
320.0,2.05270E-01
320.5,2.45250E-01
321.0,2.50240E-01
321.5,2.38430E-01
322.0,2.22030E-01
322.5,2.17090E-01
323.0,2.12260E-01
323.5,2.48610E-01
324.0,2.75370E-01
324.5,2.83210E-01
325.0,2.78940E-01
325.5,3.24360E-01
326.0,3.81200E-01
326.5,4.07220E-01
327.0,3.98060E-01
327.5,3.84650E-01
328.0,3.51160E-01
328.5,3.71640E-01
329.0,4.22350E-01
329.5,4.68780E-01
330.0,4.71390E-01
330.5,4.28000E-01
331.0,4.02620E-01
331.5,4.18060E-01
332.0,4.36230E-01
332.5,4.39190E-01
333.0,4.29440E-01
333.5,4.07240E-01
334.0,4.14970E-01
334.5,4.45090E-01
335.0,4.63880E-01
335.5,4.53130E-01
336.0,4.15190E-01
336.5,3.82140E-01
337.0,3.73800E-01
337.5,4.00510E-01
338.0,4.34110E-01
338.5,4.55270E-01
339.0,4.63550E-01
339.5,4.74460E-01
340.0,5.01800E-01
340.5,5.00710E-01
341.0,4.71390E-01
341.5,4.69350E-01
342.0,4.89340E-01
342.5,5.07670E-01
343.0,5.14890E-01
343.5,4.86090E-01
344.0,4.18430E-01
344.5,4.03070E-01
345.0,4.58980E-01
345.5,4.89320E-01
346.0,4.77780E-01
346.5,4.86570E-01
347.0,4.94040E-01
347.5,4.76740E-01
348.0,4.75110E-01
348.5,4.83360E-01
349.0,4.65640E-01
349.5,4.78050E-01
350.0,5.27980E-01
350.5,5.67410E-01
351.0,5.51720E-01
351.5,5.30220E-01
352.0,5.17910E-01
352.5,4.89620E-01
353.0,5.20400E-01
353.5,5.72280E-01
354.0,6.04980E-01
354.5,6.11560E-01
355.0,6.11400E-01
355.5,5.90280E-01
356.0,5.53870E-01
356.5,5.19420E-01
357.0,4.56730E-01
357.5,4.62150E-01
358.0,4.30060E-01
358.5,3.99260E-01
359.0,4.69530E-01
359.5,5.65490E-01
360.0,5.98170E-01
360.5,5.65310E-01
361.0,5.20240E-01
361.5,5.09560E-01
362.0,5.34200E-01
362.5,5.85100E-01
363.0,6.01910E-01
363.5,5.85410E-01
364.0,6.06280E-01
364.5,6.00580E-01
365.0,6.23590E-01
365.5,6.86280E-01
366.0,7.35320E-01
366.5,7.36580E-01
367.0,7.22850E-01
367.5,7.09140E-01
368.0,6.67590E-01
368.5,6.63100E-01
369.0,6.93150E-01
369.5,7.44690E-01
370.0,7.55070E-01
370.5,6.82610E-01
371.0,6.93380E-01
371.5,7.20510E-01
372.0,6.74440E-01
372.5,6.42530E-01
373.0,6.18860E-01
373.5,5.57860E-01
374.0,5.56400E-01
374.5,5.52270E-01
375.0,5.89300E-01
375.5,6.51620E-01
376.0,6.74800E-01
376.5,6.63900E-01
377.0,7.12250E-01
377.5,7.94550E-01
378.0,8.55950E-01
378.5,8.34180E-01
379.0,7.43890E-01
379.5,6.66830E-01
380.0,7.00770E-01
380.5,7.50750E-01
381.0,7.63830E-01
381.5,6.88370E-01
382.0,5.86780E-01
382.5,5.07620E-01
383.0,4.54990E-01
383.5,4.40490E-01
384.0,5.09680E-01
384.5,6.13590E-01
385.0,6.73550E-01
385.5,6.43630E-01
386.0,6.21000E-01
386.5,6.45700E-01
387.0,6.51470E-01
387.5,6.42040E-01
388.0,6.35820E-01
388.5,6.31360E-01
389.0,6.85430E-01
389.5,7.59700E-01
390.0,7.96990E-01
390.5,8.03710E-01
391.0,8.51380E-01
391.5,8.63440E-01
392.0,7.94930E-01
392.5,6.62570E-01
393.0,4.79750E-01
393.5,3.81520E-01
394.0,4.95670E-01
394.5,6.83850E-01
395.0,8.07720E-01
395.5,8.60380E-01
396.0,7.56550E-01
396.5,5.50170E-01
397.0,4.26190E-01
397.5,6.29450E-01
398.0,8.52490E-01
398.5,1.00690E+00
399.0,1.06930E+00
399.5,1.10210E+00
400.0,1.11410E+00
401.0,1.16030E+00
402.0,1.20610E+00
403.0,1.16130E+00
404.0,1.18010E+00
405.0,1.15110E+00
406.0,1.12270E+00
407.0,1.10260E+00
408.0,1.15140E+00
409.0,1.22990E+00
410.0,1.04850E+00
411.0,1.17380E+00
412.0,1.24780E+00
413.0,1.19710E+00
414.0,1.18420E+00
415.0,1.22580E+00
416.0,1.26240E+00
417.0,1.23120E+00
418.0,1.17770E+00
419.0,1.22580E+00
420.0,1.12320E+00
421.0,1.27570E+00
422.0,1.25830E+00
423.0,1.21840E+00
424.0,1.21170E+00
425.0,1.24880E+00
426.0,1.21350E+00
427.0,1.17240E+00
428.0,1.18390E+00
429.0,1.09630E+00
430.0,8.74620E-01
431.0,7.93940E-01
432.0,1.32070E+00
433.0,1.22880E+00
434.0,1.13520E+00
435.0,1.24520E+00
436.0,1.36590E+00
437.0,1.39430E+00
438.0,1.22380E+00
439.0,1.17750E+00
440.0,1.34990E+00
441.0,1.33130E+00
442.0,1.42500E+00
443.0,1.44530E+00
444.0,1.40840E+00
445.0,1.46190E+00
446.0,1.31080E+00
447.0,1.49030E+00
448.0,1.50810E+00
449.0,1.50450E+00
450.0,1.55950E+00
451.0,1.61730E+00
452.0,1.54820E+00
453.0,1.42970E+00
454.0,1.53350E+00
455.0,1.52240E+00
456.0,1.57240E+00
457.0,1.58540E+00
458.0,1.55140E+00
459.0,1.53910E+00
460.0,1.52910E+00
461.0,1.58270E+00
462.0,1.59750E+00
463.0,1.60310E+00
464.0,1.55440E+00
465.0,1.53500E+00
466.0,1.56730E+00
467.0,1.49730E+00
468.0,1.56190E+00
469.0,1.56820E+00
470.0,1.50770E+00
471.0,1.53310E+00
472.0,1.61260E+00
473.0,1.54990E+00
474.0,1.56710E+00
475.0,1.61850E+00
476.0,1.56310E+00
477.0,1.57240E+00
478.0,1.62300E+00
479.0,1.59160E+00
480.0,1.61810E+00
481.0,1.61770E+00
482.0,1.62360E+00
483.0,1.60380E+00
484.0,1.57340E+00
485.0,1.56830E+00
486.0,1.27160E+00
487.0,1.42410E+00
488.0,1.54130E+00
489.0,1.45190E+00
490.0,1.62240E+00
491.0,1.55950E+00
492.0,1.48690E+00
493.0,1.59030E+00
494.0,1.55250E+00
495.0,1.64850E+00
496.0,1.56760E+00
497.0,1.59440E+00
498.0,1.55090E+00
499.0,1.55070E+00
500.0,1.54510E+00
501.0,1.49780E+00
502.0,1.49660E+00
503.0,1.56530E+00
504.0,1.45870E+00
505.0,1.56350E+00
506.0,1.62640E+00
507.0,1.55600E+00
508.0,1.51650E+00
509.0,1.58930E+00
510.0,1.54810E+00
511.0,1.57690E+00
512.0,1.61860E+00
513.0,1.52060E+00
514.0,1.48850E+00
515.0,1.53140E+00
516.0,1.54550E+00
517.0,1.25940E+00
518.0,1.44030E+00
519.0,1.39570E+00
520.0,1.52360E+00
521.0,1.53460E+00
522.0,1.56900E+00
523.0,1.47890E+00
524.0,1.59050E+00
525.0,1.57810E+00
526.0,1.53410E+00
527.0,1.34170E+00
528.0,1.53570E+00
529.0,1.60710E+00
530.0,1.54460E+00
531.0,1.62920E+00
532.0,1.59980E+00
533.0,1.42860E+00
534.0,1.53020E+00
535.0,1.55350E+00
536.0,1.61990E+00
537.0,1.49890E+00
538.0,1.57380E+00
539.0,1.53520E+00
540.0,1.48250E+00
541.0,1.42510E+00
542.0,1.55110E+00
543.0,1.52560E+00
544.0,1.57920E+00
545.0,1.54350E+00
546.0,1.52910E+00
547.0,1.54900E+00
548.0,1.50490E+00
549.0,1.55200E+00
550.0,1.53990E+00
551.0,1.53820E+00
552.0,1.56970E+00
553.0,1.52500E+00
554.0,1.55490E+00
555.0,1.56340E+00
556.0,1.53660E+00
557.0,1.49880E+00
558.0,1.53100E+00
559.0,1.44830E+00
560.0,1.47400E+00
561.0,1.55950E+00
562.0,1.48470E+00
563.0,1.54080E+00
564.0,1.51060E+00
565.0,1.52010E+00
566.0,1.43740E+00
567.0,1.53200E+00
568.0,1.51800E+00
569.0,1.48070E+00
570.0,1.48160E+00
571.0,1.43310E+00
572.0,1.51340E+00
573.0,1.51980E+00
574.0,1.51190E+00
575.0,1.47770E+00
576.0,1.46540E+00
577.0,1.50230E+00
578.0,1.45600E+00
579.0,1.47700E+00
580.0,1.50200E+00
581.0,1.50890E+00
582.0,1.53200E+00
583.0,1.54790E+00
584.0,1.54480E+00
585.0,1.53240E+00
586.0,1.49530E+00
587.0,1.52810E+00
588.0,1.49340E+00
589.0,1.28940E+00
590.0,1.37090E+00
591.0,1.46620E+00
592.0,1.43540E+00
593.0,1.45610E+00
594.0,1.44910E+00
595.0,1.43080E+00
596.0,1.47450E+00
597.0,1.47880E+00
598.0,1.46070E+00
599.0,1.46060E+00
600.0,1.47530E+00
601.0,1.45790E+00
602.0,1.43600E+00
603.0,1.46640E+00
604.0,1.49210E+00
605.0,1.48950E+00
606.0,1.48220E+00
607.0,1.49110E+00
608.0,1.48620E+00
609.0,1.47490E+00
610.0,1.46860E+00
611.0,1.46110E+00
612.0,1.48310E+00
613.0,1.46210E+00
614.0,1.41760E+00
615.0,1.46970E+00
616.0,1.43100E+00
617.0,1.41280E+00
618.0,1.46640E+00
619.0,1.47330E+00
620.0,1.47390E+00
621.0,1.48020E+00
622.0,1.42690E+00
623.0,1.41650E+00
624.0,1.41180E+00
625.0,1.40260E+00
626.0,1.40120E+00
627.0,1.44170E+00
628.0,1.36310E+00
629.0,1.41140E+00
630.0,1.39240E+00
631.0,1.41610E+00
632.0,1.36380E+00
633.0,1.45080E+00
634.0,1.42840E+00
635.0,1.44580E+00
636.0,1.41280E+00
637.0,1.46100E+00
638.0,1.47070E+00
639.0,1.46460E+00
640.0,1.43400E+00
641.0,1.43480E+00
642.0,1.43760E+00
643.0,1.45250E+00
644.0,1.44620E+00
645.0,1.45670E+00
646.0,1.41500E+00
647.0,1.40860E+00
648.0,1.39520E+00
649.0,1.35190E+00
650.0,1.35940E+00
651.0,1.44470E+00
652.0,1.38710E+00
653.0,1.43110E+00
654.0,1.41530E+00
655.0,1.34990E+00
656.0,1.18510E+00
657.0,1.23930E+00
658.0,1.38550E+00
659.0,1.39050E+00
660.0,1.39920E+00
661.0,1.39330E+00
662.0,1.38190E+00
663.0,1.38440E+00
664.0,1.39670E+00
665.0,1.42140E+00
666.0,1.42030E+00
667.0,1.41020E+00
668.0,1.41500E+00
669.0,1.43940E+00
670.0,1.41960E+00
671.0,1.41690E+00
672.0,1.39720E+00
673.0,1.40940E+00
674.0,1.40740E+00
675.0,1.39580E+00
676.0,1.41200E+00
677.0,1.39910E+00
678.0,1.40660E+00
679.0,1.39470E+00
680.0,1.39690E+00
681.0,1.39150E+00
682.0,1.39810E+00
683.0,1.38300E+00
684.0,1.37390E+00
685.0,1.37480E+00
686.0,1.34380E+00
687.0,9.68240E-01
688.0,1.12060E+00
689.0,1.12780E+00
690.0,1.18210E+00
691.0,1.23330E+00
692.0,1.26890E+00
693.0,1.26090E+00
694.0,1.24640E+00
695.0,1.27140E+00
696.0,1.26840E+00
697.0,1.34030E+00
698.0,1.31920E+00
699.0,1.29180E+00
700.0,1.28230E+00
701.0,1.26590E+00
702.0,1.26740E+00
703.0,1.27470E+00
704.0,1.30780E+00
705.0,1.32140E+00
706.0,1.31440E+00
707.0,1.30900E+00
708.0,1.30480E+00
709.0,1.30950E+00
710.0,1.31750E+00
711.0,1.31550E+00
712.0,1.30710E+00
713.0,1.29180E+00
714.0,1.30290E+00
715.0,1.25870E+00
716.0,1.27160E+00
717.0,1.10710E+00
718.0,1.02960E+00
719.0,9.23180E-01
720.0,9.85500E-01
721.0,1.08610E+00
722.0,1.24070E+00
723.0,1.14440E+00
724.0,1.05550E+00
725.0,1.03800E+00
726.0,1.08130E+00
727.0,1.08500E+00
728.0,1.04000E+00
729.0,1.04660E+00
730.0,1.12850E+00
731.0,1.07030E+00
732.0,1.15340E+00
733.0,1.19620E+00
734.0,1.23570E+00
735.0,1.21780E+00
736.0,1.20590E+00
737.0,1.20390E+00
738.0,1.22690E+00
739.0,1.19050E+00
740.0,1.21950E+00
741.0,1.21480E+00
742.0,1.21530E+00
743.0,1.24050E+00
744.0,1.25030E+00
745.0,1.24970E+00
746.0,1.24700E+00
747.0,1.24770E+00
748.0,1.24010E+00
749.0,1.23570E+00
750.0,1.23410E+00
751.0,1.22860E+00
752.0,1.23300E+00
753.0,1.22660E+00
754.0,1.24200E+00
755.0,1.23830E+00
756.0,1.22320E+00
757.0,1.22210E+00
758.0,1.22950E+00
759.0,1.19450E+00
760.0,2.66040E-01
761.0,1.53960E-01
762.0,6.87660E-01
763.0,3.79520E-01
764.0,5.38780E-01
765.0,6.86010E-01
766.0,8.14610E-01
767.0,9.74170E-01
768.0,1.11380E+00
769.0,1.12780E+00
770.0,1.16080E+00
771.0,1.16860E+00
772.0,1.17780E+00
773.0,1.17710E+00
774.0,1.17710E+00
775.0,1.17710E+00
776.0,1.17980E+00
777.0,1.17270E+00
778.0,1.17130E+00
779.0,1.17650E+00
780.0,1.16360E+00
781.0,1.16070E+00
782.0,1.16620E+00
783.0,1.16140E+00
784.0,1.15360E+00
785.0,1.15860E+00
786.0,1.15920E+00
787.0,1.14500E+00
788.0,1.13050E+00
789.0,1.12570E+00
790.0,1.09100E+00
791.0,1.10580E+00
792.0,1.09530E+00
793.0,1.08750E+00
794.0,1.09720E+00
795.0,1.09320E+00
796.0,1.07420E+00
797.0,1.09130E+00
798.0,1.11210E+00
799.0,1.09050E+00
800.0,1.07250E+00
801.0,1.08430E+00
802.0,1.08560E+00
803.0,1.06570E+00
804.0,1.07820E+00
805.0,1.05450E+00
806.0,1.09740E+00
807.0,1.08590E+00
808.0,1.08210E+00
809.0,1.05480E+00
810.0,1.05590E+00
811.0,1.05330E+00
812.0,1.02680E+00
813.0,1.00860E+00
814.0,9.03560E-01
815.0,8.95230E-01
816.0,8.32160E-01
817.0,8.51830E-01
818.0,8.22590E-01
819.0,9.05190E-01
820.0,8.61880E-01
821.0,9.97640E-01
822.0,9.51570E-01
823.0,6.72710E-01
824.0,9.35060E-01
825.0,9.69350E-01
826.0,9.33810E-01
827.0,9.84650E-01
828.0,8.49790E-01
829.0,9.29300E-01
830.0,9.16010E-01
831.0,9.23920E-01
832.0,8.94260E-01
833.0,9.56500E-01
834.0,9.34120E-01
835.0,1.00320E+00
836.0,9.72340E-01
837.0,1.00920E+00
838.0,9.99010E-01
839.0,1.00130E+00
840.0,1.01570E+00
841.0,1.01010E+00
842.0,9.97030E-01
843.0,1.00530E+00
844.0,9.86310E-01
845.0,1.01650E+00
846.0,1.01870E+00
847.0,9.91700E-01
848.0,9.92170E-01
849.0,9.85960E-01
850.0,8.93720E-01
851.0,9.74930E-01
852.0,9.69270E-01
853.0,9.64860E-01
854.0,8.51120E-01
855.0,9.13000E-01
856.0,9.73170E-01
857.0,9.91660E-01
858.0,9.91960E-01
859.0,9.91710E-01
860.0,9.88160E-01
861.0,9.86790E-01
862.0,9.94490E-01
863.0,1.00050E+00
864.0,9.79160E-01
865.0,9.63240E-01
866.0,8.49000E-01
867.0,9.15460E-01
868.0,9.59200E-01
869.0,9.49560E-01
870.0,9.67550E-01
871.0,9.53870E-01
872.0,9.66860E-01
873.0,9.57210E-01
874.0,9.40420E-01
875.0,9.26870E-01
876.0,9.52770E-01
877.0,9.56150E-01
878.0,9.52370E-01
879.0,9.36560E-01
880.0,9.39570E-01
881.0,9.08610E-01
882.0,9.32450E-01
883.0,9.29270E-01
884.0,9.33050E-01
885.0,9.44230E-01
886.0,9.07520E-01
887.0,9.10620E-01
888.0,9.22280E-01
889.0,9.34550E-01
890.0,9.23930E-01
891.0,9.25840E-01
892.0,9.08810E-01
893.0,8.73270E-01
894.0,8.51300E-01
895.0,8.13570E-01
896.0,7.62530E-01
897.0,6.65660E-01
898.0,7.17800E-01
899.0,5.48710E-01
900.0,7.42600E-01
901.0,5.99330E-01
902.0,6.67910E-01
903.0,6.88890E-01
904.0,8.44570E-01
905.0,8.17090E-01
906.0,7.75580E-01
907.0,6.38540E-01
908.0,6.52170E-01
909.0,7.04310E-01
910.0,6.24670E-01
911.0,6.68080E-01
912.0,6.88930E-01
913.0,6.28340E-01
914.0,6.26490E-01
915.0,6.78360E-01
916.0,5.76460E-01
917.0,7.30170E-01
918.0,5.92710E-01
919.0,7.38770E-01
920.0,7.44140E-01
921.0,7.80490E-01
922.0,7.00260E-01
923.0,7.45040E-01
924.0,7.21500E-01
925.0,7.11100E-01
926.0,7.03310E-01
927.0,7.87420E-01
928.0,5.89680E-01
929.0,5.51270E-01
930.0,4.32100E-01
931.0,4.09210E-01
932.0,3.00860E-01
933.0,2.48410E-01
934.0,1.43800E-01
935.0,2.50840E-01
936.0,1.61420E-01
937.0,1.63380E-01
938.0,2.00580E-01
939.0,3.98870E-01
940.0,4.71810E-01
941.0,3.71950E-01
942.0,4.05320E-01
943.0,2.78340E-01
944.0,2.85790E-01
945.0,3.68210E-01
946.0,1.94610E-01
947.0,3.71120E-01
948.0,2.74230E-01
949.0,4.93960E-01
950.0,1.47260E-01
951.0,4.83780E-01
952.0,2.68910E-01
953.0,3.43620E-01
954.0,4.24110E-01
955.0,3.41170E-01
956.0,3.28210E-01
957.0,2.70670E-01
958.0,4.61010E-01
959.0,3.73850E-01
960.0,4.20660E-01
961.0,4.61200E-01
962.0,4.41740E-01
963.0,5.05030E-01
964.0,4.58600E-01
965.0,5.03740E-01
966.0,5.02750E-01
967.0,5.02400E-01
968.0,6.52100E-01
969.0,6.86220E-01
970.0,6.34610E-01
971.0,7.13970E-01
972.0,6.87650E-01
973.0,6.06480E-01
974.0,5.75290E-01
975.0,5.89870E-01
976.0,5.71910E-01
977.0,6.38640E-01
978.0,6.15090E-01
979.0,6.38150E-01
980.0,6.04680E-01
981.0,7.13380E-01
982.0,6.92180E-01
983.0,6.68650E-01
984.0,7.37320E-01
985.0,6.88170E-01
986.0,7.50830E-01
987.0,7.39280E-01
988.0,7.34620E-01
989.0,7.49060E-01
990.0,7.32270E-01
991.0,7.53580E-01
992.0,7.51020E-01
993.0,7.37280E-01
994.0,7.54100E-01
995.0,7.51760E-01
996.0,7.48840E-01
997.0,7.39710E-01
998.0,7.38870E-01
999.0,7.38570E-01
1000.0,7.35320E-01
1001.0,7.44420E-01
1002.0,7.28050E-01
1003.0,7.34420E-01
1004.0,7.23360E-01
1005.0,6.81740E-01
1006.0,7.12520E-01
1007.0,7.27530E-01
1008.0,7.26850E-01
1009.0,7.19720E-01
1010.0,7.19140E-01
1011.0,7.22780E-01
1012.0,7.18770E-01
1013.0,7.17610E-01
1014.0,7.20680E-01
1015.0,7.08170E-01
1016.0,7.11290E-01
1017.0,7.03370E-01
1018.0,7.14220E-01
1019.0,6.88780E-01
1020.0,6.98960E-01
1021.0,7.01750E-01
1022.0,6.89700E-01
1023.0,6.95080E-01
1024.0,6.90580E-01
1025.0,6.97530E-01
1026.0,6.96360E-01
1027.0,6.93050E-01
1028.0,6.93850E-01
1029.0,6.86280E-01
1030.0,6.90550E-01
1031.0,6.87360E-01
1032.0,6.87870E-01
1033.0,6.76130E-01
1034.0,6.80150E-01
1035.0,6.82340E-01
1036.0,6.82020E-01
1037.0,6.74970E-01
1038.0,6.71720E-01
1039.0,6.76360E-01
1040.0,6.71700E-01
1041.0,6.71760E-01
1042.0,6.72000E-01
1043.0,6.65250E-01
1044.0,6.68330E-01
1045.0,6.64520E-01
1046.0,6.47140E-01
1047.0,6.56940E-01
1048.0,6.62740E-01
1049.0,6.58960E-01
1050.0,6.54630E-01
1051.0,6.55210E-01
1052.0,6.51180E-01
1053.0,6.49190E-01
1054.0,6.46460E-01
1055.0,6.48470E-01
1056.0,6.46410E-01
1057.0,6.44820E-01
1058.0,6.38180E-01
1059.0,6.18750E-01
1060.0,6.35850E-01
1061.0,6.21210E-01
1062.0,6.32660E-01
1063.0,6.22390E-01
1064.0,6.31960E-01
1065.0,6.29130E-01
1066.0,6.17130E-01
1067.0,6.20320E-01
1068.0,6.19440E-01
1069.0,5.86260E-01
1070.0,6.04690E-01
1071.0,6.16610E-01
1072.0,6.15360E-01
1073.0,6.03630E-01
1074.0,6.21580E-01
1075.0,5.92520E-01
1076.0,6.14710E-01
1077.0,6.04340E-01
1078.0,6.03210E-01
1079.0,6.04740E-01
1080.0,5.97220E-01
1081.0,5.80830E-01
1082.0,5.89400E-01
1083.0,5.98140E-01
1084.0,5.78520E-01
1085.0,5.93300E-01
1086.0,5.54100E-01
1087.0,5.66970E-01
1088.0,5.93170E-01
1089.0,5.79190E-01
1090.0,5.55730E-01
1091.0,5.88350E-01
1092.0,5.81240E-01
1093.0,5.10580E-01
1094.0,5.39650E-01
1095.0,5.20670E-01
1096.0,5.03230E-01
1097.0,5.78520E-01
1098.0,5.02910E-01
1099.0,5.07720E-01
1100.0,4.85770E-01
1101.0,4.96960E-01
1102.0,4.68830E-01
1103.0,4.66370E-01
1104.0,4.67650E-01
1105.0,5.06440E-01
1106.0,3.97920E-01
1107.0,4.83040E-01
1108.0,4.15650E-01
1109.0,4.12780E-01
1110.0,4.78990E-01
1111.0,3.31540E-01
1112.0,4.13570E-01
1113.0,2.68500E-01
1114.0,2.99850E-01
1115.0,2.49870E-01
1116.0,2.01360E-01
1117.0,7.96180E-02
1118.0,2.17530E-01
1119.0,1.13170E-01
1120.0,1.41890E-01
1121.0,1.85860E-01
1122.0,8.16860E-02
1123.0,1.28170E-01
1124.0,1.08700E-01
1125.0,1.44280E-01
1126.0,5.15890E-02
1127.0,1.57250E-01
1128.0,9.92240E-02
1129.0,1.05910E-01
1130.0,7.05740E-02
1131.0,2.95600E-01
1132.0,2.34110E-01
1133.0,1.53310E-01
1134.0,4.17400E-02
1135.0,1.54620E-02
1136.0,1.28760E-01
1137.0,2.87850E-01
1138.0,2.03290E-01
1139.0,2.98500E-01
1140.0,2.55990E-01
1141.0,1.93370E-01
1142.0,2.24790E-01
1143.0,3.11830E-01
1144.0,1.13260E-01
1145.0,1.46040E-01
1146.0,1.57640E-01
1147.0,5.91760E-02
1148.0,2.71130E-01
1149.0,2.18540E-01
1150.0,1.21640E-01
1151.0,2.03400E-01
1152.0,2.47620E-01
1153.0,2.38120E-01
1154.0,1.42480E-01
1155.0,3.13160E-01
1156.0,2.80900E-01
1157.0,3.14580E-01
1158.0,3.11710E-01
1159.0,3.36930E-01
1160.0,2.86480E-01
1161.0,3.47530E-01
1162.0,3.50020E-01
1163.0,4.68570E-01
1164.0,4.01880E-01
1165.0,3.88600E-01
1166.0,3.74940E-01
1167.0,4.09960E-01
1168.0,4.19540E-01
1169.0,4.23100E-01
1170.0,4.58730E-01
1171.0,4.48310E-01
1172.0,4.54830E-01
1173.0,4.56420E-01
1174.0,3.36920E-01
1175.0,4.52400E-01
1176.0,4.76790E-01
1177.0,4.72350E-01
1178.0,3.60000E-01
1179.0,4.83710E-01
1180.0,4.40690E-01
1181.0,4.55140E-01
1182.0,3.23180E-01
1183.0,4.38700E-01
1184.0,4.19850E-01
1185.0,4.07410E-01
1186.0,4.77150E-01
1187.0,4.55750E-01
1188.0,3.35040E-01
1189.0,4.15690E-01
1190.0,4.62390E-01
1191.0,4.46600E-01
1192.0,4.73360E-01
1193.0,4.54340E-01
1194.0,4.68900E-01
1195.0,4.46960E-01
1196.0,4.31310E-01
1197.0,4.77150E-01
1198.0,4.33920E-01
1199.0,3.64890E-01
1200.0,4.48250E-01
1201.0,4.37080E-01
1202.0,4.37170E-01
1203.0,4.34090E-01
1204.0,3.62470E-01
1205.0,4.36920E-01
1206.0,4.80860E-01
1207.0,4.29860E-01
1208.0,4.33460E-01
1209.0,4.14280E-01
1210.0,4.53360E-01
1211.0,4.22320E-01
1212.0,4.24890E-01
1213.0,4.69560E-01
1214.0,4.34070E-01
1215.0,4.27800E-01
1216.0,4.66400E-01
1217.0,4.55280E-01
1218.0,4.59340E-01
1219.0,4.46630E-01
1220.0,4.58050E-01
1221.0,4.65310E-01
1222.0,4.51390E-01
1223.0,4.44060E-01
1224.0,4.48080E-01
1225.0,4.62360E-01
1226.0,4.68190E-01
1227.0,4.33040E-01
1228.0,4.66580E-01
1229.0,4.67210E-01
1230.0,4.60030E-01
1231.0,4.72030E-01
1232.0,4.66330E-01
1233.0,4.53970E-01
1234.0,4.70160E-01
1235.0,4.65040E-01
1236.0,4.69080E-01
1237.0,4.63390E-01
1238.0,4.67970E-01
1239.0,4.62720E-01
1240.0,4.60770E-01
1241.0,4.61970E-01
1242.0,4.62470E-01
1243.0,4.57540E-01
1244.0,4.55280E-01
1245.0,4.56550E-01
1246.0,4.59450E-01
1247.0,4.57460E-01
1248.0,4.58600E-01
1249.0,4.59660E-01
1250.0,4.57050E-01
1251.0,4.52580E-01
1252.0,4.50970E-01
1253.0,4.47730E-01
1254.0,4.43630E-01
1255.0,4.50700E-01
1256.0,4.40230E-01
1257.0,4.35320E-01
1258.0,4.44960E-01
1259.0,4.27250E-01
1260.0,4.31100E-01
1261.0,4.11460E-01
1262.0,3.95670E-01
1263.0,4.00190E-01
1264.0,3.71480E-01
1265.0,3.95700E-01
1266.0,3.85270E-01
1267.0,3.88220E-01
1268.0,3.70510E-01
1269.0,2.46520E-01
1270.0,3.87440E-01
1271.0,4.08250E-01
1272.0,4.08790E-01
1273.0,4.06250E-01
1274.0,4.06140E-01
1275.0,4.12330E-01
1276.0,4.16930E-01
1277.0,4.20010E-01
1278.0,4.27630E-01
1279.0,4.24560E-01
1280.0,4.22040E-01
1281.0,4.13350E-01
1282.0,3.73050E-01
1283.0,4.07330E-01
1284.0,4.20780E-01
1285.0,4.23990E-01
1286.0,4.27140E-01
1287.0,4.22130E-01
1288.0,4.19890E-01
1289.0,4.09360E-01
1290.0,4.12850E-01
1291.0,4.17860E-01
1292.0,3.96180E-01
1293.0,4.12570E-01
1294.0,4.04210E-01
1295.0,4.05140E-01
1296.0,3.89570E-01
1297.0,3.71300E-01
1298.0,3.91830E-01
1299.0,4.08520E-01
1300.0,3.53120E-01
1301.0,3.62280E-01
1302.0,3.91810E-01
1303.0,3.46210E-01
1304.0,3.00620E-01
1305.0,3.83820E-01
1306.0,3.84530E-01
1307.0,3.05940E-01
1308.0,3.46960E-01
1309.0,3.84130E-01
1310.0,3.01140E-01
1311.0,3.33660E-01
1312.0,3.33370E-01
1313.0,3.13520E-01
1314.0,2.88330E-01
1315.0,2.85810E-01
1316.0,3.24190E-01
1317.0,3.12170E-01
1318.0,3.33280E-01
1319.0,2.68550E-01
1320.0,2.58720E-01
1321.0,2.98660E-01
1322.0,3.02170E-01
1323.0,2.32790E-01
1324.0,2.62490E-01
1325.0,3.22240E-01
1326.0,2.80510E-01
1327.0,2.66250E-01
1328.0,2.34500E-01
1329.0,1.77590E-01
1330.0,2.29230E-01
1331.0,1.44800E-01
1332.0,1.45790E-01
1333.0,2.03040E-01
1334.0,1.69250E-01
1335.0,2.31170E-01
1336.0,1.83480E-01
1337.0,1.64540E-01
1338.0,1.78040E-01
1339.0,1.76810E-01
1340.0,1.68310E-01
1341.0,1.70390E-01
1342.0,1.77980E-01
1343.0,1.27110E-01
1344.0,7.56450E-02
1345.0,1.09040E-01
1346.0,5.81860E-02
1347.0,6.01190E-02
1348.0,4.74510E-03
1349.0,1.61590E-02
1350.0,1.60250E-02
1351.0,4.62980E-03
1352.0,1.51640E-03
1353.0,9.60960E-05
1354.0,2.90090E-04
1355.0,3.60340E-06
1356.0,4.80700E-05
1357.0,7.17860E-05
1358.0,4.19480E-06
1359.0,7.34390E-07
1360.0,2.14040E-06
1361.0,4.81330E-09
1362.0,1.80760E-11
1363.0,3.15630E-06
1364.0,1.35890E-06
1365.0,9.07640E-12
1366.0,1.27910E-05
1367.0,4.97640E-06
1368.0,1.48100E-13
1369.0,5.16670E-07
1370.0,2.92000E-07
1371.0,1.97310E-08
1372.0,2.74980E-06
1373.0,4.44010E-05
1374.0,1.79170E-04
1375.0,3.23320E-04
1376.0,2.57480E-04
1377.0,1.22700E-04
1378.0,1.10890E-03
1379.0,5.21640E-05
1380.0,8.15870E-05
1381.0,2.37160E-06
1382.0,2.56720E-06
1383.0,4.40170E-08
1384.0,6.16890E-07
1385.0,2.08990E-06
1386.0,2.52150E-06
1387.0,1.98960E-04
1388.0,4.02620E-06
1389.0,5.80980E-04
1390.0,4.93280E-04
1391.0,3.43840E-04
1392.0,2.37820E-05
1393.0,1.15860E-04
1394.0,7.55260E-05
1395.0,6.71360E-07
1396.0,6.32150E-09
1397.0,4.90570E-05
1398.0,1.27040E-03
1399.0,8.12260E-04
1400.0,3.24660E-09
1401.0,1.05280E-08
1402.0,1.83530E-03
1403.0,2.38000E-03
1404.0,7.38920E-04
1405.0,3.64440E-07
1406.0,2.04480E-03
1407.0,1.74570E-04
1408.0,1.64930E-03
1409.0,6.19190E-04
1410.0,4.66530E-04
1411.0,2.11420E-03
1412.0,2.63960E-03
1413.0,2.33530E-02
1414.0,3.63780E-04
1415.0,1.83660E-04
1416.0,3.55650E-02
1417.0,1.17590E-02
1418.0,1.35590E-02
1419.0,2.14420E-03
1420.0,8.27180E-03
1421.0,9.16370E-03
1422.0,4.63140E-02
1423.0,9.21980E-03
1424.0,1.69750E-02
1425.0,2.58500E-02
1426.0,2.77920E-02
1427.0,4.95460E-02
1428.0,4.55880E-03
1429.0,3.80200E-02
1430.0,6.16010E-02
1431.0,5.01560E-02
1432.0,2.51940E-03
1433.0,3.58340E-02
1434.0,2.09620E-02
1435.0,2.14160E-02
1436.0,3.83510E-02
1437.0,2.98800E-02
1438.0,1.32630E-02
1439.0,5.10390E-02
1440.0,3.96010E-02
1441.0,3.18000E-02
1442.0,3.63170E-02
1443.0,4.50630E-02
1444.0,6.17910E-02
1445.0,4.97510E-02
1446.0,2.30950E-02
1447.0,3.62150E-02
1448.0,1.15690E-01
1449.0,1.02130E-01
1450.0,2.74120E-02
1451.0,1.12710E-02
1452.0,6.23610E-02
1453.0,8.19780E-02
1454.0,1.37590E-01
1455.0,6.61500E-02
1456.0,8.85090E-02
1457.0,1.17000E-01
1458.0,1.36430E-01
1459.0,1.63070E-01
1460.0,8.54210E-02
1461.0,9.02760E-02
1462.0,1.30600E-01
1463.0,4.32250E-02
1464.0,1.51840E-01
1465.0,9.33830E-02
1466.0,6.51970E-02
1467.0,3.60540E-02
1468.0,7.69420E-02
1469.0,9.48450E-02
1470.0,4.96780E-02
1471.0,1.78480E-02
1472.0,4.67710E-02
1473.0,7.01980E-02
1474.0,9.73390E-02
1475.0,1.84630E-01
1476.0,6.87780E-02
1477.0,6.97360E-02
1478.0,6.34800E-02
1479.0,1.20010E-01
1480.0,6.06370E-02
1481.0,1.15290E-01
1482.0,5.84900E-02
1483.0,1.48590E-01
1484.0,1.37470E-01
1485.0,1.25030E-01
1486.0,1.23400E-01
1487.0,6.06290E-02
1488.0,9.41800E-02
1489.0,1.89730E-01
1490.0,1.74780E-01
1491.0,1.97780E-01
1492.0,1.64410E-01
1493.0,1.81570E-01
1494.0,2.03670E-01
1495.0,1.82530E-01
1496.0,1.68520E-01
1497.0,2.28500E-01
1498.0,1.89680E-01
1499.0,2.17590E-01
1500.0,2.50610E-01
1501.0,2.65520E-01
1502.0,2.33560E-01
1503.0,1.84930E-01
1504.0,1.60290E-01
1505.0,1.84020E-01
1506.0,2.57730E-01
1507.0,2.55140E-01
1508.0,2.43020E-01
1509.0,1.86900E-01
1510.0,2.70520E-01
1511.0,2.64740E-01
1512.0,2.60680E-01
1513.0,2.42390E-01
1514.0,2.25710E-01
1515.0,2.65730E-01
1516.0,2.56830E-01
1517.0,2.49290E-01
1518.0,2.52110E-01
1519.0,2.44370E-01
1520.0,2.64500E-01
1521.0,2.75050E-01
1522.0,2.63780E-01
1523.0,2.80040E-01
1524.0,2.75390E-01
1525.0,2.58840E-01
1526.0,2.67450E-01
1527.0,2.62200E-01
1528.0,2.79280E-01
1529.0,2.72440E-01
1530.0,2.55220E-01
1531.0,2.69730E-01
1532.0,2.78390E-01
1533.0,2.77140E-01
1534.0,2.68920E-01
1535.0,2.66860E-01
1536.0,2.74640E-01
1537.0,2.73360E-01
1538.0,2.72020E-01
1539.0,2.72950E-01
1540.0,2.64910E-01
1541.0,2.69040E-01
1542.0,2.69270E-01
1543.0,2.72080E-01
1544.0,2.72100E-01
1545.0,2.77050E-01
1546.0,2.74810E-01
1547.0,2.73090E-01
1548.0,2.66750E-01
1549.0,2.73420E-01
1550.0,2.69900E-01
1551.0,2.70580E-01
1552.0,2.71820E-01
1553.0,2.71320E-01
1554.0,2.64740E-01
1555.0,2.67590E-01
1556.0,2.63100E-01
1557.0,2.70620E-01
1558.0,2.68480E-01
1559.0,2.68080E-01
1560.0,2.65680E-01
1561.0,2.70020E-01
1562.0,2.67560E-01
1563.0,2.66670E-01
1564.0,2.62640E-01
1565.0,2.67280E-01
1566.0,2.62450E-01
1567.0,2.63080E-01
1568.0,2.57220E-01
1569.0,2.54520E-01
1570.0,2.41750E-01
1571.0,2.35070E-01
1572.0,2.37750E-01
1573.0,2.34070E-01
1574.0,2.41450E-01
1575.0,2.39740E-01
1576.0,2.46780E-01
1577.0,2.16020E-01
1578.0,2.35160E-01
1579.0,2.36720E-01
1580.0,2.44640E-01
1581.0,2.48700E-01
1582.0,2.41950E-01
1583.0,2.47550E-01
1584.0,2.49040E-01
1585.0,2.58740E-01
1586.0,2.55690E-01
1587.0,2.53030E-01
1588.0,2.51070E-01
1589.0,2.32330E-01
1590.0,2.41790E-01
1591.0,2.41970E-01
1592.0,2.52250E-01
1593.0,2.58330E-01
1594.0,2.56240E-01
1595.0,2.58230E-01
1596.0,2.44520E-01
1597.0,2.46920E-01
1598.0,2.54210E-01
1599.0,2.42020E-01
1600.0,2.38100E-01
1601.0,2.23230E-01
1602.0,2.24130E-01
1603.0,2.23970E-01
1604.0,2.28420E-01
1605.0,2.36830E-01
1606.0,2.41400E-01
1607.0,2.32960E-01
1608.0,2.29900E-01
1609.0,2.27270E-01
1610.0,2.17600E-01
1611.0,2.26800E-01
1612.0,2.30760E-01
1613.0,2.37190E-01
1614.0,2.38380E-01
1615.0,2.41040E-01
1616.0,2.30500E-01
1617.0,2.34650E-01
1618.0,2.43520E-01
1619.0,2.41000E-01
1620.0,2.34490E-01
1621.0,2.34300E-01
1622.0,2.37540E-01
1623.0,2.42460E-01
1624.0,2.42690E-01
1625.0,2.37820E-01
1626.0,2.39710E-01
1627.0,2.40780E-01
1628.0,2.41260E-01
1629.0,2.41370E-01
1630.0,2.36510E-01
1631.0,2.38060E-01
1632.0,2.38210E-01
1633.0,2.32670E-01
1634.0,2.32820E-01
1635.0,2.33670E-01
1636.0,2.35390E-01
1637.0,2.27000E-01
1638.0,2.20070E-01
1639.0,2.20260E-01
1640.0,2.15110E-01
1641.0,2.19600E-01
1642.0,2.20820E-01
1643.0,2.15350E-01
1644.0,2.23550E-01
1645.0,2.18220E-01
1646.0,2.17490E-01
1647.0,2.27680E-01
1648.0,2.16550E-01
1649.0,2.18670E-01
1650.0,2.25260E-01
1651.0,2.08550E-01
1652.0,2.23730E-01
1653.0,2.22770E-01
1654.0,2.15830E-01
1655.0,2.22310E-01
1656.0,2.21010E-01
1657.0,2.22230E-01
1658.0,2.24870E-01
1659.0,2.21200E-01
1660.0,2.23320E-01
1661.0,2.23840E-01
1662.0,2.19080E-01
1663.0,2.22350E-01
1664.0,2.20980E-01
1665.0,2.11780E-01
1666.0,1.78840E-01
1667.0,2.10680E-01
1668.0,2.14590E-01
1669.0,2.15160E-01
1670.0,2.21680E-01
1671.0,2.18790E-01
1672.0,2.11470E-01
1673.0,2.16290E-01
1674.0,2.15750E-01
1675.0,2.13600E-01
1676.0,2.11450E-01
1677.0,2.12290E-01
1678.0,2.09150E-01
1679.0,2.13030E-01
1680.0,2.05580E-01
1681.0,1.94470E-01
1682.0,2.03660E-01
1683.0,2.09060E-01
1684.0,1.97970E-01
1685.0,2.13210E-01
1686.0,2.10260E-01
1687.0,2.04840E-01
1688.0,2.10130E-01
1689.0,2.07180E-01
1690.0,2.05230E-01
1691.0,1.93030E-01
1692.0,2.07080E-01
1693.0,2.11340E-01
1694.0,2.04770E-01
1695.0,2.09680E-01
1696.0,2.09220E-01
1697.0,1.81070E-01
1698.0,2.07390E-01
1699.0,2.05510E-01
1700.0,1.99750E-01
1702.0,2.03960E-01
1705.0,1.97780E-01
1710.0,1.87900E-01
1715.0,1.89650E-01
1720.0,1.86980E-01
1725.0,1.78080E-01
1730.0,1.74070E-01
1735.0,1.61540E-01
1740.0,1.68180E-01
1745.0,1.54810E-01
1750.0,1.65660E-01
1755.0,1.53010E-01
1760.0,1.59980E-01
1765.0,1.32840E-01
1770.0,1.41720E-01
1775.0,1.14840E-01
1780.0,1.00500E-01
1785.0,7.69810E-02
1790.0,8.89040E-02
1795.0,4.69310E-02
1800.0,3.18280E-02
1805.0,1.48150E-02
1810.0,9.69110E-03
1815.0,3.28160E-03
1820.0,9.87550E-04
1825.0,1.27440E-03
1830.0,5.20410E-06
1835.0,6.41900E-06
1840.0,6.27030E-08
1845.0,6.26580E-06
1850.0,2.99930E-06
1855.0,2.83960E-07
1860.0,1.11510E-05
1865.0,1.69820E-05
1870.0,2.66620E-10
1875.0,4.51300E-10
1880.0,7.75050E-05
1885.0,4.38900E-05
1890.0,2.23330E-04
1895.0,1.29470E-04
1900.0,8.62210E-07
1905.0,5.66670E-07
1910.0,2.30450E-05
1915.0,1.99470E-05
1920.0,4.50690E-04
1925.0,9.36150E-04
1930.0,5.52420E-04
1935.0,3.59350E-03
1940.0,3.28210E-03
1945.0,1.08630E-02
1950.0,1.67270E-02
1955.0,1.00360E-02
1960.0,2.19060E-02
1965.0,2.85630E-02
1970.0,4.88470E-02
1975.0,6.78570E-02
1980.0,7.55120E-02
1985.0,8.30630E-02
1990.0,8.56130E-02
1995.0,8.11900E-02
2000.0,3.81560E-02
2005.0,1.50010E-02
2010.0,3.97480E-02
2015.0,2.66480E-02
2020.0,4.49810E-02
2025.0,7.40100E-02
2030.0,8.48560E-02
2035.0,9.63860E-02
2040.0,8.97810E-02
2045.0,9.10740E-02
2050.0,6.79270E-02
2055.0,5.49060E-02
2060.0,6.91930E-02
2065.0,6.18750E-02
2070.0,6.56760E-02
2075.0,7.74430E-02
2080.0,8.68120E-02
2085.0,8.51020E-02
2090.0,8.91000E-02
2095.0,8.97470E-02
2100.0,8.61330E-02
2105.0,9.31530E-02
2110.0,8.96540E-02
2115.0,9.16730E-02
2120.0,8.75880E-02
2125.0,8.86320E-02
2130.0,8.97740E-02
2135.0,9.00440E-02
2140.0,9.07670E-02
2145.0,8.94860E-02
2150.0,8.46390E-02
2155.0,8.48400E-02
2160.0,8.41700E-02
2165.0,7.63100E-02
2170.0,8.19960E-02
2175.0,8.04480E-02
2180.0,8.18080E-02
2185.0,7.45500E-02
2190.0,7.90680E-02
2195.0,7.89920E-02
2200.0,7.12020E-02
2205.0,7.40100E-02
2210.0,7.93150E-02
2215.0,7.62730E-02
2220.0,7.77300E-02
2225.0,7.54530E-02
2230.0,7.57730E-02
2235.0,7.42990E-02
2240.0,7.31180E-02
2245.0,7.08380E-02
2250.0,7.19370E-02
2255.0,6.76900E-02
2260.0,6.69290E-02
2265.0,6.81370E-02
2270.0,6.48670E-02
2275.0,6.40210E-02
2280.0,6.62880E-02
2285.0,6.30800E-02
2290.0,6.32200E-02
2295.0,6.12650E-02
2300.0,5.88240E-02
2305.0,5.91710E-02
2310.0,6.38700E-02
2315.0,5.81410E-02
2320.0,5.20310E-02
2325.0,5.62150E-02
2330.0,5.68240E-02
2335.0,5.79670E-02
2340.0,4.58360E-02
2345.0,5.14000E-02
2350.0,4.15360E-02
2355.0,4.74730E-02
2360.0,5.02370E-02
2365.0,4.94090E-02
2370.0,3.08170E-02
2375.0,4.41470E-02
2380.0,4.25520E-02
2385.0,3.08260E-02
2390.0,3.71090E-02
2395.0,4.05940E-02
2400.0,4.41500E-02
2405.0,3.35990E-02
2410.0,3.38130E-02
2415.0,2.73000E-02
2420.0,2.65900E-02
2425.0,3.30780E-02
2430.0,4.50990E-02
2435.0,1.48780E-02
2440.0,4.32490E-02
2445.0,2.07980E-02
2450.0,1.36110E-02
2455.0,2.48530E-02
2460.0,3.33630E-02
2465.0,2.41480E-02
2470.0,1.67270E-02
2475.0,1.64550E-02
2480.0,8.03950E-03
2485.0,5.61020E-03
2490.0,3.51130E-03
2495.0,2.87720E-03
2500.0,7.06420E-03
2505.0,1.51910E-03
2510.0,2.21630E-03
2515.0,5.18800E-04
2520.0,3.70540E-04
2525.0,4.13930E-05
2530.0,6.35930E-07
2535.0,1.75020E-07
2540.0,3.77160E-07
2545.0,5.37580E-11
2550.0,2.82220E-13
2555.0,1.04350E-09
2560.0,3.10200E-11
2565.0,1.59550E-14
2570.0,1.52580E-18
2575.0,1.07860E-27
2580.0,3.82140E-22
2585.0,1.71940E-34
2590.0,5.47930E-31
2595.0,2.28380E-33
2600.0,4.49120E-28
2605.0,5.80530E-35
2610.0,5.94470E-34
2615.0,1.11960E-37
2620.0,5.65050E-29
2625.0,3.86870E-28
2630.0,2.80260E-45
2635.0,3.90270E-16
2640.0,1.17500E-16
2645.0,8.99880E-19
2650.0,1.42950E-19
2655.0,1.31330E-27
2660.0,2.60680E-25
2665.0,1.11230E-37
2670.0,0.00000E+00
2675.0,0.00000E+00
2680.0,0.00000E+00
2685.0,0.00000E+00
2690.0,1.02260E-29
2695.0,7.12840E-33
2700.0,0.00000E+00
2705.0,2.93150E-42
2710.0,1.12500E-35
2715.0,3.85570E-26
2720.0,5.60520E-45
2725.0,7.29350E-22
2730.0,6.07340E-19
2735.0,5.48880E-21
2740.0,2.33140E-27
2745.0,1.31460E-23
2750.0,1.66480E-28
2755.0,6.72620E-44
2760.0,0.00000E+00
2765.0,2.67770E-27
2770.0,8.37910E-24
2775.0,3.99900E-38
2780.0,4.80670E-34
2785.0,3.88660E-27
2790.0,1.21700E-16
2795.0,3.62050E-16
2800.0,1.64840E-12
2805.0,6.74780E-14
2810.0,4.02330E-10
2815.0,2.86850E-10
2820.0,2.05480E-11
2825.0,1.76050E-07
2830.0,3.90080E-06
2835.0,2.12760E-10
2840.0,1.96090E-07
2845.0,4.05750E-05
2850.0,1.15660E-06
2855.0,4.48670E-07
2860.0,2.53560E-05
2865.0,1.67630E-04
2870.0,6.31290E-06
2875.0,3.91700E-04
2880.0,2.47240E-04
2885.0,4.53320E-04
2890.0,1.86230E-04
2895.0,2.66430E-03
2900.0,8.11520E-04
2905.0,1.10960E-04
2910.0,2.72200E-03
2915.0,1.25810E-03
2920.0,2.89480E-03
2925.0,1.08350E-03
2930.0,5.88580E-03
2935.0,6.49030E-03
2940.0,1.62730E-03
2945.0,1.44890E-03
2950.0,5.22760E-03
2955.0,2.33610E-03
2960.0,4.59710E-03
2965.0,7.43790E-03
2970.0,3.52330E-04
2975.0,8.54290E-04
2980.0,1.33810E-03
2985.0,6.96280E-03
2990.0,1.02800E-02
2995.0,4.27550E-03
3000.0,7.84720E-03
3005.0,2.89060E-03
3010.0,6.84790E-03
3015.0,5.55510E-03
3020.0,6.33690E-04
3025.0,7.50310E-03
3030.0,6.07530E-03
3035.0,2.49860E-03
3040.0,2.02420E-03
3045.0,4.20900E-03
3050.0,1.03210E-03
3055.0,2.89470E-04
3060.0,6.30120E-03
3065.0,2.91130E-03
3070.0,1.74920E-03
3075.0,6.02210E-03
3080.0,3.62240E-03
3085.0,1.76710E-03
3090.0,2.38050E-03
3095.0,6.55100E-04
3100.0,4.40100E-03
3105.0,9.21550E-04
3110.0,8.45690E-04
3115.0,2.26770E-03
3120.0,9.81970E-03
3125.0,3.02890E-03
3130.0,5.76140E-03
3135.0,1.14460E-02
3140.0,3.32410E-03
3145.0,3.25170E-03
3150.0,6.67440E-03
3155.0,5.63660E-03
3160.0,9.23200E-03
3165.0,1.40170E-02
3170.0,1.25160E-02
3175.0,9.23020E-03
3180.0,1.06210E-02
3185.0,8.08230E-03
3190.0,4.23880E-03
3195.0,2.69270E-03
3200.0,4.38430E-04
3205.0,3.09730E-04
3210.0,1.36340E-04
3215.0,4.97520E-04
3220.0,1.60890E-03
3225.0,1.98750E-04
3230.0,3.40800E-04
3235.0,7.29400E-03
3240.0,3.74640E-03
3245.0,7.34090E-04
3250.0,2.60670E-03
3255.0,9.93780E-03
3260.0,1.22480E-03
3265.0,2.44650E-03
3270.0,1.21860E-03
3275.0,5.92650E-03
3280.0,2.86440E-03
3285.0,1.11280E-02
3290.0,8.75710E-03
3295.0,1.22340E-03
3300.0,1.77940E-03
3305.0,3.94160E-03
3310.0,3.92350E-03
3315.0,1.61330E-05
3320.0,5.99870E-05
3325.0,3.51870E-03
3330.0,4.66160E-03
3335.0,9.06940E-03
3340.0,3.46020E-03
3345.0,3.54080E-03
3350.0,8.02770E-03
3355.0,3.63080E-03
3360.0,5.24020E-03
3365.0,7.19070E-03
3370.0,3.93890E-03
3375.0,8.45600E-03
3380.0,5.11150E-03
3385.0,7.48960E-03
3390.0,9.85520E-03
3395.0,9.54650E-03
3400.0,1.25090E-02
3405.0,4.45940E-03
3410.0,7.08020E-03
3415.0,7.27740E-03
3420.0,1.31650E-02
3425.0,1.00060E-02
3430.0,8.68920E-03
3435.0,1.15530E-02
3440.0,8.03480E-03
3445.0,1.13180E-02
3450.0,1.11530E-02
3455.0,8.30890E-03
3460.0,1.25300E-02
3465.0,9.81790E-03
3470.0,1.22640E-02
3475.0,1.09430E-02
3480.0,1.12240E-02
3485.0,1.20940E-02
3490.0,1.04190E-02
3495.0,1.22650E-02
3500.0,1.19170E-02
3505.0,1.18090E-02
3510.0,1.19630E-02
3515.0,1.14940E-02
3520.0,1.21220E-02
3525.0,1.14280E-02
3530.0,1.11270E-02
3535.0,9.45560E-03
3540.0,9.03100E-03
3545.0,9.54320E-03
3550.0,1.05380E-02
3555.0,9.05810E-03
3560.0,1.07950E-02
3565.0,1.08510E-02
3570.0,8.33760E-03
3575.0,8.64440E-03
3580.0,1.01870E-02
3585.0,9.16710E-03
3590.0,9.45230E-03
3595.0,9.67000E-03
3600.0,1.02620E-02
3605.0,1.03590E-02
3610.0,9.47870E-03
3615.0,9.47260E-03
3620.0,1.16140E-02
3625.0,1.02390E-02
3630.0,9.95500E-03
3635.0,1.02990E-02
3640.0,1.14800E-02
3645.0,1.05990E-02
3650.0,1.01230E-02
3655.0,1.09780E-02
3660.0,1.09140E-02
3665.0,1.02530E-02
3670.0,7.90030E-03
3675.0,4.82860E-03
3680.0,8.33120E-03
3685.0,9.43800E-03
3690.0,9.69220E-03
3695.0,1.01320E-02
3700.0,1.08780E-02
3705.0,1.07700E-02
3710.0,9.36400E-03
3715.0,9.22540E-03
3720.0,1.03760E-02
3725.0,1.06980E-02
3730.0,9.27070E-03
3735.0,8.58370E-03
3740.0,8.84940E-03
3745.0,1.03310E-02
3750.0,9.29030E-03
3755.0,8.99180E-03
3760.0,8.86330E-03
3765.0,8.55020E-03
3770.0,9.12430E-03
3775.0,9.05210E-03
3780.0,9.57460E-03
3785.0,8.81230E-03
3790.0,7.75640E-03
3795.0,8.86920E-03
3800.0,9.85920E-03
3805.0,9.30490E-03
3810.0,8.24510E-03
3815.0,7.75690E-03
3820.0,9.65500E-03
3825.0,9.50560E-03
3830.0,9.59250E-03
3835.0,7.69160E-03
3840.0,8.97560E-03
3845.0,8.78010E-03
3850.0,8.82740E-03
3855.0,8.50850E-03
3860.0,7.99400E-03
3865.0,8.09890E-03
3870.0,7.36040E-03
3875.0,6.76200E-03
3880.0,6.53400E-03
3885.0,6.77170E-03
3890.0,6.88180E-03
3895.0,7.47600E-03
3900.0,7.92540E-03
3905.0,7.92690E-03
3910.0,7.13530E-03
3915.0,6.98680E-03
3920.0,6.94660E-03
3925.0,6.85200E-03
3930.0,7.05020E-03
3935.0,7.35410E-03
3940.0,7.40270E-03
3945.0,7.54120E-03
3950.0,7.62770E-03
3955.0,7.71990E-03
3960.0,7.74820E-03
3965.0,7.80570E-03
3970.0,7.68060E-03
3975.0,7.50970E-03
3980.0,7.38720E-03
3985.0,7.43270E-03
3990.0,7.37230E-03
3995.0,7.21000E-03
4000.0,7.10430E-03
