300,1.6191,0.5912,2.272-1.9144i
301,1.612,0.5579,2.2873-1.7987i
302,1.6023,0.5233,2.2935-1.677i
303,1.5896,0.4873,2.2894-1.5492i
304,1.5735,0.4504,2.273-1.4174i
305,1.5539,0.4128,2.2442-1.2829i
306,1.5301,0.3748,2.2007-1.147i
307,1.5021,0.337,2.1427-1.0124i
308,1.4693,0.2999,2.0689-0.88129i
309,1.4317,0.2644,1.9799-0.75708i
310,1.3892,0.2313,1.8764-0.64264i
311,1.3417,0.2016,1.7595-0.54097i
312,1.2897,0.1766,1.6321-0.45552i
313,1.2339,0.1575,1.4977-0.38868i
314,1.1756,0.1458,1.3608-0.3428i
315,1.1173,0.1431,1.2279-0.31977i
316,1.065,0.1485,1.1122-0.3163i
317,1.0185,0.1546,1.0134-0.31492i
318,0.9745,0.1609,0.92376-0.31359i
319,0.932,0.1674,0.8406-0.31203i
320,0.8904,0.1744,0.7624-0.31057i
321,0.8492,0.182,0.68802-0.30911i
322,0.8083,0.1904,0.6171-0.3078i
323,0.7673,0.1996,0.54891-0.30631i
324,0.7261,0.2099,0.48316-0.30482i
325,0.6845,0.2216,0.41943-0.30337i
326,0.6424,0.2349,0.3575-0.3018i
327,0.5999,0.2503,0.29723-0.30031i
328,0.5571,0.2682,0.23843-0.29883i
329,0.5143,0.2891,0.18093-0.29737i
330,0.472,0.3135,0.1245-0.29594i
331,0.431,0.3415,0.069139-0.29437i
332,0.3924,0.3732,0.0147-0.29289i
333,0.3572,0.408,-0.038872-0.29148i
334,0.3259,0.4448,-0.091636-0.28992i
335,0.2988,0.4827,-0.14372-0.28846i
336,0.2756,0.5207,-0.19517-0.28701i
337,0.2559,0.558,-0.24588-0.28558i
338,0.239,0.5944,-0.29619-0.28412i
339,0.2245,0.6296,-0.346-0.28269i
340,0.212,0.6634,-0.39516-0.28128i
341,0.201,0.696,-0.44401-0.27979i
342,0.1914,0.7274,-0.49248-0.27845i
343,0.1828,0.7576,-0.54054-0.27698i
344,0.1752,0.7867,-0.5882-0.27566i
345,0.1683,0.8148,-0.63557-0.27426i
346,0.162,0.842,-0.68272-0.27281i
347,0.1564,0.8683,-0.72948-0.2716i
348,0.1511,0.8939,-0.77623-0.27014i
349,0.1463,0.9186,-0.82242-0.26878i
350,0.1419,0.9427,-0.86855-0.26754i
351,0.1378,0.9662,-0.91455-0.26628i
352,0.134,0.989,-0.96017-0.26505i
353,0.1304,1.0113,-1.0057-0.26375i
354,0.127,1.0331,-1.0512-0.26241i
355,0.1239,1.0544,-1.0964-0.26128i
356,0.1209,1.0752,-1.1414-0.25998i
357,0.1181,1.0956,-1.1864-0.25878i
358,0.1154,1.1156,-1.2312-0.25748i
359,0.1129,1.1352,-1.2759-0.25633i
360,0.1105,1.1545,-1.3207-0.25514i
361,0.1083,1.1734,-1.3651-0.25416i
362,0.1061,1.192,-1.4096-0.25294i
363,0.104,1.2103,-1.454-0.25174i
364,0.1021,1.2283,-1.4983-0.25082i
365,0.1002,1.246,-1.5425-0.2497i
366,0.0984,1.2635,-1.5867-0.24866i
367,0.0967,1.2807,-1.6308-0.24769i
368,0.095,1.2977,-1.675-0.24656i
369,0.0934,1.3144,-1.7189-0.24553i
370,0.0919,1.3309,-1.7628-0.24462i
371,0.0904,1.3473,-1.807-0.24359i
372,0.089,1.3634,-1.8509-0.24269i
373,0.0876,1.3793,-1.8948-0.24165i
374,0.0863,1.395,-1.9386-0.24078i
375,0.085,1.4106,-1.9826-0.2398i
376,0.0838,1.426,-2.0265-0.239i
377,0.0826,1.4412,-2.0702-0.23809i
378,0.0815,1.4563,-2.1142-0.23738i
379,0.0804,1.4712,-2.158-0.23657i
380,0.0793,1.486,-2.2019-0.23568i
381,0.0783,1.5006,-2.2457-0.23499i
382,0.0773,1.5151,-2.2896-0.23423i
383,0.0763,1.5295,-2.3335-0.2334i
384,0.0754,1.5437,-2.3773-0.23279i
385,0.0745,1.5579,-2.4215-0.23213i
386,0.0736,1.5718,-2.4651-0.23137i
387,0.0727,1.5857,-2.5092-0.23056i
388,0.0719,1.5995,-2.5532-0.23001i
389,0.0711,1.6132,-2.5974-0.2294i
390,0.0703,1.6267,-2.6412-0.22871i
391,0.0696,1.6402,-2.6854-0.22832i
392,0.0688,1.6535,-2.7293-0.22752i
393,0.0681,1.6668,-2.7736-0.22702i
394,0.0674,1.6799,-2.8175-0.22645i
395,0.0668,1.693,-2.8618-0.22618i
396,0.0661,1.706,-2.9061-0.22553i
397,0.0655,1.7189,-2.9503-0.22518i
398,0.0649,1.7317,-2.9946-0.22477i
399,0.0643,1.7444,-3.0388-0.22433i
400,0.0637,1.7571,-3.0833-0.22385i
401,0.0631,1.7697,-3.1279-0.22334i
402,0.0626,1.7821,-3.172-0.22312i
403,0.062,1.7946,-3.2167-0.22253i
404,0.0615,1.8069,-3.2611-0.22225i
405,0.061,1.8192,-3.3058-0.22194i
406,0.0605,1.8314,-3.3504-0.2216i
407,0.06,1.8436,-3.3953-0.22123i
408,0.0596,1.8557,-3.4401-0.2212i
409,0.0591,1.8677,-3.4848-0.22076i
410,0.0587,1.8796,-3.5295-0.22067i
411,0.0582,1.8915,-3.5744-0.22017i
412,0.0578,1.9034,-3.6196-0.22003i
413,0.0574,1.9151,-3.6643-0.21985i
414,0.057,1.9269,-3.7097-0.21967i
415,0.0566,1.9385,-3.7546-0.21944i
416,0.0563,1.9502,-3.8001-0.21959i
417,0.0559,1.9617,-3.8451-0.21932i
418,0.0556,1.9732,-3.8904-0.21942i
419,0.0552,1.9847,-3.936-0.21911i
420,0.0549,1.9961,-3.9814-0.21917i
421,0.0546,2.0074,-4.0267-0.21921i
422,0.0542,2.0187,-4.0722-0.21883i
423,0.0539,2.03,-4.118-0.21883i
424,0.0536,2.0412,-4.1636-0.21882i
425,0.0533,2.0524,-4.2095-0.21879i
426,0.0531,2.0635,-4.2552-0.21914i
427,0.0528,2.0746,-4.3012-0.21908i
428,0.0525,2.0856,-4.347-0.21899i
429,0.0523,2.0966,-4.393-0.2193i
430,0.052,2.1076,-4.4393-0.21919i
431,0.0518,2.1185,-4.4854-0.21948i
432,0.0515,2.1294,-4.5317-0.21933i
433,0.0513,2.1402,-4.5778-0.21958i
434,0.0511,2.151,-4.6242-0.21983i
435,0.0509,2.1618,-4.6708-0.22007i
436,0.0507,2.1725,-4.7172-0.22029i
437,0.0505,2.1832,-4.7638-0.2205i
438,0.0503,2.1938,-4.8102-0.2207i
439,0.0501,2.2045,-4.8573-0.22089i
440,0.0499,2.215,-4.9037-0.22106i
441,0.0497,2.2256,-4.9508-0.22122i
442,0.0495,2.2361,-4.9977-0.22137i
443,0.0494,2.2466,-5.0448-0.22196i
444,0.0492,2.257,-5.0916-0.22209i
445,0.049,2.2675,-5.1392-0.22222i
446,0.0489,2.2778,-5.186-0.22277i
447,0.0487,2.2882,-5.2335-0.22287i
448,0.0486,2.2985,-5.2807-0.22341i
449,0.0485,2.3088,-5.3282-0.22395i
450,0.0483,2.3191,-5.3759-0.22403i
451,0.0482,2.3293,-5.4233-0.22454i
452,0.0481,2.3395,-5.4709-0.22506i
453,0.048,2.3497,-5.5188-0.22557i
454,0.0478,2.3599,-5.5668-0.22561i
455,0.0477,2.37,-5.6146-0.2261i
456,0.0476,2.3801,-5.6626-0.22659i
457,0.0475,2.3902,-5.7108-0.22707i
458,0.0474,2.4002,-5.7587-0.22754i
459,0.0473,2.4103,-5.8073-0.22801i
460,0.0472,2.4203,-5.8556-0.22848i
461,0.0472,2.4302,-5.9036-0.22941i
462,0.0471,2.4402,-5.9524-0.22987i
463,0.047,2.4501,-6.0008-0.23031i
464,0.0469,2.46,-6.0494-0.23075i
465,0.0468,2.4699,-6.0982-0.23118i
466,0.0468,2.4797,-6.1467-0.2321i
467,0.0467,2.4896,-6.1959-0.23253i
468,0.0467,2.4994,-6.2448-0.23344i
469,0.0466,2.5092,-6.2939-0.23386i
470,0.0465,2.5189,-6.3427-0.23426i
471,0.0465,2.5287,-6.3922-0.23517i
472,0.0464,2.5384,-6.4413-0.23556i
473,0.0464,2.5481,-6.4907-0.23646i
474,0.0464,2.5578,-6.5402-0.23736i
475,0.0463,2.5675,-6.5899-0.23775i
476,0.0463,2.5771,-6.6393-0.23864i
477,0.0462,2.5867,-6.6889-0.23901i
478,0.0462,2.5963,-6.7386-0.2399i
479,0.0462,2.6059,-6.7886-0.24079i
480,0.0462,2.6155,-6.8387-0.24167i
481,0.0461,2.625,-6.8885-0.24203i
482,0.0461,2.6345,-6.9385-0.2429i
483,0.0461,2.644,-6.9886-0.24378i
484,0.0461,2.6535,-7.0389-0.24465i
485,0.0461,2.663,-7.0894-0.24553i
486,0.0461,2.6725,-7.1401-0.2464i
487,0.0461,2.6819,-7.1905-0.24727i
488,0.046,2.6913,-7.241-0.2476i
489,0.046,2.7007,-7.2917-0.24846i
490,0.046,2.7101,-7.3425-0.24933i
491,0.046,2.7195,-7.3936-0.25019i
492,0.046,2.7288,-7.4442-0.25105i
493,0.0461,2.7381,-7.4951-0.25245i
494,0.0461,2.7475,-7.5466-0.25332i
495,0.0461,2.7568,-7.5978-0.25418i
496,0.0461,2.7661,-7.6492-0.25503i
497,0.0461,2.7753,-7.7002-0.25588i
498,0.0461,2.7846,-7.7519-0.25674i
499,0.0461,2.7938,-7.8032-0.25759i
500,0.0461,2.8031,-7.8552-0.25845i
501,0.0462,2.8123,-7.9069-0.25986i
502,0.0462,2.8215,-7.9587-0.26071i
503,0.0462,2.8306,-8.0102-0.26155i
504,0.0462,2.8398,-8.0623-0.2624i
505,0.0463,2.849,-8.1147-0.26382i
506,0.0463,2.8581,-8.1666-0.26466i
507,0.0463,2.8672,-8.2187-0.2655i
508,0.0464,2.8763,-8.2709-0.26692i
509,0.0464,2.8854,-8.3234-0.26777i
510,0.0464,2.8945,-8.376-0.26861i
511,0.0465,2.9036,-8.4287-0.27003i
512,0.0465,2.9127,-8.4817-0.27088i
513,0.0466,2.9217,-8.5342-0.2723i
514,0.0466,2.9307,-8.5868-0.27314i
515,0.0467,2.9398,-8.6402-0.27458i
516,0.0467,2.9488,-8.6932-0.27542i
517,0.0467,2.9578,-8.7464-0.27626i
518,0.0468,2.9667,-8.7991-0.27768i
519,0.0468,2.9757,-8.8526-0.27853i
520,0.0469,2.9847,-8.9062-0.27996i
521,0.047,2.9936,-8.9594-0.2814i
522,0.047,3.0026,-9.0134-0.28224i
523,0.0471,3.0115,-9.0669-0.28368i
524,0.0471,3.0204,-9.1206-0.28452i
525,0.0472,3.0293,-9.1744-0.28597i
526,0.0472,3.0382,-9.2284-0.28681i
527,0.0473,3.0471,-9.2826-0.28826i
528,0.0474,3.0559,-9.3363-0.2897i
529,0.0474,3.0648,-9.3908-0.29054i
530,0.0475,3.0736,-9.4448-0.29199i
531,0.0476,3.0825,-9.4995-0.29345i
532,0.0476,3.0913,-9.5539-0.29429i
533,0.0477,3.1001,-9.6083-0.29575i
534,0.0478,3.1089,-9.663-0.29721i
535,0.0478,3.1177,-9.7178-0.29805i
536,0.0479,3.1265,-9.7727-0.29952i
537,0.048,3.1353,-9.8278-0.30099i
538,0.0481,3.144,-9.8824-0.30245i
539,0.0481,3.1528,-9.9378-0.3033i
540,0.0482,3.1615,-9.9928-0.30477i
541,0.0483,3.1702,-10.048-0.30624i
542,0.0484,3.179,-10.104-0.30773i
543,0.0485,3.1877,-10.159-0.30921i
544,0.0485,3.1964,-10.215-0.31005i
545,0.0486,3.2051,-10.27-0.31154i
546,0.0487,3.2138,-10.326-0.31302i
547,0.0488,3.2224,-10.381-0.31451i
548,0.0489,3.2311,-10.438-0.316i
549,0.049,3.2398,-10.494-0.3175i
550,0.049,3.2484,-10.55-0.31834i
551,0.0491,3.2571,-10.606-0.31985i
552,0.0492,3.2657,-10.662-0.32134i
553,0.0493,3.2743,-10.719-0.32285i
554,0.0494,3.2829,-10.775-0.32435i
555,0.0495,3.2915,-10.832-0.32586i
556,0.0496,3.3001,-10.888-0.32737i
557,0.0497,3.3087,-10.945-0.32888i
558,0.0498,3.3173,-11.002-0.3304i
559,0.0499,3.3259,-11.059-0.33192i
560,0.05,3.3344,-11.116-0.33344i
561,0.0501,3.343,-11.173-0.33497i
562,0.0502,3.3515,-11.23-0.33649i
563,0.0503,3.3601,-11.288-0.33803i
564,0.0504,3.3686,-11.345-0.33955i
565,0.0505,3.3771,-11.402-0.34109i
566,0.0506,3.3857,-11.46-0.34263i
567,0.0507,3.3942,-11.518-0.34417i
568,0.0508,3.4027,-11.576-0.34571i
569,0.0509,3.4112,-11.634-0.34726i
570,0.051,3.4196,-11.691-0.3488i
571,0.0511,3.4281,-11.749-0.35035i
572,0.0512,3.4366,-11.808-0.35191i
573,0.0513,3.4451,-11.866-0.35347i
574,0.0514,3.4535,-11.924-0.35502i
575,0.0515,3.462,-11.983-0.35659i
576,0.0516,3.4704,-12.041-0.35815i
577,0.0517,3.4789,-12.1-0.35972i
578,0.0518,3.4873,-12.159-0.36128i
579,0.052,3.4957,-12.217-0.36355i
580,0.0521,3.5041,-12.276-0.36513i
581,0.0522,3.5125,-12.335-0.36671i
582,0.0523,3.5209,-12.394-0.36829i
583,0.0524,3.5293,-12.453-0.36987i
584,0.0525,3.5377,-12.513-0.37146i
585,0.0526,3.5461,-12.572-0.37305i
586,0.0527,3.5545,-12.632-0.37464i
587,0.0529,3.5628,-12.691-0.37694i
588,0.053,3.5712,-12.751-0.37855i
589,0.0531,3.5796,-12.811-0.38015i
590,0.0532,3.5879,-12.87-0.38175i
591,0.0533,3.5962,-12.93-0.38335i
592,0.0535,3.6046,-12.99-0.38569i
593,0.0536,3.6129,-13.05-0.3873i
594,0.0537,3.6212,-13.11-0.38892i
595,0.0538,3.6296,-13.171-0.39054i
596,0.0539,3.6379,-13.231-0.39217i
597,0.0541,3.6462,-13.292-0.39452i
598,0.0542,3.6545,-13.352-0.39615i
599,0.0543,3.6628,-13.413-0.39778i
600,0.0544,3.6711,-13.474-0.39942i
601,0.0546,3.6793,-13.534-0.40178i
602,0.0547,3.6876,-13.595-0.40342i
603,0.0548,3.6959,-13.657-0.40507i
604,0.0549,3.7042,-13.718-0.40672i
605,0.0551,3.7124,-13.779-0.40911i
606,0.0552,3.7207,-13.841-0.41077i
607,0.0553,3.7289,-13.902-0.41242i
608,0.0554,3.7372,-13.964-0.41408i
609,0.0556,3.7454,-14.025-0.41649i
610,0.0557,3.7536,-14.086-0.41815i
611,0.0558,3.7619,-14.149-0.41983i
612,0.056,3.7701,-14.211-0.42225i
613,0.0561,3.7783,-14.272-0.42393i
614,0.0562,3.7865,-14.334-0.4256i
615,0.0564,3.7947,-14.397-0.42804i
616,0.0565,3.8029,-14.459-0.42973i
617,0.0566,3.8111,-14.521-0.43142i
618,0.0568,3.8193,-14.584-0.43387i
619,0.0569,3.8275,-14.647-0.43557i
620,0.057,3.8357,-14.709-0.43727i
621,0.0572,3.8438,-14.772-0.43973i
622,0.0573,3.852,-14.835-0.44144i
623,0.0574,3.8602,-14.898-0.44315i
624,0.0576,3.8683,-14.96-0.44563i
625,0.0577,3.8765,-15.024-0.44735i
626,0.0579,3.8847,-15.088-0.44985i
627,0.058,3.8928,-15.151-0.45156i
628,0.0581,3.9009,-15.214-0.45328i
629,0.0583,3.9091,-15.278-0.4558i
630,0.0584,3.9172,-15.341-0.45753i
631,0.0586,3.9253,-15.405-0.46005i
632,0.0587,3.9335,-15.469-0.46179i
633,0.0588,3.9416,-15.533-0.46353i
634,0.059,3.9497,-15.597-0.46606i
635,0.0591,3.9578,-15.661-0.46781i
636,0.0593,3.9659,-15.725-0.47036i
637,0.0594,3.974,-15.789-0.47211i
638,0.0595,3.9821,-15.854-0.47387i
639,0.0597,3.9902,-15.918-0.47643i
640,0.0598,3.9983,-15.983-0.4782i
641,0.06,4.0064,-16.048-0.48077i
642,0.0601,4.0144,-16.112-0.48253i
643,0.0603,4.0225,-16.177-0.48511i
644,0.0604,4.0306,-16.242-0.4869i
645,0.0606,4.0387,-16.307-0.48949i
646,0.0607,4.0467,-16.372-0.49127i
647,0.0609,4.0548,-16.438-0.49387i
648,0.061,4.0628,-16.503-0.49566i
649,0.0612,4.0709,-16.568-0.49828i
650,0.0613,4.0789,-16.634-0.50007i
651,0.0614,4.087,-16.7-0.50188i
652,0.0616,4.095,-16.765-0.5045i
653,0.0617,4.103,-16.831-0.50631i
654,0.0619,4.1111,-16.897-0.50895i
655,0.062,4.1191,-16.963-0.51077i
656,0.0622,4.1271,-17.029-0.51341i
657,0.0624,4.1351,-17.095-0.51606i
658,0.0625,4.1431,-17.161-0.51789i
659,0.0627,4.1511,-17.228-0.52055i
660,0.0628,4.1592,-17.295-0.5224i
661,0.063,4.1672,-17.362-0.52507i
662,0.0631,4.1752,-17.428-0.52691i
663,0.0633,4.1831,-17.494-0.52958i
664,0.0634,4.1911,-17.561-0.53143i
665,0.0636,4.1991,-17.628-0.53413i
666,0.0637,4.2071,-17.696-0.53598i
667,0.0639,4.2151,-17.763-0.53869i
668,0.064,4.2231,-17.83-0.54056i
669,0.0642,4.231,-17.897-0.54326i
670,0.0644,4.239,-17.965-0.54598i
671,0.0645,4.247,-18.033-0.54786i
672,0.0647,4.2549,-18.1-0.55058i
673,0.0648,4.2629,-18.168-0.55247i
674,0.065,4.2708,-18.236-0.5552i
675,0.0651,4.2788,-18.304-0.5571i
676,0.0653,4.2867,-18.372-0.55984i
677,0.0655,4.2947,-18.44-0.56261i
678,0.0656,4.3026,-18.508-0.5645i
679,0.0658,4.3106,-18.577-0.56727i
680,0.0659,4.3185,-18.645-0.56918i
681,0.0661,4.3264,-18.713-0.57195i
682,0.0663,4.3344,-18.783-0.57474i
683,0.0664,4.3423,-18.851-0.57666i
684,0.0666,4.3502,-18.92-0.57945i
685,0.0667,4.3581,-18.989-0.58137i
686,0.0669,4.366,-19.057-0.58417i
687,0.0671,4.3739,-19.126-0.58698i
688,0.0672,4.3819,-19.197-0.58893i
689,0.0674,4.3898,-19.266-0.59175i
690,0.0676,4.3977,-19.335-0.59457i
691,0.0677,4.4056,-19.405-0.59652i
692,0.0679,4.4135,-19.474-0.59935i
693,0.0681,4.4214,-19.544-0.60219i
694,0.0682,4.4292,-19.613-0.60414i
695,0.0684,4.4371,-19.683-0.607i
696,0.0686,4.445,-19.753-0.60985i
697,0.0687,4.4529,-19.824-0.61183i
698,0.0689,4.4608,-19.894-0.6147i
699,0.0691,4.4686,-19.964-0.61756i
700,0.0692,4.4765,-20.034-0.61955i
701,0.0694,4.4844,-20.105-0.62243i
702,0.0696,4.4922,-20.175-0.62531i
703,0.0697,4.5001,-20.246-0.62731i
704,0.0699,4.508,-20.317-0.63022i
705,0.0701,4.5158,-20.388-0.63312i
706,0.0702,4.5237,-20.459-0.63513i
707,0.0704,4.5315,-20.53-0.63804i
708,0.0706,4.5394,-20.601-0.64096i
709,0.0707,4.5472,-20.672-0.64297i
710,0.0709,4.5551,-20.744-0.64591i
711,0.0711,4.5629,-20.815-0.64884i
712,0.0713,4.5707,-20.886-0.65178i
713,0.0714,4.5786,-20.958-0.65382i
714,0.0716,4.5864,-21.03-0.65677i
715,0.0718,4.5942,-21.102-0.65973i
716,0.0719,4.6021,-21.174-0.66178i
717,0.0721,4.6099,-21.246-0.66475i
718,0.0723,4.6177,-21.318-0.66772i
719,0.0725,4.6255,-21.39-0.6707i
720,0.0726,4.6333,-21.462-0.67276i
721,0.0728,4.6412,-21.535-0.67576i
722,0.073,4.649,-21.608-0.67875i
723,0.0732,4.6568,-21.68-0.68176i
724,0.0733,4.6646,-21.753-0.68383i
725,0.0735,4.6724,-21.826-0.68684i
726,0.0737,4.6802,-21.899-0.68986i
727,0.0739,4.688,-21.972-0.69289i
728,0.074,4.6958,-22.045-0.69498i
729,0.0742,4.7036,-22.118-0.69801i
730,0.0744,4.7113,-22.191-0.70104i
731,0.0746,4.7191,-22.264-0.70409i
732,0.0747,4.7269,-22.338-0.7062i
733,0.0749,4.7347,-22.412-0.70926i
734,0.0751,4.7425,-22.486-0.71232i
735,0.0753,4.7503,-22.56-0.7154i
736,0.0755,4.758,-22.633-0.71846i
737,0.0756,4.7658,-22.707-0.72059i
738,0.0758,4.7736,-22.782-0.72368i
739,0.076,4.7813,-22.855-0.72676i
740,0.0762,4.7891,-22.93-0.72986i
741,0.0764,4.7969,-23.004-0.73297i
742,0.0765,4.8046,-23.078-0.7351i
743,0.0767,4.8124,-23.153-0.73822i
744,0.0769,4.8201,-23.227-0.74133i
745,0.0771,4.8279,-23.303-0.74446i
746,0.0773,4.8356,-23.377-0.74758i
747,0.0775,4.8434,-23.453-0.75073i
748,0.0776,4.8511,-23.527-0.75289i
749,0.0778,4.8589,-23.603-0.75604i
750,0.078,4.8666,-23.678-0.75919i
751,0.0782,4.8744,-23.754-0.76236i
752,0.0784,4.8821,-23.829-0.76551i
753,0.0786,4.8898,-23.904-0.76868i
754,0.0787,4.8976,-23.98-0.77088i
755,0.0789,4.9053,-24.056-0.77406i
756,0.0791,4.913,-24.131-0.77724i
757,0.0793,4.9208,-24.208-0.78044i
758,0.0795,4.9285,-24.284-0.78363i
759,0.0797,4.9362,-24.36-0.78683i
760,0.0798,4.9439,-24.436-0.78905i
761,0.08,4.9516,-24.512-0.79226i
762,0.0802,4.9594,-24.589-0.79549i
763,0.0804,4.9671,-24.666-0.79871i
764,0.0806,4.9748,-24.742-0.80194i
765,0.0808,4.9825,-24.819-0.80517i
766,0.081,4.9902,-24.896-0.80841i
767,0.0812,4.9979,-24.972-0.81166i
768,0.0813,5.0056,-25.049-0.81391i
769,0.0815,5.0133,-25.127-0.81717i
770,0.0817,5.021,-25.204-0.82043i
771,0.0819,5.0287,-25.281-0.8237i
772,0.0821,5.0364,-25.359-0.82698i
773,0.0823,5.0441,-25.436-0.83026i
774,0.0825,5.0518,-25.514-0.83355i
775,0.0827,5.0595,-25.592-0.83684i
776,0.0829,5.0672,-25.67-0.84014i
777,0.0831,5.0749,-25.748-0.84345i
778,0.0833,5.0825,-25.825-0.84674i
779,0.0834,5.0902,-25.903-0.84905i
780,0.0836,5.0979,-25.982-0.85237i
781,0.0838,5.1056,-26.06-0.8557i
782,0.084,5.1132,-26.138-0.85902i
783,0.0842,5.1209,-26.217-0.86236i
784,0.0844,5.1286,-26.295-0.86571i
785,0.0846,5.1363,-26.374-0.86906i
786,0.0848,5.1439,-26.453-0.87241i
787,0.085,5.1516,-26.532-0.87577i
788,0.0852,5.1593,-26.611-0.87914i
789,0.0854,5.1669,-26.69-0.88251i
790,0.0856,5.1746,-26.769-0.88589i
791,0.0858,5.1822,-26.848-0.88927i
792,0.086,5.1899,-26.928-0.89266i
793,0.0862,5.1976,-27.008-0.89607i
794,0.0864,5.2052,-27.087-0.89946i
795,0.0866,5.2129,-27.167-0.90287i
796,0.0867,5.2205,-27.246-0.90523i
797,0.0869,5.2282,-27.327-0.90866i
798,0.0871,5.2358,-27.406-0.91208i
799,0.0873,5.2434,-27.486-0.9155i
800,0.0875,5.2511,-27.566-0.91894i
801,0.0877,5.2587,-27.646-0.92238i
802,0.0879,5.2664,-27.727-0.92583i
803,0.0881,5.274,-27.807-0.92928i
804,0.0883,5.2816,-27.888-0.93273i
805,0.0885,5.2893,-27.969-0.93621i
806,0.0887,5.2969,-28.049-0.93967i
807,0.0889,5.3045,-28.13-0.94314i
808,0.0891,5.3122,-28.212-0.94663i
809,0.0893,5.3198,-28.292-0.95012i
810,0.0895,5.3274,-28.373-0.9536i
811,0.0897,5.335,-28.454-0.9571i
812,0.0899,5.3427,-28.536-0.96062i
813,0.0901,5.3503,-28.618-0.96412i
814,0.0903,5.3579,-28.699-0.96764i
815,0.0905,5.3655,-28.78-0.97116i
816,0.0907,5.3731,-28.862-0.97468i
817,0.0909,5.3808,-28.945-0.97823i
818,0.0911,5.3884,-29.027-0.98177i
819,0.0914,5.396,-29.108-0.98639i
820,0.0916,5.4036,-29.191-0.98994i
821,0.0918,5.4112,-29.273-0.9935i
822,0.092,5.4188,-29.355-0.99706i
823,0.0922,5.4264,-29.437-1.0006i
824,0.0924,5.434,-29.52-1.0042i
825,0.0926,5.4416,-29.602-1.0078i
826,0.0928,5.4492,-29.685-1.0114i
827,0.093,5.4568,-29.768-1.015i
828,0.0932,5.4644,-29.851-1.0186i
829,0.0934,5.472,-29.934-1.0222i
830,0.0936,5.4796,-30.017-1.0258i
831,0.0938,5.4872,-30.101-1.0294i
832,0.094,5.4948,-30.184-1.033i
833,0.0942,5.5024,-30.268-1.0367i
834,0.0944,5.5099,-30.35-1.0403i
835,0.0946,5.5175,-30.434-1.0439i
836,0.0948,5.5251,-30.518-1.0476i
837,0.0951,5.5327,-30.602-1.0523i
838,0.0953,5.5403,-30.686-1.056i
839,0.0955,5.5479,-30.77-1.0596i
840,0.0957,5.5554,-30.853-1.0633i
841,0.0959,5.563,-30.938-1.067i
842,0.0961,5.5706,-31.022-1.0707i
843,0.0963,5.5782,-31.107-1.0744i
844,0.0965,5.5857,-31.191-1.078i
845,0.0967,5.5933,-31.276-1.0817i
846,0.0969,5.6009,-31.361-1.0855i
847,0.0972,5.6084,-31.445-1.0903i
848,0.0974,5.616,-31.53-1.094i
849,0.0976,5.6236,-31.615-1.0977i
850,0.0978,5.6311,-31.7-1.1014i
851,0.098,5.6387,-31.785-1.1052i
852,0.0982,5.6463,-31.871-1.1089i
853,0.0984,5.6538,-31.956-1.1127i
854,0.0986,5.6614,-32.042-1.1164i
855,0.0988,5.6689,-32.127-1.1202i
856,0.0991,5.6765,-32.213-1.1251i
857,0.0993,5.6841,-32.299-1.1289i
858,0.0995,5.6916,-32.384-1.1326i
859,0.0997,5.6992,-32.471-1.1364i
860,0.0999,5.7067,-32.556-1.1402i
861,0.1001,5.7143,-32.643-1.144i
862,0.1003,5.7218,-32.729-1.1478i
863,0.1006,5.7294,-32.816-1.1528i
864,0.1008,5.7369,-32.902-1.1566i
865,0.101,5.7444,-32.988-1.1604i
866,0.1012,5.752,-33.075-1.1642i
867,0.1014,5.7595,-33.162-1.168i
868,0.1016,5.7671,-33.249-1.1719i
869,0.1019,5.7746,-33.336-1.1769i
870,0.1021,5.7821,-33.422-1.1807i
871,0.1023,5.7897,-33.51-1.1846i
872,0.1025,5.7972,-33.597-1.1884i
873,0.1027,5.8048,-33.685-1.1923i
874,0.1029,5.8123,-33.772-1.1962i
875,0.1032,5.8198,-33.859-1.2012i
876,0.1034,5.8273,-33.947-1.2051i
877,0.1036,5.8349,-34.035-1.209i
878,0.1038,5.8424,-34.123-1.2129i
879,0.104,5.8499,-34.211-1.2168i
880,0.1043,5.8575,-34.299-1.2219i
881,0.1045,5.865,-34.387-1.2258i
882,0.1047,5.8725,-34.475-1.2297i
883,0.1049,5.88,-34.563-1.2336i
884,0.1051,5.8875,-34.652-1.2376i
885,0.1054,5.8951,-34.741-1.2427i
886,0.1056,5.9026,-34.83-1.2466i
887,0.1058,5.9101,-34.918-1.2506i
888,0.106,5.9176,-35.007-1.2545i
889,0.1063,5.9251,-35.096-1.2597i
890,0.1065,5.9326,-35.184-1.2636i
891,0.1067,5.9401,-35.273-1.2676i
892,0.1069,5.9477,-35.364-1.2716i
893,0.1071,5.9552,-35.453-1.2756i
894,0.1074,5.9627,-35.542-1.2808i
895,0.1076,5.9702,-35.632-1.2848i
896,0.1078,5.9777,-35.721-1.2888i
897,0.108,5.9852,-35.811-1.2928i
898,0.1083,5.9927,-35.901-1.298i
899,0.1085,6.0002,-35.991-1.302i
900,0.1087,6.0077,-36.081-1.3061i
901,0.1089,6.0152,-36.171-1.3101i
902,0.1092,6.0227,-36.261-1.3154i
903,0.1094,6.0302,-36.351-1.3194i
904,0.1096,6.0377,-36.442-1.3235i
905,0.1098,6.0452,-36.532-1.3275i
906,0.1101,6.0527,-36.623-1.3328i
907,0.1103,6.0602,-36.714-1.3369i
908,0.1105,6.0677,-36.805-1.341i
909,0.1108,6.0752,-36.896-1.3463i
910,0.111,6.0826,-36.986-1.3503i
911,0.1112,6.0901,-37.077-1.3544i
912,0.1114,6.0976,-37.168-1.3585i
913,0.1117,6.1051,-37.26-1.3639i
914,0.1119,6.1126,-37.351-1.368i
915,0.1121,6.1201,-37.443-1.3721i
916,0.1124,6.1276,-37.535-1.3775i
917,0.1126,6.135,-37.626-1.3816i
918,0.1128,6.1425,-37.718-1.3857i
919,0.113,6.15,-37.81-1.3899i
920,0.1133,6.1575,-37.902-1.3953i
921,0.1135,6.165,-37.994-1.3995i
922,0.1137,6.1724,-38.086-1.4036i
923,0.114,6.1799,-38.178-1.409i
924,0.1142,6.1874,-38.271-1.4132i
925,0.1144,6.1949,-38.364-1.4174i
926,0.1147,6.2023,-38.455-1.4228i
927,0.1149,6.2098,-38.548-1.427i
928,0.1151,6.2173,-38.642-1.4312i
929,0.1154,6.2248,-38.735-1.4367i
930,0.1156,6.2322,-38.827-1.4409i
931,0.1158,6.2397,-38.92-1.4451i
932,0.1161,6.2472,-39.014-1.4506i
933,0.1163,6.2546,-39.106-1.4548i
934,0.1165,6.2621,-39.2-1.4591i
935,0.1168,6.2696,-39.294-1.4646i
936,0.117,6.277,-39.387-1.4688i
937,0.1172,6.2845,-39.481-1.4731i
938,0.1175,6.2919,-39.574-1.4786i
939,0.1177,6.2994,-39.669-1.4829i
940,0.1179,6.3069,-39.763-1.4872i
941,0.1182,6.3143,-39.856-1.4927i
942,0.1184,6.3218,-39.951-1.497i
943,0.1186,6.3292,-40.045-1.5013i
944,0.1189,6.3367,-40.14-1.5069i
945,0.1191,6.3441,-40.233-1.5112i
946,0.1194,6.3516,-40.329-1.5168i
947,0.1196,6.359,-40.423-1.5211i
948,0.1198,6.3665,-40.518-1.5254i
949,0.1201,6.3739,-40.612-1.531i
950,0.1203,6.3814,-40.708-1.5354i
951,0.1205,6.3888,-40.802-1.5397i
952,0.1208,6.3963,-40.898-1.5453i
953,0.121,6.4037,-40.993-1.5497i
954,0.1213,6.4112,-41.089-1.5554i
955,0.1215,6.4186,-41.184-1.5597i
956,0.1217,6.4261,-41.28-1.5641i
957,0.122,6.4335,-41.375-1.5698i
958,0.1222,6.441,-41.472-1.5742i
959,0.1225,6.4484,-41.567-1.5799i
960,0.1227,6.4558,-41.662-1.5843i
961,0.1229,6.4633,-41.759-1.5887i
962,0.1232,6.4707,-41.855-1.5944i
963,0.1234,6.4782,-41.952-1.5988i
964,0.1237,6.4856,-42.048-1.6045i
965,0.1239,6.493,-42.144-1.609i
966,0.1242,6.5005,-42.241-1.6147i
967,0.1244,6.5079,-42.337-1.6192i
968,0.1246,6.5153,-42.434-1.6236i
969,0.1249,6.5228,-42.531-1.6294i
970,0.1251,6.5302,-42.628-1.6339i
971,0.1254,6.5376,-42.724-1.6396i
972,0.1256,6.545,-42.821-1.6441i
973,0.1259,6.5525,-42.919-1.6499i
974,0.1261,6.5599,-43.016-1.6544i
975,0.1263,6.5673,-43.113-1.6589i
976,0.1266,6.5748,-43.212-1.6647i
977,0.1268,6.5822,-43.309-1.6692i
978,0.1271,6.5896,-43.407-1.6751i
979,0.1273,6.597,-43.504-1.6796i
980,0.1276,6.6045,-43.603-1.6855i
981,0.1278,6.6119,-43.701-1.69i
982,0.1281,6.6193,-43.799-1.6959i
983,0.1283,6.6267,-43.897-1.7004i
984,0.1286,6.6341,-43.995-1.7063i
985,0.1288,6.6416,-44.094-1.7109i
986,0.1291,6.649,-44.193-1.7168i
987,0.1293,6.6564,-44.291-1.7213i
988,0.1296,6.6638,-44.389-1.7273i
989,0.1298,6.6712,-44.488-1.7318i
990,0.1301,6.6786,-44.587-1.7378i
991,0.1303,6.686,-44.686-1.7424i
992,0.1306,6.6935,-44.786-1.7483i
993,0.1308,6.7009,-44.885-1.753i
994,0.131,6.7083,-44.984-1.7576i
995,0.1313,6.7157,-45.083-1.7635i
996,0.1315,6.7231,-45.183-1.7682i
997,0.1318,6.7305,-45.282-1.7742i
998,0.1321,6.7379,-45.382-1.7802i
999,0.1323,6.7453,-45.482-1.7848i
1000,0.1326,6.7527,-45.581-1.7908i
1001,0.1328,6.7601,-45.681-1.7955i
1002,0.1331,6.7675,-45.781-1.8015i
1003,0.1333,6.7749,-45.882-1.8062i
1004,0.1336,6.7823,-45.982-1.8122i
1005,0.1338,6.7897,-46.082-1.8169i
1006,0.1341,6.7971,-46.183-1.823i
1007,0.1343,6.8046,-46.285-1.8277i
1008,0.1346,6.812,-46.385-1.8338i
1009,0.1348,6.8193,-46.485-1.8385i
1010,0.1351,6.8267,-46.586-1.8446i
1011,0.1353,6.8341,-46.687-1.8493i
1012,0.1356,6.8415,-46.788-1.8554i
1013,0.1358,6.8489,-46.889-1.8602i
1014,0.1361,6.8563,-46.99-1.8663i
1015,0.1364,6.8637,-47.092-1.8724i
1016,0.1366,6.8711,-47.193-1.8772i
1017,0.1369,6.8785,-47.295-1.8833i
1018,0.1371,6.8859,-47.397-1.8881i
1019,0.1374,6.8933,-47.499-1.8943i
1020,0.1376,6.9007,-47.601-1.8991i
1021,0.1379,6.9081,-47.703-1.9053i
1022,0.1381,6.9155,-47.805-1.9101i
1023,0.1384,6.9229,-47.907-1.9163i
1024,0.1387,6.9302,-48.008-1.9224i
1025,0.1389,6.9376,-48.111-1.9273i
1026,0.1392,6.945,-48.214-1.9335i
1027,0.1394,6.9524,-48.316-1.9383i
1028,0.1397,6.9598,-48.419-1.9446i
1029,0.14,6.9672,-48.522-1.9508i
1030,0.1402,6.9746,-48.625-1.9557i
1031,0.1405,6.9819,-48.727-1.9619i
1032,0.1407,6.9893,-48.831-1.9668i
1033,0.141,6.9967,-48.934-1.9731i
1034,0.1412,7.0041,-49.037-1.978i
1035,0.1415,7.0115,-49.141-1.9843i
1036,0.1418,7.0188,-49.243-1.9905i
1037,0.142,7.0262,-49.347-1.9954i
1038,0.1423,7.0336,-49.451-2.0018i
1039,0.1426,7.041,-49.555-2.0081i
1040,0.1428,7.0484,-49.66-2.013i
1041,0.1431,7.0557,-49.762-2.0193i
1042,0.1433,7.0631,-49.867-2.0243i
1043,0.1436,7.0705,-49.971-2.0306i
1044,0.1439,7.0777,-50.073-2.037i
1045,0.1441,7.0852,-50.179-2.042i
1046,0.1444,7.0926,-50.284-2.0483i
1047,0.1447,7.1,-50.389-2.0547i
1048,0.1449,7.1073,-50.493-2.0597i
1049,0.1452,7.1147,-50.598-2.0661i
1050,0.1454,7.1221,-50.703-2.0711i
1051,0.1457,7.1295,-50.809-2.0775i
1052,0.146,7.1368,-50.913-2.0839i
1053,0.1462,7.1442,-51.018-2.089i
1054,0.1465,7.1516,-51.124-2.0954i
1055,0.1468,7.1589,-51.228-2.1019i
1056,0.147,7.1663,-51.334-2.1069i
1057,0.1473,7.1737,-51.44-2.1134i
1058,0.1476,7.181,-51.545-2.1198i
1059,0.1478,7.1884,-51.651-2.1249i
1060,0.1481,7.1957,-51.756-2.1314i
1061,0.1484,7.2031,-51.863-2.1379i
1062,0.1486,7.2105,-51.969-2.143i
1063,0.1489,7.2178,-52.074-2.1495i
1064,0.1492,7.2252,-52.181-2.156i
1065,0.1494,7.2326,-52.288-2.1611i
1066,0.1497,7.2399,-52.394-2.1676i
1067,0.15,7.2473,-52.501-2.1742i
1068,0.1502,7.2546,-52.607-2.1793i
1069,0.1505,7.262,-52.714-2.1859i
1070,0.1508,7.2693,-52.82-2.1924i
1071,0.1511,7.2767,-52.928-2.199i
1072,0.1513,7.2841,-53.035-2.2042i
1073,0.1516,7.2914,-53.142-2.2108i
1074,0.1519,7.2988,-53.249-2.2174i
1075,0.1521,7.3061,-53.356-2.2225i
1076,0.1524,7.3135,-53.464-2.2292i
1077,0.1527,7.3208,-53.571-2.2358i
1078,0.1529,7.3282,-53.679-2.241i
1079,0.1532,7.3355,-53.786-2.2476i
1080,0.1535,7.3429,-53.895-2.2543i
1081,0.1538,7.3502,-54.002-2.2609i
1082,0.154,7.3576,-54.111-2.2661i
1083,0.1543,7.3649,-54.218-2.2728i
1084,0.1546,7.3723,-54.327-2.2795i
1085,0.1549,7.3796,-54.435-2.2862i
1086,0.1551,7.387,-54.544-2.2914i
1087,0.1554,7.3943,-54.652-2.2981i
1088,0.1557,7.4017,-54.761-2.3049i
1089,0.1559,7.409,-54.869-2.3101i
1090,0.1562,7.4163,-54.977-2.3169i
1091,0.1565,7.4237,-55.087-2.3236i
1092,0.1568,7.431,-55.195-2.3304i
1093,0.157,7.4384,-55.305-2.3357i
1094,0.1573,7.4457,-55.414-2.3424i
1095,0.1576,7.4531,-55.524-2.3492i
1096,0.1579,7.4604,-55.633-2.356i
1097,0.1581,7.4677,-55.742-2.3613i
1098,0.1584,7.4751,-55.852-2.3681i
1099,0.1587,7.4824,-55.961-2.3749i
1100,0.159,7.4898,-56.072-2.3818i
1101,0.1593,7.4971,-56.181-2.3886i
1102,0.1595,7.5044,-56.291-2.3939i
1103,0.1598,7.5118,-56.402-2.4008i
1104,0.1601,7.5191,-56.511-2.4076i
1105,0.1604,7.5264,-56.621-2.4145i
1106,0.1606,7.5338,-56.732-2.4199i
1107,0.1609,7.5411,-56.842-2.4267i
1108,0.1612,7.5485,-56.954-2.4336i
1109,0.1615,7.5558,-57.064-2.4405i
1110,0.1618,7.5631,-57.174-2.4474i
1111,0.162,7.5705,-57.286-2.4528i
1112,0.1623,7.5778,-57.397-2.4598i
1113,0.1626,7.5851,-57.507-2.4667i
1114,0.1629,7.5924,-57.618-2.4736i
1115,0.1632,7.5998,-57.73-2.4806i
1116,0.1634,7.6071,-57.841-2.486i
1117,0.1637,7.6144,-57.952-2.493i
1118,0.164,7.6218,-58.065-2.5i
1119,0.1643,7.6291,-58.176-2.5069i
1120,0.1646,7.6364,-58.288-2.5139i
1121,0.1649,7.6437,-58.399-2.5209i
1122,0.1651,7.6511,-58.512-2.5264i
1123,0.1654,7.6584,-58.624-2.5334i
1124,0.1657,7.6655,-58.732-2.5403i
1125,0.166,7.673,-58.847-2.5474i
1126,0.1663,7.6804,-58.961-2.5545i
1127,0.1666,7.6877,-59.073-2.5615i
1128,0.1668,7.695,-59.185-2.5671i
1129,0.1671,7.7023,-59.298-2.5741i
1130,0.1674,7.7097,-59.411-2.5812i
1131,0.1677,7.717,-59.524-2.5883i
1132,0.168,7.7243,-59.637-2.5954i
1133,0.1683,7.7316,-59.749-2.6025i
1134,0.1685,7.7389,-59.862-2.608i
1135,0.1688,7.7463,-59.977-2.6152i
1136,0.1691,7.7536,-60.09-2.6223i
1137,0.1694,7.7609,-60.203-2.6294i
1138,0.1697,7.7682,-60.316-2.6365i
1139,0.17,7.7755,-60.43-2.6437i
1140,0.1703,7.7829,-60.545-2.6509i
1141,0.1706,7.7902,-60.658-2.658i
1142,0.1708,7.7975,-60.772-2.6636i
1143,0.1711,7.8048,-60.886-2.6708i
1144,0.1714,7.8121,-61-2.678i
1145,0.1717,7.8194,-61.114-2.6852i
1146,0.172,7.8267,-61.228-2.6924i
1147,0.1723,7.8341,-61.343-2.6996i
1148,0.1726,7.8414,-61.458-2.7069i
1149,0.1729,7.8487,-61.572-2.7141i
1150,0.1732,7.856,-61.687-2.7213i
1151,0.1734,7.8633,-61.801-2.727i
1152,0.1737,7.8706,-61.916-2.7342i
1153,0.174,7.8779,-62.031-2.7415i
1154,0.1743,7.8852,-62.146-2.7488i
1155,0.1746,7.8925,-62.261-2.7561i
1156,0.1749,7.8999,-62.378-2.7634i
1157,0.1752,7.9072,-62.493-2.7707i
1158,0.1755,7.9145,-62.609-2.778i
1159,0.1758,7.9218,-62.724-2.7853i
1160,0.1761,7.9291,-62.84-2.7926i
1161,0.1764,7.9364,-62.955-2.8i
1162,0.1766,7.9437,-63.071-2.8057i
1163,0.1769,7.951,-63.187-2.8131i
1164,0.1772,7.9583,-63.303-2.8204i
1165,0.1775,7.9656,-63.419-2.8278i
1166,0.1778,7.9729,-63.536-2.8352i
1167,0.1781,7.9802,-63.652-2.8425i
1168,0.1784,7.9875,-63.768-2.8499i
1169,0.1787,7.9948,-63.885-2.8573i
1170,0.179,8.0021,-64.002-2.8648i
1171,0.1793,8.0094,-64.118-2.8722i
1172,0.1796,8.0167,-64.235-2.8796i
1173,0.1799,8.024,-64.352-2.887i
1174,0.1802,8.0313,-64.469-2.8945i
1175,0.1805,8.0386,-64.587-2.9019i
1176,0.1808,8.0459,-64.704-2.9094i
1177,0.1811,8.0532,-64.821-2.9169i
1178,0.1814,8.0605,-64.939-2.9243i
1179,0.1817,8.0678,-65.056-2.9318i
1180,0.182,8.0751,-65.174-2.9393i
1181,0.1823,8.0824,-65.292-2.9468i
1182,0.1826,8.0897,-65.41-2.9544i
1183,0.1829,8.097,-65.528-2.9619i
1184,0.1832,8.1043,-65.646-2.9694i
1185,0.1835,8.1116,-65.764-2.977i
1186,0.1838,8.1189,-65.883-2.9845i
1187,0.184,8.1262,-66.001-2.9904i
1188,0.1843,8.1335,-66.12-2.998i
1189,0.1846,8.1408,-66.239-3.0056i
1190,0.1849,8.1481,-66.357-3.0132i
1191,0.1852,8.1554,-66.476-3.0208i
1192,0.1855,8.1627,-66.595-3.0284i
1193,0.1858,8.1699,-66.713-3.0359i
1194,0.1862,8.1772,-66.832-3.0452i
1195,0.1865,8.1845,-66.951-3.0528i
1196,0.1868,8.1918,-67.071-3.0605i
1197,0.1871,8.1991,-67.19-3.0681i
1198,0.1874,8.2064,-67.31-3.0758i
1199,0.1877,8.2137,-67.43-3.0834i
1200,0.188,8.221,-67.549-3.0911i
1201,0.1883,8.2283,-67.669-3.0988i
1202,0.1886,8.2356,-67.79-3.1065i
1203,0.1889,8.2428,-67.908-3.1141i
1204,0.1892,8.2501,-68.028-3.1218i
1205,0.1895,8.2574,-68.149-3.1296i
1206,0.1898,8.2647,-68.269-3.1373i
1207,0.1901,8.272,-68.39-3.145i
1208,0.1904,8.2793,-68.511-3.1528i
1209,0.1907,8.2866,-68.631-3.1605i
1210,0.191,8.2938,-68.751-3.1682i
1211,0.1913,8.3011,-68.872-3.176i
1212,0.1916,8.3084,-68.993-3.1838i
1213,0.1919,8.3157,-69.114-3.1916i
1214,0.1922,8.323,-69.235-3.1994i
1215,0.1925,8.3303,-69.357-3.2072i
1216,0.1928,8.3375,-69.477-3.2149i
1217,0.1931,8.3448,-69.598-3.2228i
1218,0.1934,8.3521,-69.72-3.2306i
1219,0.1938,8.3594,-69.842-3.2401i
1220,0.1941,8.3667,-69.964-3.248i
1221,0.1944,8.3739,-70.084-3.2558i
1222,0.1947,8.3812,-70.207-3.2636i
1223,0.195,8.3885,-70.329-3.2715i
1224,0.1953,8.3958,-70.451-3.2794i
1225,0.1956,8.403,-70.572-3.2873i
1226,0.1959,8.4103,-70.695-3.2952i
1227,0.1962,8.4176,-70.817-3.3031i
1228,0.1965,8.4249,-70.94-3.311i
1229,0.1968,8.4322,-71.063-3.3189i
1230,0.1972,8.4394,-71.185-3.3285i
1231,0.1975,8.4467,-71.308-3.3364i
1232,0.1978,8.454,-71.431-3.3444i
1233,0.1981,8.4613,-71.554-3.3524i
1234,0.1984,8.4685,-71.676-3.3603i
1235,0.1987,8.4758,-71.8-3.3683i
1236,0.199,8.4831,-71.923-3.3763i
1237,0.1993,8.4903,-72.045-3.3842i
1238,0.1996,8.4976,-72.169-3.3922i
1239,0.2,8.5049,-72.293-3.402i
1240,0.2003,8.5122,-72.417-3.41i
1241,0.2006,8.5194,-72.54-3.418i
1242,0.2009,8.5267,-72.664-3.426i
1243,0.2012,8.534,-72.789-3.4341i
1244,0.2015,8.5412,-72.911-3.4421i
1245,0.2018,8.5485,-73.036-3.4502i
1246,0.2021,8.5558,-73.161-3.4583i
1247,0.2025,8.5631,-73.286-3.4681i
1248,0.2028,8.5703,-73.409-3.4761i
1249,0.2031,8.5776,-73.534-3.4842i
1250,0.2034,8.5849,-73.659-3.4923i
1251,0.2037,8.5921,-73.783-3.5004i
1252,0.204,8.5994,-73.908-3.5086i
1253,0.2044,8.6067,-74.034-3.5184i
1254,0.2047,8.6139,-74.157-3.5265i
1255,0.205,8.6212,-74.283-3.5347i
1256,0.2053,8.6285,-74.409-3.5429i
1257,0.2056,8.6357,-74.533-3.551i
1258,0.2059,8.643,-74.659-3.5592i
1259,0.2063,8.6503,-74.785-3.5691i
1260,0.2066,8.6575,-74.91-3.5773i
1261,0.2069,8.6648,-75.036-3.5855i
1262,0.2072,8.672,-75.161-3.5937i
1263,0.2075,8.6793,-75.287-3.6019i
1264,0.2078,8.6864,-75.41-3.6101i
1265,0.2082,8.6938,-75.539-3.6201i
1266,0.2085,8.7011,-75.666-3.6284i
1267,0.2088,8.7084,-75.793-3.6366i
1268,0.2091,8.7156,-75.918-3.6449i
1269,0.2094,8.7229,-76.045-3.6532i
1270,0.2098,8.7302,-76.172-3.6632i
1271,0.2101,8.7374,-76.298-3.6715i
1272,0.2104,8.7447,-76.426-3.6798i
1273,0.2107,8.7519,-76.551-3.6881i
1274,0.211,8.7592,-76.679-3.6964i
1275,0.2114,8.7664,-76.805-3.7064i
1276,0.2117,8.7738,-76.935-3.7148i
1277,0.212,8.7809,-77.059-3.7231i
1278,0.2123,8.7882,-77.187-3.7315i
1279,0.2127,8.7955,-77.316-3.7416i
1280,0.213,8.8027,-77.442-3.75i
1281,0.2133,8.81,-77.571-3.7583i
1282,0.2136,8.8172,-77.697-3.7667i
1283,0.2139,8.8245,-77.826-3.7751i
1284,0.2143,8.8317,-77.953-3.7853i
1285,0.2146,8.839,-78.082-3.7937i
1286,0.2149,8.8463,-78.211-3.8021i
1287,0.2152,8.8535,-78.338-3.8105i
1288,0.2156,8.8608,-78.467-3.8208i
1289,0.2159,8.868,-78.595-3.8292i
1290,0.2162,8.8753,-78.724-3.8377i
1291,0.2165,8.8825,-78.852-3.8461i
1292,0.2169,8.8898,-78.981-3.8564i
1293,0.2172,8.897,-79.109-3.8649i
1294,0.2175,8.9043,-79.239-3.8734i
1295,0.2178,8.9115,-79.367-3.8818i
1296,0.2182,8.9188,-79.497-3.8922i
1297,0.2185,8.926,-79.626-3.9007i
1298,0.2188,8.9333,-79.756-3.9092i
1299,0.2192,8.9405,-79.884-3.9195i
1300,0.2195,8.9478,-80.015-3.9281i
1301,0.2198,8.955,-80.144-3.9366i
1302,0.2201,8.9623,-80.274-3.9452i
1303,0.2205,8.9695,-80.403-3.9555i
1304,0.2208,8.9768,-80.534-3.9642i
1305,0.2211,8.984,-80.663-3.9727i
1306,0.2215,8.9913,-80.794-3.9831i
1307,0.2218,8.9985,-80.924-3.9917i
1308,0.2221,9.0058,-81.055-4.0004i
1309,0.2224,9.013,-81.185-4.009i
1310,0.2228,9.0203,-81.316-4.0194i
1311,0.2231,9.0275,-81.446-4.0281i
1312,0.2234,9.0347,-81.576-4.0367i
1313,0.2238,9.042,-81.708-4.0472i
1314,0.2241,9.0492,-81.838-4.0559i
1315,0.2244,9.0565,-81.97-4.0646i
1316,0.2248,9.0637,-82.1-4.075i
1317,0.2251,9.071,-82.232-4.0838i
1318,0.2254,9.0782,-82.363-4.0925i
1319,0.2258,9.0855,-82.495-4.103i
1320,0.2261,9.0927,-82.626-4.1117i
1321,0.2264,9.0999,-82.757-4.1204i
1322,0.2268,9.1072,-82.89-4.131i
1323,0.2271,9.1144,-83.021-4.1398i
1324,0.2274,9.1217,-83.154-4.1485i
1325,0.2278,9.1289,-83.285-4.1591i
1326,0.2281,9.1361,-83.416-4.1679i
1327,0.2284,9.1434,-83.55-4.1767i
1328,0.2288,9.1506,-83.681-4.1873i
1329,0.2291,9.1579,-83.815-4.1961i
1330,0.2294,9.1651,-83.946-4.2049i
1331,0.2298,9.1723,-84.078-4.2156i
1332,0.2301,9.1796,-84.212-4.2245i
1333,0.2304,9.1868,-84.344-4.2333i
1334,0.2308,9.1941,-84.478-4.244i
1335,0.2311,9.2013,-84.611-4.2528i
1336,0.2314,9.2085,-84.743-4.2617i
1337,0.2318,9.2158,-84.877-4.2724i
1338,0.2321,9.223,-85.01-4.2813i
1339,0.2325,9.2303,-85.144-4.2921i
1340,0.2328,9.2375,-85.277-4.301i
1341,0.2331,9.2447,-85.41-4.3099i
1342,0.2335,9.252,-85.545-4.3207i
1343,0.2338,9.2592,-85.678-4.3296i
1344,0.2341,9.2664,-85.811-4.3385i
1345,0.2345,9.2737,-85.947-4.3494i
1346,0.2348,9.2809,-86.08-4.3583i
1347,0.2352,9.2881,-86.213-4.3691i
1348,0.2355,9.2954,-86.349-4.3781i
1349,0.2358,9.3026,-86.483-4.3871i
1350,0.2362,9.3098,-86.617-4.3979i
1351,0.2365,9.3171,-86.752-4.407i
1352,0.2369,9.3243,-86.886-4.4179i
1353,0.2372,9.3315,-87.021-4.4269i
1354,0.2376,9.3388,-87.157-4.4378i
1355,0.2379,9.346,-87.291-4.4468i
1356,0.2382,9.3532,-87.426-4.4559i
1357,0.2386,9.3605,-87.562-4.4668i
1358,0.2389,9.3677,-87.697-4.4759i
1359,0.2393,9.3749,-87.831-4.4868i
1360,0.2396,9.3822,-87.968-4.496i
1361,0.2399,9.3894,-88.103-4.505i
1362,0.2403,9.3966,-88.238-4.516i
1363,0.2406,9.4038,-88.374-4.5251i
1364,0.241,9.4111,-88.511-4.5362i
1365,0.2413,9.4183,-88.646-4.5453i
1366,0.2417,9.4257,-88.785-4.5564i
1367,0.242,9.4328,-88.919-4.5655i
1368,0.2424,9.44,-89.055-4.5765i
1369,0.2427,9.4472,-89.191-4.5857i
1370,0.243,9.4544,-89.327-4.5948i
1371,0.2434,9.4617,-89.465-4.606i
1372,0.2437,9.4689,-89.601-4.6151i
1373,0.2441,9.4761,-89.737-4.6262i
1374,0.2444,9.4833,-89.873-4.6354i
1375,0.2448,9.4906,-90.012-4.6466i
1376,0.2451,9.4978,-90.148-4.6558i
1377,0.2455,9.505,-90.285-4.667i
1378,0.2458,9.5121,-90.42-4.6761i
1379,0.2462,9.5195,-90.56-4.6874i
1380,0.2465,9.5267,-90.697-4.6967i
1381,0.2469,9.5339,-90.834-4.7078i
1382,0.2472,9.5411,-90.971-4.7171i
1383,0.2476,9.5484,-91.111-4.7284i
1384,0.2479,9.5556,-91.248-4.7377i
1385,0.2483,9.5628,-91.385-4.7489i
1386,0.2486,9.57,-91.523-4.7582i
1387,0.249,9.5773,-91.663-4.7695i
1388,0.2493,9.5845,-91.8-4.7788i
1389,0.2497,9.5917,-91.938-4.7901i
1390,0.25,9.5989,-92.076-4.7995i
1391,0.2504,9.6061,-92.214-4.8107i
1392,0.2507,9.6134,-92.355-4.8202i
1393,0.2511,9.6206,-92.493-4.8315i
1394,0.2514,9.6278,-92.631-4.8409i
1395,0.2518,9.635,-92.77-4.8522i
1396,0.2521,9.6422,-92.908-4.8616i
1397,0.2525,9.6495,-93.049-4.873i
1398,0.2528,9.6567,-93.188-4.8824i
1399,0.2532,9.6639,-93.327-4.8938i
1400,0.2535,9.6711,-93.466-4.9032i
1401,0.2539,9.6783,-93.605-4.9146i
1402,0.2542,9.6856,-93.746-4.9242i
1403,0.2546,9.6928,-93.886-4.9356i
1404,0.2549,9.7,-94.025-4.9451i
1405,0.2553,9.7072,-94.165-4.9565i
1406,0.2556,9.7144,-94.304-4.966i
1407,0.256,9.7216,-94.444-4.9775i
1408,0.2564,9.7289,-94.586-4.989i
1409,0.2567,9.7361,-94.726-4.9985i
1410,0.2571,9.7433,-94.866-5.01i
1411,0.2574,9.7505,-95.006-5.0196i
1412,0.2578,9.7577,-95.146-5.0311i
1413,0.2581,9.7649,-95.287-5.0406i
1414,0.2585,9.7722,-95.429-5.0522i
1415,0.2589,9.7794,-95.57-5.0638i
1416,0.2592,9.7866,-95.71-5.0734i
1417,0.2596,9.7938,-95.851-5.0849i
1418,0.2599,9.801,-95.992-5.0946i
1419,0.2603,9.8082,-96.133-5.1061i
1420,0.2606,9.8154,-96.274-5.1158i
1421,0.261,9.8226,-96.415-5.1274i
1422,0.2614,9.8299,-96.559-5.1391i
1423,0.2617,9.8371,-96.7-5.1487i
1424,0.2621,9.8443,-96.842-5.1604i
1425,0.2624,9.8515,-96.983-5.1701i
1426,0.2628,9.8587,-97.125-5.1817i
1427,0.2632,9.8659,-97.267-5.1934i
1428,0.2635,9.8731,-97.409-5.2031i
1429,0.2639,9.8803,-97.551-5.2148i
1430,0.2642,9.8876,-97.695-5.2246i
1431,0.2646,9.8948,-97.837-5.2363i
1432,0.265,9.902,-97.979-5.2481i
1433,0.2653,9.9092,-98.122-5.2578i
1434,0.2657,9.9164,-98.264-5.2696i
1435,0.266,9.9236,-98.407-5.2794i
1436,0.2664,9.9308,-98.55-5.2911i
1437,0.2668,9.938,-98.693-5.3029i
1438,0.2671,9.9452,-98.836-5.3127i
1439,0.2675,9.9524,-98.979-5.3245i
1440,0.2678,9.9596,-99.122-5.3344i
1441,0.2682,9.9669,-99.267-5.3462i
1442,0.2686,9.9741,-99.411-5.3581i
1443,0.2689,9.9813,-99.554-5.3679i
1444,0.2693,9.9885,-99.698-5.3798i
1445,0.2697,9.9957,-99.841-5.3917i
1446,0.27,10.003,-99.985-5.4016i
1447,0.2704,10.01,-100.13-5.4135i
1448,0.2708,10.017,-100.27-5.4254i
1449,0.2711,10.024,-100.42-5.4353i
1450,0.2715,10.032,-100.56-5.4472i
1451,0.2719,10.039,-100.71-5.4592i
1452,0.2722,10.046,-100.85-5.4691i
1453,0.2726,10.053,-100.99-5.4811i
1454,0.273,10.06,-101.14-5.493i
1455,0.2733,10.068,-101.28-5.503i
1456,0.2737,10.075,-101.43-5.515i
1457,0.2741,10.082,-101.57-5.527i
1458,0.2744,10.089,-101.72-5.537i
1459,0.2748,10.097,-101.86-5.549i
1460,0.2752,10.104,-102.01-5.5611i
1461,0.2755,10.111,-102.16-5.5712i
1462,0.2759,10.118,-102.3-5.5832i
1463,0.2763,10.125,-102.45-5.5953i
1464,0.2766,10.133,-102.59-5.6054i
1465,0.277,10.14,-102.74-5.6174i
1466,0.2774,10.147,-102.88-5.6296i
1467,0.2777,10.154,-103.03-5.6396i
1468,0.2781,10.161,-103.18-5.6518i
1469,0.2785,10.169,-103.32-5.6639i
1470,0.2789,10.176,-103.47-5.6761i
1471,0.2792,10.183,-103.62-5.6862i
1472,0.2796,10.19,-103.76-5.6984i
1473,0.28,10.197,-103.91-5.7105i
1474,0.2803,10.205,-104.06-5.7207i
1475,0.2807,10.212,-104.2-5.7329i
1476,0.2811,10.219,-104.35-5.7451i
1477,0.2815,10.226,-104.5-5.7574i
1478,0.2818,10.233,-104.64-5.7675i
1479,0.2822,10.241,-104.79-5.7798i
1480,0.2826,10.248,-104.94-5.7921i
1481,0.2829,10.255,-105.08-5.8023i
1482,0.2833,10.262,-105.23-5.8146i
1483,0.2837,10.269,-105.38-5.8269i
1484,0.2841,10.277,-105.53-5.8391i
1485,0.2844,10.284,-105.67-5.8494i
1486,0.2848,10.291,-105.82-5.8617i
1487,0.2852,10.298,-105.97-5.874i
1488,0.2856,10.305,-106.12-5.8864i
1489,0.2859,10.312,-106.27-5.8967i
1490,0.2863,10.32,-106.41-5.9091i
1491,0.2867,10.327,-106.56-5.9214i
1492,0.2871,10.334,-106.71-5.9338i
1493,0.2874,10.341,-106.86-5.9442i
1494,0.2878,10.348,-107.01-5.9566i
1495,0.2882,10.356,-107.16-5.969i
1496,0.2886,10.363,-107.31-5.9815i
1497,0.289,10.37,-107.46-5.9939i
1498,0.2893,10.377,-107.6-6.0043i
1499,0.2897,10.384,-107.75-6.0168i
1500,0.2901,10.392,-107.9-6.0293i
1501,0.2905,10.399,-108.05-6.0418i
1502,0.2908,10.406,-108.2-6.0522i
1503,0.2912,10.413,-108.35-6.0647i
1504,0.2916,10.42,-108.5-6.0772i
1505,0.292,10.428,-108.65-6.0897i
1506,0.2924,10.435,-108.8-6.1023i
1507,0.2927,10.442,-108.95-6.1127i
1508,0.2931,10.449,-109.1-6.1253i
1509,0.2935,10.456,-109.25-6.1379i
1510,0.2939,10.464,-109.4-6.1505i
1511,0.2943,10.471,-109.55-6.1631i
1512,0.2946,10.478,-109.7-6.1736i
1513,0.295,10.485,-109.85-6.1863i
1514,0.2954,10.492,-110-6.1989i
1515,0.2958,10.499,-110.15-6.2115i
1516,0.2962,10.507,-110.3-6.2242i
1517,0.2966,10.514,-110.45-6.2368i
1518,0.2969,10.521,-110.61-6.2474i
1519,0.2973,10.528,-110.76-6.2601i
1520,0.2977,10.536,-110.91-6.2728i
1521,0.2981,10.543,-111.06-6.2856i
1522,0.2985,10.55,-111.21-6.2983i
1523,0.2989,10.557,-111.36-6.311i
1524,0.2992,10.564,-111.51-6.3216i
1525,0.2996,10.571,-111.66-6.3344i
1526,0.3,10.579,-111.82-6.3472i
1527,0.3004,10.586,-111.97-6.3599i
1528,0.3008,10.593,-112.12-6.3727i
1529,0.3012,10.6,-112.27-6.3856i
1530,0.3016,10.607,-112.43-6.3984i
1531,0.3019,10.615,-112.58-6.4091i
1532,0.3023,10.622,-112.73-6.4219i
1533,0.3027,10.629,-112.88-6.4347i
1534,0.3031,10.636,-113.03-6.4476i
1535,0.3035,10.643,-113.19-6.4605i
1536,0.3039,10.65,-113.34-6.4734i
1537,0.3043,10.658,-113.49-6.4863i
1538,0.3046,10.665,-113.65-6.4971i
1539,0.305,10.672,-113.8-6.5099i
1540,0.3054,10.679,-113.95-6.5229i
1541,0.3058,10.686,-114.11-6.5358i
1542,0.3062,10.694,-114.26-6.5488i
1543,0.3066,10.701,-114.41-6.5617i
1544,0.307,10.708,-114.57-6.5747i
1545,0.3074,10.715,-114.72-6.5876i
1546,0.3078,10.722,-114.87-6.6006i
1547,0.3081,10.729,-115.03-6.6115i
1548,0.3085,10.737,-115.18-6.6245i
1549,0.3089,10.744,-115.34-6.6376i
1550,0.3093,10.751,-115.49-6.6506i
1551,0.3097,10.758,-115.64-6.6636i
1552,0.3101,10.765,-115.8-6.6767i
1553,0.3105,10.773,-115.95-6.6898i
1554,0.3109,10.78,-116.11-6.7029i
1555,0.3113,10.787,-116.26-6.716i
1556,0.3117,10.794,-116.42-6.729i
1557,0.3121,10.801,-116.57-6.7422i
1558,0.3124,10.809,-116.73-6.7532i
1559,0.3128,10.816,-116.88-6.7663i
1560,0.3132,10.823,-117.04-6.7795i
1561,0.3136,10.83,-117.19-6.7926i
1562,0.314,10.837,-117.35-6.8058i
1563,0.3144,10.844,-117.5-6.819i
1564,0.3148,10.852,-117.66-6.8322i
1565,0.3152,10.859,-117.81-6.8454i
1566,0.3156,10.866,-117.97-6.8586i
1567,0.316,10.873,-118.12-6.8718i
1568,0.3164,10.88,-118.28-6.8851i
1569,0.3168,10.887,-118.44-6.8983i
1570,0.3172,10.895,-118.59-6.9116i
1571,0.3176,10.902,-118.75-6.9248i
1572,0.318,10.909,-118.91-6.9381i
1573,0.3184,10.916,-119.06-6.9514i
1574,0.3188,10.923,-119.22-6.9648i
1575,0.3192,10.931,-119.37-6.978i
1576,0.3196,10.938,-119.53-6.9914i
1577,0.32,10.945,-119.69-7.0047i
1578,0.3204,10.952,-119.85-7.0181i
1579,0.3208,10.959,-120-7.0315i
1580,0.3212,10.966,-120.16-7.0448i
1581,0.3216,10.974,-120.32-7.0582i
1582,0.3219,10.981,-120.47-7.0694i
1583,0.3223,10.988,-120.63-7.0829i
1584,0.3227,10.995,-120.79-7.0962i
1585,0.3231,11.002,-120.95-7.1097i
1586,0.3235,11.009,-121.1-7.1231i
1587,0.3239,11.017,-121.26-7.1366i
1588,0.3243,11.024,-121.42-7.15i
1589,0.3247,11.031,-121.58-7.1635i
1590,0.3251,11.038,-121.74-7.177i
1591,0.3255,11.045,-121.89-7.1906i
1592,0.3259,11.053,-122.05-7.204i
1593,0.3264,11.06,-122.21-7.2198i
1594,0.3268,11.067,-122.37-7.2333i
1595,0.3272,11.074,-122.53-7.2468i
1596,0.3276,11.081,-122.69-7.2604i
1597,0.328,11.088,-122.85-7.274i
1598,0.3284,11.096,-123-7.2876i
1599,0.3288,11.103,-123.16-7.3011i
1600,0.3292,11.11,-123.32-7.3148i
1601,0.3296,11.117,-123.48-7.3284i
1602,0.33,11.124,-123.64-7.342i
1603,0.3304,11.131,-123.8-7.3556i
1604,0.3308,11.139,-123.96-7.3693i
1605,0.3312,11.146,-124.12-7.383i
1606,0.3316,11.153,-124.28-7.3966i
1607,0.332,11.16,-124.44-7.4103i
1608,0.3324,11.167,-124.6-7.424i
1609,0.3328,11.175,-124.76-7.4377i
1610,0.3332,11.182,-124.92-7.4514i
1611,0.3336,11.189,-125.08-7.4652i
1612,0.334,11.196,-125.24-7.4789i
1613,0.3344,11.203,-125.4-7.4926i
1614,0.3348,11.21,-125.56-7.5064i
1615,0.3352,11.217,-125.72-7.5202i
1616,0.3357,11.225,-125.88-7.5362i
1617,0.3361,11.232,-126.04-7.55i
1618,0.3365,11.239,-126.2-7.5638i
1619,0.3369,11.246,-126.36-7.5776i
1620,0.3373,11.253,-126.52-7.5915i
1621,0.3377,11.261,-126.68-7.6053i
1622,0.3381,11.268,-126.85-7.6192i
1623,0.3385,11.275,-127.01-7.633i
1624,0.3389,11.282,-127.17-7.6469i
1625,0.3393,11.289,-127.33-7.6609i
1626,0.3397,11.296,-127.49-7.6747i
1627,0.3401,11.303,-127.65-7.6886i
1628,0.3406,11.311,-127.82-7.7048i
1629,0.341,11.318,-127.98-7.7187i
1630,0.3414,11.325,-128.14-7.7327i
1631,0.3418,11.332,-128.3-7.7467i
1632,0.3422,11.339,-128.46-7.7606i
1633,0.3426,11.347,-128.63-7.7746i
1634,0.343,11.354,-128.79-7.7886i
1635,0.3434,11.361,-128.95-7.8026i
1636,0.3438,11.368,-129.11-7.8166i
1637,0.3443,11.375,-129.27-7.8329i
1638,0.3447,11.382,-129.44-7.847i
1639,0.3451,11.389,-129.6-7.861i
1640,0.3455,11.397,-129.76-7.8751i
1641,0.3459,11.404,-129.93-7.8891i
1642,0.3463,11.411,-130.09-7.9033i
1643,0.3467,11.418,-130.25-7.9173i
1644,0.3472,11.425,-130.42-7.9337i
1645,0.3476,11.432,-130.58-7.9479i
1646,0.348,11.44,-130.74-7.962i
1647,0.3484,11.447,-130.91-7.9761i
1648,0.3488,11.454,-131.07-7.9903i
1649,0.3492,11.461,-131.23-8.0044i
1650,0.3496,11.468,-131.4-8.0186i
1651,0.3501,11.475,-131.56-8.0351i
1652,0.3505,11.483,-131.73-8.0493i
1653,0.3509,11.49,-131.89-8.0635i
1654,0.3513,11.497,-132.06-8.0777i
1655,0.3517,11.504,-132.22-8.092i
1656,0.3521,11.511,-132.39-8.1063i
1657,0.3526,11.518,-132.55-8.1228i
1658,0.353,11.526,-132.71-8.1371i
1659,0.3534,11.533,-132.88-8.1513i
1660,0.3538,11.54,-133.04-8.1656i
1661,0.3542,11.547,-133.21-8.18i
1662,0.3547,11.554,-133.37-8.1965i
1663,0.3551,11.561,-133.54-8.2109i
1664,0.3555,11.569,-133.7-8.2252i
1665,0.3559,11.576,-133.87-8.2396i
1666,0.3563,11.583,-134.04-8.254i
1667,0.3568,11.59,-134.2-8.2706i
1668,0.3572,11.597,-134.37-8.285i
1669,0.3576,11.604,-134.53-8.2994i
1670,0.358,11.611,-134.7-8.3138i
1671,0.3584,11.619,-134.87-8.3283i
1672,0.3589,11.626,-135.03-8.345i
1673,0.3593,11.633,-135.2-8.3595i
1674,0.3597,11.64,-135.36-8.3739i
1675,0.3601,11.647,-135.53-8.3884i
1676,0.3605,11.654,-135.7-8.4028i
1677,0.361,11.662,-135.86-8.4197i
1678,0.3614,11.669,-136.03-8.4342i
1679,0.3618,11.676,-136.2-8.4487i
1680,0.3622,11.683,-136.36-8.4632i
1681,0.3627,11.69,-136.53-8.4801i
1682,0.3631,11.697,-136.7-8.4947i
1683,0.3635,11.705,-136.87-8.5092i
1684,0.3639,11.712,-137.03-8.5238i
1685,0.3644,11.719,-137.2-8.5407i
1686,0.3648,11.726,-137.37-8.5553i
1687,0.3652,11.733,-137.53-8.5699i
1688,0.3656,11.74,-137.7-8.5845i
1689,0.3661,11.748,-137.87-8.6015i
1690,0.3665,11.755,-138.04-8.6161i
1691,0.3669,11.762,-138.21-8.6308i
1692,0.3673,11.769,-138.37-8.6455i
1693,0.3678,11.776,-138.54-8.6625i
1694,0.3682,11.783,-138.71-8.6772i
1695,0.3686,11.79,-138.88-8.6919i
1696,0.369,11.798,-139.05-8.7066i
1697,0.3695,11.805,-139.21-8.7237i
1698,0.3699,11.812,-139.38-8.7384i
1699,0.3703,11.819,-139.55-8.7532i
1700,0.3708,11.826,-139.72-8.7703i
1701,0.3712,11.833,-139.89-8.785i
1702,0.3716,11.841,-140.06-8.7999i
1703,0.372,11.848,-140.23-8.8147i
1704,0.3725,11.855,-140.4-8.8318i
1705,0.3729,11.862,-140.57-8.8467i
1706,0.3733,11.869,-140.74-8.8615i
1707,0.3738,11.876,-140.91-8.8787i
1708,0.3742,11.883,-141.08-8.8935i
1709,0.3746,11.891,-141.25-8.9084i
1710,0.375,11.898,-141.41-8.9233i
1711,0.3755,11.905,-141.59-8.9406i
1712,0.3759,11.912,-141.75-8.9554i
1713,0.3763,11.919,-141.93-8.9704i
1714,0.3768,11.926,-142.09-8.9877i
1715,0.3772,11.934,-142.27-9.0026i
1716,0.3776,11.941,-142.44-9.0175i
1717,0.3781,11.948,-142.61-9.0349i
1718,0.3785,11.955,-142.78-9.0499i
1719,0.3789,11.962,-142.95-9.0649i
1720,0.3794,11.969,-143.12-9.0822i
1721,0.3798,11.976,-143.29-9.0973i
1722,0.3802,11.983,-143.46-9.1123i
1723,0.3807,11.991,-143.63-9.1297i
1724,0.3811,11.998,-143.8-9.1447i
1725,0.3815,12.005,-143.97-9.1598i
1726,0.382,12.012,-144.14-9.1772i
1727,0.3824,12.019,-144.32-9.1924i
1728,0.3828,12.026,-144.49-9.2074i
1729,0.3833,12.034,-144.66-9.225i
1730,0.3837,12.041,-144.83-9.24i
1731,0.3842,12.048,-145-9.2576i
1732,0.3846,12.055,-145.18-9.2727i
1733,0.385,12.062,-145.35-9.2879i
1734,0.3855,12.069,-145.52-9.3054i
1735,0.3859,12.076,-145.69-9.3206i
1736,0.3863,12.084,-145.86-9.3358i
1737,0.3868,12.091,-146.04-9.3534i
1738,0.3872,12.098,-146.21-9.3686i
1739,0.3876,12.105,-146.38-9.3839i
1740,0.3881,12.112,-146.55-9.4015i
1741,0.3885,12.119,-146.73-9.4168i
1742,0.389,12.127,-146.9-9.4344i
1743,0.3894,12.134,-147.08-9.4497i
1744,0.3898,12.141,-147.25-9.465i
1745,0.3903,12.148,-147.42-9.4827i
1746,0.3907,12.155,-147.59-9.498i
1747,0.3912,12.162,-147.77-9.5157i
1748,0.3916,12.169,-147.94-9.5311i
1749,0.392,12.177,-148.11-9.5464i
1750,0.3925,12.184,-148.29-9.5642i
1751,0.3929,12.191,-148.46-9.5795i
1752,0.3934,12.198,-148.64-9.5974i
1753,0.3938,12.205,-148.81-9.6127i
1754,0.3942,12.212,-148.98-9.6282i
1755,0.3947,12.219,-149.16-9.646i
1756,0.3951,12.227,-149.33-9.6615i
1757,0.3956,12.234,-149.51-9.6793i
1758,0.396,12.241,-149.68-9.6947i
1759,0.3965,12.248,-149.86-9.7127i
1760,0.3969,12.255,-150.03-9.7281i
1761,0.3973,12.262,-150.21-9.7436i
1762,0.3978,12.269,-150.38-9.7615i
1763,0.3982,12.277,-150.56-9.7771i
1764,0.3987,12.284,-150.73-9.795i
1765,0.3991,12.291,-150.91-9.8106i
1766,0.3996,12.298,-151.08-9.8286i
1767,0.4,12.305,-151.26-9.8441i
1768,0.4005,12.312,-151.43-9.8622i
1769,0.4009,12.319,-151.61-9.8777i
1770,0.4014,12.327,-151.78-9.8958i
1771,0.4018,12.334,-151.96-9.9114i
1772,0.4022,12.341,-152.14-9.927i
1773,0.4027,12.348,-152.31-9.9451i
1774,0.4031,12.355,-152.49-9.9607i
1775,0.4036,12.362,-152.66-9.9788i
1776,0.404,12.369,-152.84-9.9945i
1777,0.4045,12.377,-153.02-10.013i
1778,0.4049,12.384,-153.19-10.028i
1779,0.4054,12.391,-153.37-10.047i
1780,0.4058,12.398,-153.55-10.062i
1781,0.4063,12.405,-153.72-10.08i
1782,0.4067,12.412,-153.9-10.096i
1783,0.4072,12.419,-154.08-10.114i
1784,0.4076,12.427,-154.25-10.13i
1785,0.4081,12.434,-154.43-10.148i
1786,0.4085,12.441,-154.61-10.164i
1787,0.409,12.448,-154.79-10.182i
1788,0.4094,12.455,-154.96-10.198i
1789,0.4099,12.462,-155.14-10.217i
1790,0.4103,12.469,-155.32-10.232i
1791,0.4108,12.476,-155.49-10.251i
1792,0.4112,12.484,-155.67-10.267i
1793,0.4117,12.491,-155.85-10.285i
1794,0.4121,12.498,-156.03-10.301i
1795,0.4126,12.505,-156.21-10.319i
1796,0.413,12.512,-156.38-10.335i
1797,0.4135,12.519,-156.56-10.354i
1798,0.4139,12.527,-156.74-10.369i
1799,0.4144,12.534,-156.92-10.388i
1800,0.4148,12.541,-157.1-10.404i
1801,0.4153,12.548,-157.28-10.422i
1802,0.4157,12.555,-157.46-10.438i
1803,0.4162,12.562,-157.64-10.457i
1804,0.4167,12.569,-157.81-10.475i
1805,0.4171,12.576,-157.99-10.491i
1806,0.4176,12.584,-158.17-10.51i
1807,0.418,12.591,-158.35-10.526i
1808,0.4185,12.598,-158.53-10.544i
1809,0.4189,12.605,-158.71-10.56i
1810,0.4194,12.612,-158.89-10.579i
1811,0.4198,12.619,-159.07-10.595i
1812,0.4203,12.626,-159.25-10.614i
1813,0.4208,12.634,-159.43-10.632i
1814,0.4212,12.641,-159.61-10.649i
1815,0.4217,12.648,-159.79-10.667i
1816,0.4221,12.655,-159.97-10.683i
1817,0.4226,12.662,-160.15-10.702i
1818,0.423,12.669,-160.33-10.718i
1819,0.4235,12.676,-160.51-10.737i
1820,0.424,12.684,-160.69-10.756i
1821,0.4244,12.691,-160.87-10.772i
1822,0.4249,12.698,-161.05-10.791i
1823,0.4253,12.705,-161.23-10.807i
1824,0.4258,12.712,-161.42-10.826i
1825,0.4262,12.719,-161.6-10.842i
1826,0.4267,12.726,-161.78-10.861i
1827,0.4272,12.733,-161.96-10.88i
1828,0.4276,12.741,-162.14-10.896i
1829,0.4281,12.748,-162.32-10.915i
1830,0.4286,12.755,-162.5-10.934i
1831,0.429,12.762,-162.68-10.95i
1832,0.4295,12.769,-162.87-10.969i
1833,0.4299,12.776,-163.05-10.985i
1834,0.4304,12.783,-163.23-11.004i
1835,0.4309,12.79,-163.41-11.023i
1836,0.4313,12.798,-163.6-11.039i
1837,0.4318,12.805,-163.78-11.058i
1838,0.4322,12.812,-163.96-11.075i
1839,0.4327,12.819,-164.14-11.094i
1840,0.4332,12.826,-164.32-11.113i
1841,0.4336,12.833,-164.51-11.129i
1842,0.4341,12.841,-164.69-11.148i
1843,0.4346,12.848,-164.87-11.167i
1844,0.435,12.855,-165.05-11.184i
1845,0.4355,12.862,-165.24-11.203i
1846,0.436,12.869,-165.42-11.222i
1847,0.4364,12.876,-165.6-11.238i
1848,0.4369,12.883,-165.79-11.257i
1849,0.4374,12.89,-165.97-11.277i
1850,0.4378,12.898,-166.15-11.293i
1851,0.4383,12.905,-166.34-11.312i
1852,0.4387,12.912,-166.52-11.329i
1853,0.4392,12.919,-166.71-11.348i
1854,0.4397,12.926,-166.89-11.367i
1855,0.4401,12.933,-167.07-11.384i
1856,0.4406,12.94,-167.26-11.403i
1857,0.4411,12.947,-167.44-11.422i
1858,0.4416,12.955,-167.63-11.442i
1859,0.442,12.962,-167.81-11.458i
1860,0.4425,12.969,-167.99-11.477i
1861,0.443,12.976,-168.18-11.497i
1862,0.4434,12.983,-168.36-11.513i
1863,0.4439,12.99,-168.55-11.533i
1864,0.4444,12.997,-168.73-11.552i
1865,0.4448,13.005,-168.92-11.569i
1866,0.4453,13.012,-169.1-11.588i
1867,0.4458,13.019,-169.29-11.607i
1868,0.4462,13.026,-169.47-11.624i
1869,0.4467,13.033,-169.66-11.644i
1870,0.4472,13.04,-169.84-11.663i
1871,0.4477,13.047,-170.03-11.682i
1872,0.4481,13.054,-170.22-11.699i
1873,0.4486,13.062,-170.4-11.719i
1874,0.4491,13.069,-170.59-11.738i
1875,0.4495,13.076,-170.77-11.755i
1876,0.45,13.083,-170.96-11.775i
1877,0.4505,13.09,-171.15-11.794i
1878,0.451,13.097,-171.33-11.814i
1879,0.4514,13.104,-171.52-11.831i
1880,0.4519,13.111,-171.7-11.85i
1881,0.4524,13.118,-171.89-11.87i
1882,0.4529,13.126,-172.08-11.889i
1883,0.4533,13.133,-172.26-11.906i
1884,0.4538,13.14,-172.45-11.926i
1885,0.4543,13.147,-172.64-11.945i
1886,0.4547,13.154,-172.82-11.962i
1887,0.4552,13.161,-173.01-11.982i
1888,0.4557,13.168,-173.2-12.002i
1889,0.4562,13.175,-173.39-12.021i
1890,0.4567,13.183,-173.57-12.041i
1891,0.4571,13.19,-173.76-12.058i
1892,0.4576,13.197,-173.95-12.078i
1893,0.4581,13.204,-174.14-12.098i
1894,0.4586,13.211,-174.32-12.117i
1895,0.459,13.218,-174.51-12.134i
1896,0.4595,13.225,-174.7-12.154i
1897,0.46,13.232,-174.89-12.174i
1898,0.4605,13.24,-175.07-12.194i
1899,0.4609,13.247,-175.27-12.211i
1900,0.4614,13.254,-175.45-12.231i
1901,0.4619,13.261,-175.64-12.251i
1902,0.4624,13.268,-175.83-12.27i
1903,0.4629,13.275,-176.02-12.29i
1904,0.4633,13.282,-176.21-12.307i
1905,0.4638,13.29,-176.4-12.327i
1906,0.4643,13.297,-176.58-12.347i
1907,0.4648,13.304,-176.78-12.367i
1908,0.4653,13.311,-176.96-12.387i
1909,0.4657,13.318,-177.15-12.404i
1910,0.4662,13.325,-177.34-12.424i
1911,0.4667,13.332,-177.53-12.444i
1912,0.4672,13.339,-177.72-12.464i
1913,0.4677,13.347,-177.91-12.484i
1914,0.4681,13.354,-178.1-12.502i
1915,0.4686,13.361,-178.29-12.522i
1916,0.4691,13.368,-178.48-12.542i
1917,0.4696,13.375,-178.67-12.562i
1918,0.4701,13.382,-178.86-12.582i
1919,0.4706,13.389,-179.05-12.602i
1920,0.471,13.396,-179.24-12.619i
1921,0.4715,13.403,-179.43-12.64i
1922,0.472,13.411,-179.62-12.66i
1923,0.4725,13.418,-179.81-12.68i
1924,0.473,13.425,-180-12.7i
1925,0.4735,13.432,-180.19-12.72i
1926,0.4739,13.439,-180.38-12.738i
1927,0.4744,13.446,-180.58-12.758i
1928,0.4749,13.453,-180.77-12.778i
1929,0.4754,13.46,-180.96-12.798i
1930,0.4759,13.468,-181.15-12.818i
1931,0.4764,13.475,-181.34-12.839i
1932,0.4769,13.482,-181.53-12.859i
1933,0.4773,13.489,-181.72-12.877i
1934,0.4778,13.496,-181.91-12.897i
1935,0.4783,13.503,-182.11-12.917i
1936,0.4788,13.51,-182.3-12.937i
1937,0.4793,13.517,-182.49-12.958i
1938,0.4798,13.524,-182.68-12.978i
1939,0.4803,13.532,-182.87-12.998i
1940,0.4808,13.539,-183.07-13.019i
1941,0.4812,13.546,-183.26-13.037i
1942,0.4817,13.553,-183.45-13.057i
1943,0.4822,13.56,-183.64-13.077i
1944,0.4827,13.567,-183.84-13.098i
1945,0.4832,13.574,-184.03-13.118i
1946,0.4837,13.582,-184.22-13.139i
1947,0.4842,13.589,-184.42-13.159i
1948,0.4847,13.596,-184.61-13.18i
1949,0.4852,13.603,-184.8-13.2i
1950,0.4856,13.61,-184.99-13.218i
1951,0.4861,13.617,-185.19-13.239i
1952,0.4866,13.624,-185.38-13.259i
1953,0.4871,13.631,-185.58-13.28i
1954,0.4876,13.638,-185.77-13.3i
1955,0.4881,13.646,-185.96-13.321i
1956,0.4886,13.653,-186.15-13.341i
1957,0.4891,13.66,-186.35-13.362i
1958,0.4896,13.667,-186.54-13.383i
1959,0.4901,13.674,-186.74-13.403i
1960,0.4906,13.681,-186.93-13.424i
1961,0.4911,13.688,-187.13-13.445i
1962,0.4916,13.695,-187.32-13.465i
1963,0.492,13.703,-187.52-13.483i
1964,0.4925,13.71,-187.71-13.504i
1965,0.493,13.717,-187.9-13.525i
1966,0.4935,13.724,-188.1-13.545i
1967,0.494,13.731,-188.29-13.566i
1968,0.4945,13.738,-188.49-13.587i
1969,0.495,13.745,-188.68-13.608i
1970,0.4955,13.752,-188.88-13.629i
1971,0.496,13.759,-189.08-13.649i
1972,0.4965,13.767,-189.27-13.67i
1973,0.497,13.774,-189.47-13.691i
1974,0.4975,13.781,-189.66-13.712i
1975,0.498,13.788,-189.86-13.733i
1976,0.4985,13.795,-190.05-13.754i
1977,0.499,13.802,-190.25-13.774i
1978,0.4995,13.809,-190.44-13.795i
1979,0.5,13.816,-190.64-13.816i
1980,0.5005,13.823,-190.84-13.837i
1981,0.501,13.831,-191.03-13.858i
1982,0.5015,13.838,-191.23-13.879i
1983,0.502,13.845,-191.42-13.9i
1984,0.5025,13.852,-191.62-13.921i
1985,0.503,13.859,-191.82-13.942i
1986,0.5035,13.866,-192.02-13.963i
1987,0.504,13.873,-192.21-13.984i
1988,0.5045,13.88,-192.41-14.005i
1989,0.505,13.887,-192.6-14.026i
1990,0.5055,13.895,-192.8-14.047i
1991,0.506,13.902,-193-14.069i
1992,0.5065,13.909,-193.2-14.09i
1993,0.507,13.916,-193.4-14.111i
1994,0.5075,13.923,-193.59-14.132i
1995,0.508,13.93,-193.79-14.153i
1996,0.5085,13.937,-193.99-14.174i
1997,0.509,13.944,-194.18-14.195i
1998,0.5095,13.951,-194.38-14.216i
1999,0.51,13.959,-194.58-14.238i
2000,0.5105,13.966,-194.78-14.259i
