248+0i,2.49113342+0i,4.14612382+0i,-10.9845970145305-20.6570952229201i
249+0i,2.60699955+0i,4.15593055+0i,-10.4753120827231-21.6690181473625i
250+0i,2.72343015+0i,4.15425424+0i,-9.84075650862895-22.6276424959627i
251+0i,2.83850152+0i,4.14132315+0i,-9.09346655368361-23.5103041121724i
252+0i,2.95043679+0i,4.11776397+0i,-8.25090286084466-24.2984046192489i
253+0i,3.05769274+0i,4.08453858+0i,-7.33397051925971-24.9785279246318i
254+0i,3.15902276+0i,4.04286347+0i,-6.36532023886243-25.5429954346052i
255+0i,3.25351312+0i,3.99412062+0i,-5.36765190509705-25.9898476800651i
256+0i,3.34059426+0i,3.93976628+0i,-4.36218833108009-26.3223212414191i
257+0i,3.42002752+0i,3.88124639+0i,-3.36748530233068-26.5479389314013i
258+0i,3.4918727+0i,3.81992286+0i,-2.39863570334529-26.6773687018798i
259+0i,3.55644073+0i,3.75701579+0i,-1.46689698030639-26.7232079576183i
260+0i,3.61423761+0i,3.69356234+0i,-0.579689257927765-26.6988238482152i
261+0i,3.66590497+0i,3.63039444+0i,0.25909545908779-26.6173620413127i
262+0i,3.71216195+0i,3.56813157+0i,1.04858344219714-26.4909644934955i
263+0i,3.75375244+0i,3.50718807+0i,1.79028922245563-26.3302315506028i
264+0i,3.79140054+0i,3.44779109+0i,2.48745465442891-26.1439140008664i
265+0i,3.82577471+0i,3.39000536+0i,3.14441579084686-25.9387935461049i
266+0i,3.85746163+0i,3.33376241+0i,3.76603842059325-25.7197211602227i
267+0i,3.88694861+0i,3.27889134+0i,4.35724107725394-25.4897642727081i
268+0i,3.91461384+0i,3.22514923+0i,4.92261396054995-25.2504276236467i
269+0i,3.94072298+0i,3.17225026+0i,5.46612589303001-25.0019189957859i
270+0i,3.96543105+0i,3.11989243+0i,5.99091463753279-24.7434366291639i
271+0i,3.98878889+0i,3.06778201+0i,6.49915034810779-24.4734695968597i
272+0i,4.01075333+0i,3.01565492+0i,6.99196767758588-24.1900960250418i
273+0i,4.03120057+0i,2.96329517+0i,7.469459771023-23.8912743567645i
274+0i,4.04994239+0i,2.91054971+0i,7.93073374793783-23.5751172974624i
275+0i,4.06674422+0i,2.85733954+0i,8.374019304056-23.2401381177449i
276+0i,4.08134438+0i,2.80366681+0i,8.79682436666201-22.8854595567721i
277+0i,4.09347347+0i,2.74961852+0i,9.19612304406686-22.5109809284813i
278+0i,4.10287388+0i,2.69536852+0i,9.56856261657926-22.1175141953645i
279+0i,4.10932318+0i,2.64117848+0i,9.9107132344702-21.7069119007623i
280+0i,4.11266629+0i,2.58739183+0i,10.2194275309516-21.2821583165248i
281+0i,4.11285175+0i,2.53440653+0i,10.4923330581714-20.8472766642439i
282+0i,4.10994855+0i,2.48262107+0i,10.7282697064392-20.4068897336919i
283+0i,4.10412009+0i,2.43237917+0i,10.9273332864917-19.965552436189i
284+0i,4.09557019+0i,2.38395311+0i,11.090462750538-19.5272945833476i
285+0i,4.08450721+0i,2.33756972+0i,11.2189669526811-19.0956407504354i
286+0i,4.07114826+0i,2.29344078+0i,11.314377543534-18.6738748818201i
287+0i,4.05574152+0i,2.25176599+0i,11.3785892033312-18.2651616379338i
288+0i,4.03857617+0i,2.21271393+0i,11.4139945448758-17.8724274974501i
289+0i,4.01997354+0i,2.17640239+0i,11.4234598991024-17.4981600403855i
290+0i,4.00026909+0i,2.14288909+0i,11.4101791403684-17.1442659800505i
291+0i,3.97979494+0i,2.11217206+0i,11.377496953405-16.8120233535948i
292+0i,3.95886611+0i,2.08419543+0i,11.3287502864736-16.5021013088878i
293+0i,3.93777039+0i,2.05885767+0i,11.2671407390429-16.2146175403008i
294+0i,3.91676161+0i,2.03602101+0i,11.1956399564084-15.9492178582429i
295+0i,3.89605573+0i,2.01552111+0i,11.1169249064102-15.7051651391029i
296+0i,3.8758294+0i,1.99717648+0i,11.0333396456392-15.481430636345i
297+0i,3.85622073+0i,1.98079701+0i,10.9468815236568-15.276780983768i
298+0i,3.83733158+0i,1.96619149+0i,10.8592046795169-15.0898573938085i
299+0i,3.8192311+0i,1.9531736+0i,10.7716390834703-14.9192427136379i
300+0i,3.80196+0i,1.94156666+0i,10.6852187463764-14.7635175573072i
301+0i,3.78553511+0i,1.93120683+0i,10.6007162488041-14.6213025192736i
302+0i,3.76995391+0i,1.92194524+0i,10.5186789779656-14.4912899446878i
303+0i,3.75519889+0i,1.91364891+0i,10.439466552713-14.3722645253634i
304+0i,3.74124137+0i,1.906201+0i,10.3632847361985-14.2631160814707i
305+0i,3.72804493+0i,1.89950027+0i,10.2902177243686-14.1628447022143i
306+0i,3.71556816+0i,1.89346027+0i,10.2202549575373-14.070561382874i
307+0i,3.70376707+0i,1.88800807+0i,10.1533160364313-13.9854842351205i
308+0i,3.69259686+0i,1.8830831+0i,10.0892696089763-13.9069334843581i
309+0i,3.68201336+0i,1.87863567+0i,10.0279504026221-13.8343232710251i
310+0i,3.67197409+0i,1.87462576+0i,9.96917197757575-13.7671544383331i
311+0i,3.66243906+0i,1.87102175+0i,9.91273747924062-13.7050062786191i
312+0i,3.65337169+0i,1.867799+0i,9.85845160089246-13.6475279784206i
313+0i,3.64473877+0i,1.86493913+0i,9.80612274293596-13.5944319016021i
314+0i,3.63651055+0i,1.86242906+0i,9.75556697672882-13.5454858506332i
315+0i,3.62866112+0i,1.86025997+0i,9.70661436781525-13.5005060524627i
316+0i,3.6211686+0i,1.85842655+0i,9.65911278788106-13.4593517365327i
317+0i,3.61401502+0i,1.85692616+0i,9.61292980109326-13.4219180665418i
318+0i,3.60718639+0i,1.85575818+0i,9.56795522956432-13.3881313000543i
319+0i,3.60066762+0i,1.85492583+0i,9.52405747491527-13.3579427471652i
320+0i,3.59446185+0i,1.85442555+0i,9.48126187061262-13.3313237862805i
321+0i,3.58856125+0i,1.85426139+0i,9.43948654255683-13.3082611430503i
322+0i,3.58296589+0i,1.85443452+0i,9.39871717993586-13.288751260797i
323+0i,3.5776793+0i,1.854945+0i,9.35896822062349-13.272796658277i
324+0i,3.57270718+0i,1.85579165+0i,9.32027394581383-13.2604003050781i
325+0i,3.56805694+0i,1.85697189+0i,9.28268572683199-13.2515628789988i
326+0i,3.5637375+0i,1.85848125+0i,9.24627241230469-13.2462786473438i
327+0i,3.55975878+0i,1.86031325+0i,9.21111718366153-13.2445328504757i
328+0i,3.55613125+0i,1.86245937+0i,9.17731456232577-13.2462999350246i
329+0i,3.55286542+0i,1.86490911+0i,9.14496670407078-13.251542176724i
330+0i,3.54997149+0i,1.86765019+0i,9.11418034760578-13.2602098555862i
331+0i,3.5474591+0i,1.8706687+0i,9.08506468101312-13.2722414058003i
332+0i,3.54533708+0i,1.87394929+0i,9.05772906933142-13.2875638077533i
333+0i,3.54361323+0i,1.87747538+0i,9.03228092132489-13.3060931911346i
334+0i,3.54229424+0i,1.88122927+0i,9.00882491643244-13.3277352144808i
335+0i,3.5413855+0i,1.88519228+0i,8.98746132703865-13.3523852102079i
336+0i,3.54089092+0i,1.88934495+0i,8.96828416724794-13.3799287564057i
337+0i,3.54081277+0i,1.89366723+0i,8.9513794942192-13.4102422202291i
338+0i,3.54115155+0i,1.89813872+0i,8.93682369970416-13.443193740886i
339+0i,3.5419059+0i,1.90273895+0i,8.92468189260771-13.4786446263296i
340+0i,3.54307253+0i,1.9074475+0i,8.91500698758435-13.5164496793343i
341+0i,3.54464618+0i,1.91224464+0i,8.90783697817986-13.556461316803i
342+0i,3.5466197+0i,1.91711132+0i,8.90319548315595-13.59852954921i
343+0i,3.54898411+0i,1.92202966+0i,8.90109019911278-13.6425054445774i
344+0i,3.55172875+0i,1.92698314+0i,8.9015130917323-13.6882428382066i
345+0i,3.55484146+0i,1.93195692+0i,8.90444026499905-13.7356011162998i
346+0i,3.55830879+0i,1.93693804+0i,8.90983247419222-13.7844473068347i
347+0i,3.56211625+0i,1.94191568+0i,8.9176356702842-13.8346587997156i
348+0i,3.56624863+0i,1.94688123+0i,8.92778276725056-13.8861250385204i
349+0i,3.57069026+0i,1.95182853+0i,8.94019432233691-13.9387502425222i
350+0i,3.57542535+0i,1.95675386+0i,8.95478076479773-13.9924547095087i
351+0i,3.58043829+0i,1.96165604+0i,8.97144392922964-14.0471767948515i
352+0i,3.58571404+0i,1.96653638+0i,8.99007984278962-14.1028742158736i
353+0i,3.59123839+0i,1.97139871+0i,9.01058030002013-14.159525458697i
354+0i,3.59699832+0i,1.97624922+0i,9.03283593453222-14.2171302484826i
355+0i,3.6029823+0i,1.98109644+0i,9.05673834953262-14.275710815826i
356+0i,3.60918059+0i,1.985951+0i,9.08218315683175-14.3353116037822i
357+0i,3.61558549+0i,1.99082555+0i,9.10907206496574-14.3959999434025i
358+0i,3.62219166+0i,1.99573449+0i,9.137316267198-14.4578656505047i
359+0i,3.6289963+0i,2.00069379+0i,9.16683850406912-14.521020722686i
360+0i,3.63599942+0i,2.00572074+0i,9.19757609537419-14.5855988946439i
361+0i,3.64320401+0i,2.01083369+0i,9.22948332964106-14.6517547257022i
362+0i,3.65061626+0i,2.01605177+0i,9.26253433845626-14.7196627451276i
363+0i,3.65824568+0i,2.02139465+0i,9.29672512419004-14.7895164918752i
364+0i,3.66610529+0i,2.02688222+0i,9.33207646361386-14.8615272578979i
365+0i,3.67421177+0i,2.03253426+0i,9.36863661273279-14.9359226020405i
366+0i,3.68258553+0i,2.03837023+0i,9.40648299121513-15.0129454275615i
367+0i,3.6912509+0i,2.04440886+0i,9.44572561990431-15.0928520888859i
368+0i,3.70023623+0i,2.05066792+0i,9.48650923968749-15.1759114665655i
369+0i,3.70957401+0i,2.05716382+0i,9.52901635335049-15.2624028819686i
370+0i,3.71930104+0i,2.06391135+0i,9.57347016548626-15.3526152610456i
371+0i,3.72945854+0i,2.07092331+0i,9.62013764567758-15.4468452483291i
372+0i,3.74009244+0i,2.07821014+0i,9.66933407374633-15.5453960666907i
373+0i,3.75125355+0i,2.08577961+0i,9.72142661489585-15.6485763330602i
374+0i,3.76299793+0i,2.09363631+0i,9.77684042263387-15.7566982014057i
375+0i,3.7753873+0i,2.1017813+0i,9.8360646319716-15.870076854795i
376+0i,3.78848961+0i,2.11021154+0i,9.89966078152878-15.9890289883842i
377+0i,3.80237983+0i,2.11891929+0i,9.96827341405672-16.1138719393878i
378+0i,3.81714106+0i,2.12789132+0i,10.0426444022066-16.2449226575792i
379+0i,3.83286608+0i,2.13710776+0i,10.1236328093623-16.3824956852176i
380+0i,3.84965957+0i,2.14654046+0i,10.2122428584756-16.5269000484624i
381+0i,3.86764125+0i,2.15615014+0i,10.3096654124795-16.6784304453146i
382+0i,3.8869498+0i,2.16588149+0i,10.4173361189954-16.8373452487584i
383+0i,3.90774741+0i,2.17565469+0i,10.5370164902427-17.0038179598037i
384+0i,3.9302229+0i,2.18535156+0i,10.67089060289-17.1778374913254i
385+0i,3.95459024+0i,2.19479472+0i,10.8216601033634-17.3590275570311i
386+0i,3.98107635+0i,2.20372049+0i,10.9925849064835-17.5463590494988i
387+0i,4.00989179+0i,2.21175035+0i,11.1873925567843-17.7377591399893i
388+0i,4.04117945+0i,2.21837142+0i,11.4099595900295-17.9296739899426i
389+0i,4.07494369+0i,2.22294139+0i,11.6636976532957-18.1167219808407i
390+0i,4.11097354+0i,2.22473273+0i,11.9506677266469-18.2916347732039i
391+0i,4.14878383+0i,2.22302211+0i,12.2705799665206-18.445676367401i
392+0i,4.18760227+0i,2.21721431+0i,12.6199734752404-18.569623355265i
393+0i,4.22642149+0i,2.20697246+0i,12.9919111719354-18.6551916655643i
394+0i,4.26411564+0i,2.19231665+0i,13.3764298974254-18.6965834301948i
395+0i,4.29959762+0i,2.17365795+0i,13.7617508103115-18.6917090970282i
396+0i,4.33197724+0i,2.15175388+0i,14.135982047783-18.6426976684834i
397+0i,4.36067952+0i,2.12759642+0i,14.4888593497506-18.5555322710386i
398+0i,4.38549612+0i,2.10226372+0i,14.8130634701068-18.4389387745535i
399+0i,4.40656494+0i,2.07677453+0i,15.1048221219805-18.302883664366i
400+0i,4.42429405+0i,2.05197812+0i,15.3637636359067-18.1571091740924i
401+0i,4.4392581+0i,2.02849653+0i,15.5922143061936-18.0100393032488i
402+0i,4.45209652+0i,2.00671821+0i,15.7942454490505-17.8682063187233i
403+0i,4.46343384+0i,1.98682928+0i,15.9747510561918-17.7361620853097i
404+0i,4.47383086+0i,1.96886331+0i,16.1387398304242-17.6167228707995i
405+0i,4.48376485+0i,1.95275312+0i,16.2909024824258-17.5113716003677i
406+0i,4.49363064+0i,1.93837372+0i,16.4354236503602-17.4206710799256i
407+0i,4.50375359+0i,1.92557249+0i,16.5759669851931-17.3446080292855i
408+0i,4.51440698+0i,1.91418679+0i,16.7157593140622-17.2828364115996i
409+0i,4.52582908+0i,1.90405178+0i,16.8577156804525-17.2348258314995i
410+0i,4.53823807+0i,1.89500103+0i,17.0045758762963-17.1999316340704i
411+0i,4.55184374+0i,1.88686198+0i,17.1590333018077-17.177401783814i
412+0i,4.56685581+0i,1.87944732+0i,17.3238497606756-17.1663298258619i
413+0i,4.5834881+0i,1.8725427+0i,17.5019469995183-17.1655543643837i
414+0i,4.60195711+0i,1.86589159+0i,17.6964578166468-17.1735061381794i
415+0i,4.62247324+0i,1.85917852+0i,17.9107140852867-17.1880059141656i
416+0i,4.64522287+0i,1.85201375+0i,18.148140581782-17.2060332541089i
417+0i,4.67034065+0i,1.84392343+0i,18.4120281713395-17.2235011012329i
418+0i,4.69787356+0i,1.83435077+0i,18.7051732383475-17.2350959642973i
419+0i,4.72774135+0i,1.82267277+0i,19.0294022460003-17.2342508444961i
420+0i,4.75970065+0i,1.80823557+0i,19.3850344009972-17.2133200357642i
421+0i,4.79332164+0i,1.79040699+0i,19.7703751546514-17.1639931391485i
422+0i,4.82798584+0i,1.76864074+0i,20.1813572040528-17.0779448975342i
423+0i,4.8629098+0i,1.74254228+0i,20.6114381253484-16.9476518606527i
424+0i,4.8971949+0i,1.71192459+0i,21.0518320867393-16.7672567426652i
425+0i,4.92989719+0i,1.67684291+0i,21.4920841591526-16.5333263001608i
426+0i,4.96010708+0i,1.63760131+0i,21.9209241945524-16.2453557038965i
427+0i,4.98702613+0i,1.59472942+0i,22.3272676982892-15.9059145756395i
428+0i,5.01002939+0i,1.54893356+0i,22.7011993153695-15.5204053175147i
429+0i,5.02870466+0i,1.50103058+0i,23.0347777554106-15.096478944897i
430+0i,5.04286512+0i,1.45187554+0i,23.3225460348623-14.6432250384943i
431+0i,5.05253649+0i,1.40229398+0i,23.5616965764373-14.1702830073147i
432+0i,5.05792423+0i,1.3530271+0i,23.7519151830867-13.6870171058733i
433+0i,5.05936833+0i,1.30469512+0i,23.8949785424552-13.2018663408671i
434+0i,5.05729399+0i,1.25777982+0i,23.9942124256909-12.7219246488586i
435+0i,5.05216547+0i,1.21262435+0i,24.0539181220474-12.2527577383024i
436+0i,5.0444478+0i,1.16944602+0i,24.078849613231-11.7984188056155i
437+0i,5.03457919+0i,1.12835696+0i,24.0737981912006-11.3616049394153i
438+0i,5.02295398+0i,1.08938796+0i,24.0433005578049-10.9438911788922i
439+0i,5.00991489+0i,1.05251155+0i,23.9914666421603-10.545986572484i
440+0i,4.99575236+0i,1.01766198+0i,23.921905736908-10.1679744765345i
441+0i,4.98070817+0i,0.984751093+0i,23.8377191595401-9.80951562864306i
442+0i,4.96498166+0i,0.953679745+0i,23.7415378281131-9.47000488687695i
443+0i,4.94873651+0i,0.924345563+0i,23.6355783255692-9.14868527094921i
444+0i,4.9321073+0i,0.896647649+0i,23.5217054122561-8.84472483032148i
445+0i,4.9152053+0i,0.870489178+0i,23.401491732133-8.55726604259649i
446+0i,4.89812312+0i,0.845778578+0i,23.2762686956748-8.28545521460505i
447+0i,4.88093852+0i,0.822429858+0i,23.1471699646899-8.02845914782066i
448+0i,4.86371723+0i,0.800362474+0i,23.0151652036115-7.78547351007845i
449+0i,4.8465152+0i,0.779500978+0i,22.8810878091281-7.55572667658373i
450+0i,4.82938026+0i,0.759774587+0i,22.7456562726266-7.33848078501491i
451+0i,4.81235341+0i,0.741116754+0i,22.6094912996791-7.13303147664006i
452+0i,4.79546982+0i,0.723464782+0i,22.4731295037365-6.93870705582776i
453+0i,4.7787596+0i,0.706759489+0i,22.3370343393006-6.75486738589969i
454+0i,4.76224844+0i,0.690944911+0i,22.2016053342456-6.58090264907138i
455+0i,4.74595816+0i,0.675968057+0i,22.0671860423862-6.41623223203699i
456+0i,4.7299071+0i,0.661778704+0i,21.9340701215625-6.2603035813568i
457+0i,4.71411052+0i,0.648329221+0i,21.8025072159722-6.11259120227901i
458+0i,4.69858088+0i,0.635574423+0i,21.6727074387298-5.97259566344966i
459+0i,4.68332816+0i,0.623471437+0i,21.5448460214941-5.83984267571553i
460+0i,4.66836009+0i,0.611979588+0i,21.4190669137762-5.71388216902769i
461+0i,4.65368237+0i,0.601060306+0i,21.2954861094-5.59428749867801i
462+0i,4.63929885+0i,0.590677031+0i,21.1741944646603-5.48065454127943i
463+0i,4.62521172+0i,0.580795149+0i,21.0552604497234-5.37260106014789i
464+0i,4.6114217+0i,0.571381905+0i,20.9387328138695-5.26976583140868i
465+0i,4.59792813+0i,0.562406344+0i,20.8246421928738-5.17180789913611i
466+0i,4.58472917+0i,0.55383925+0i,20.7130036474083-5.07840592993185i
467+0i,4.57182189+0i,0.54565309+0i,20.6038180992566-4.98925748241628i
468+0i,4.55920239+0i,0.537821957+0i,20.4970739755504-4.90407830349776i
469+0i,4.54686593+0i,0.530321529+0i,20.3927488612739-4.82260178431121i
470+0i,4.53480704+0i,0.523129013+0i,20.2908109257912-4.7445782619613i
471+0i,4.52301957+0i,0.516223101+0i,20.1912197405969-4.66977437661817i
472+0i,4.51149685+0i,0.509583934+0i,20.093928041769-4.59797262610322i
473+0i,4.50023174+0i,0.50319301+0i,19.9988825083906-4.52897030989628i
474+0i,4.48921671+0i,0.497033218+0i,19.9060246495478-4.46257965534135i
475+0i,4.47844396+0i,0.491088748+0i,19.8152921444483-4.39862687460912i
476+0i,4.46790546+0i,0.485345033+0i,19.72661939844-4.33695144584916i
477+0i,4.45759304+0i,0.479788734+0i,19.6399384809831-4.27740584269762i
478+0i,4.44749847+0i,0.474407677+0i,19.5551799966558-4.21985483522751i
479+0i,4.43761354+0i,0.469190802+0i,19.4722739217099-4.16417491159732i
480+0i,4.42793009+0i,0.464128116+0i,19.3911499738657-4.11025370090282i
481+0i,4.41844012+0i,0.45921063+0i,19.3117386913206-4.05798934224495i
482+0i,4.40913582+0i,0.454430301+0i,19.2339717807401-4.00728983566496i
483+0i,4.40000964+0i,0.44977997+0i,19.1577828106797-3.95807240775782i
484+0i,4.39105431+0i,0.445253289+0i,19.0831074620043-3.91026274741025i
485+0i,4.38226294+0i,0.440844656+0i,19.0098844645737-3.8637943965717i
486+0i,4.37362899+0i,0.436549135+0i,18.9380553948992-3.81860790479085i
487+0i,4.36514635+0i,0.432362387+0i,18.867565423226-3.77465019098068i
488+0i,4.35680931+0i,0.428280592+0i,18.7983630982188-3.73187374103582i
489+0i,4.3486126+0i,0.424300374+0i,18.7304007375022-3.69023590512222i
490+0i,4.34055139+0i,0.420418733+0i,18.6636344581736-3.64969823181038i
491+0i,4.33262126+0i,0.416632977+0i,18.5980239450801-3.61022578753458i
492+0i,4.32481819+0i,0.41294066+0i,18.5335323878736-3.57178655551721i
493+0i,4.31713856+0i,0.409339525+0i,18.4701264995117-3.53435089501917i
494+0i,4.30957911+0i,0.405827457+0i,18.4077761804933-3.49789106190325i
495+0i,4.3021369+0i,0.402402438+0i,18.3464541842333-3.46238075433952i
496+0i,4.29480928+0i,0.399062519+0i,18.2861358575035-3.42779481980275i
497+0i,4.28759388+0i,0.395805783+0i,18.2267990619572-3.39410890571882i
498+0i,4.28048857+0i,0.392630327+0i,18.1684238242205-3.36129925391772i
499+0i,4.27349139+0i,0.38953425+0i,18.1109917284811-3.32934252697022i
500+0i,4.2666006+0i,0.386515631+0i,18.054486346913-3.29821564626796i
501+0i,4.25981456+0i,0.383572534+0i,17.9988921967488-3.26789573029859i
502+0i,4.25313178+0i,0.380702994+0i,17.9441951684054-3.2383600050451i
503+0i,4.24655086+0i,0.377905019+0i,17.8903820031814-3.20958576686553i
504+0i,4.24007049+0i,0.375176593+0i,17.8374402842338-3.18155040103608i
505+0i,4.23368942+0i,0.372515674+0i,17.7853581776443-3.15423133559594i
506+0i,4.22740644+0i,0.369920199+0i,17.7341242553253-3.12760606307736i
507+0i,4.22122038+0i,0.367388085+0i,17.6837274915274-3.10165214354234i
508+0i,4.21513012+0i,0.36491724+0i,17.634157336482-3.07634729926254i
509+0i,4.20913451+0i,0.362505558+0i,17.5854030436921-3.05166930848921i
510+0i,4.20323246+0i,0.36015093+0i,17.5374544204178-3.02759615895038i
511+0i,4.19742284+0i,0.357851247+0i,17.4903009827742-3.00410599496056i
512+0i,4.19170454+0i,0.355604401+0i,17.443932460646-2.98117716423136i
513+0i,4.18607643+0i,0.353408295+0i,17.3983384548267-2.95878826773197i
514+0i,4.18053739+0i,0.35126084+0i,17.3535086914705-2.93691815052562i
515+0i,4.17508625+0i,0.349159965+0i,17.3094325137803-2.91554593784396i
516+0i,4.16972186+0i,0.347103615+0i,17.2660994702158-2.89465106230105i
517+0i,4.16444303+0i,0.34508976+0i,17.2234988076587-2.87421329151275i
518+0i,4.15924855+0i,0.343116393+0i,17.1816196415318-2.85421272013296i
519+0i,4.15413719+0i,0.341181534+0i,17.1404509541985-2.8346297978613i
520+0i,4.1491077+0i,0.339283234+0i,17.0999815933258-2.8154453573406i
521+0i,4.14415881+0i,0.337419575+0i,17.0602002729074-2.79664060880541i
522+0i,4.13928922+0i,0.335588676+0i,17.0210954873488-2.77819717784175i
523+0i,4.13449761+0i,0.333788688+0i,16.982655598859-2.76009706556207i
524+0i,4.12978263+0i,0.332017803+0i,16.9448687495408-2.74232271136032i
525+0i,4.12514293+0i,0.330274251+0i,16.9077231120554-2.72485698294739i
526+0i,4.1205771+0i,0.328556299+0i,16.8712063954318-2.70768312344031i
527+0i,4.11608375+0i,0.326862258+0i,16.8353065013092-2.69078485728422i
528+0i,4.11166142+0i,0.325190479+0i,16.8000107850842-2.67414629331124i
529+0i,4.10730867+0i,0.323539355+0i,16.7653067964234-2.65775199575542i
530+0i,4.10302402+0i,0.321907321+0i,16.7311817853836-2.6415869405537i
531+0i,4.09880596+0i,0.320292855+0i,16.6976227847675-2.62563652603883i
532+0i,4.09465297+0i,0.318694478+0i,16.6646167744221-2.6098865817306i
533+0i,4.09056349+0i,0.317110753+0i,16.6321504360528-2.59432333701642i
534+0i,4.08653595+0i,0.315540288+0i,16.6002103972913-2.57893346117071i
535+0i,4.08256875+0i,0.31398173+0i,16.5687830717028-2.56370399793788i
536+0i,4.07866027+0i,0.312433769+0i,16.5378547380649-2.54862240125332i
537+0i,4.07480884+0i,0.310895139+0i,16.5074112950883-2.53367652142046i
538+0i,4.07101277+0i,0.309364614+0i,16.4774385091077-2.51885458836024i
539+0i,4.06727034+0i,0.307841013+0i,16.4479219293589-2.50414524322091i
540+0i,4.06357981+0i,0.306323197+0i,16.4188469712193-2.48953751732771i
541+0i,4.0599394+0i,0.304810072+0i,16.3901987516797-2.47502084165927i
542+0i,4.05634725+0i,0.303300598+0i,16.3619617598354-2.46058509324131i
543+0i,4.05280143+0i,0.301793785+0i,16.3341199423454-2.44622056682622i
544+0i,4.04929994+0i,0.300288705+0i,16.3066566977334-2.43191807027836i
545+0i,4.04584072+0i,0.298784498+0i,16.279554955365-2.41766897702632i
546+0i,4.0424216+0i,0.297280387+0i,16.2527967636517-2.40346531533032i
547+0i,4.03904033+0i,0.295775692+0i,16.2263635273884-2.38929989724332i
548+0i,4.03569456+0i,0.294269849+0i,16.2002358375831-2.37516645756264i
549+0i,4.03238183+0i,0.292762434+0i,16.1743933801525-2.36105983873635i
550+0i,4.02909958+0i,0.291253191+0i,16.1488150042885-2.34697621906352i
551+0i,4.02584515+0i,0.289742071+0i,16.1234787040712-2.33291342257261i
552+0i,4.02261579+0i,0.288229259+0i,16.0983616882136-2.3188711367868i
553+0i,4.01940868+0i,0.286715223+0i,16.0734405177594-2.30485131202867i
554+0i,4.01622095+0i,0.285200744+0i,16.0486912548408-2.29085840601677i
555+0i,4.01304977+0i,0.283686955+0i,16.0240901680599-2.2768997390295i
556+0i,4.00989234+0i,0.282175372+0i,15.9996136378273-2.2629857254389i
557+0i,4.006746+0i,0.280667916+0i,15.9752390294442-2.24913009952267i
558+0i,4.00360829+0i,0.279166922+0i,15.9509451694178-2.23535000642597i
559+0i,4.00047703+0i,0.277675133+0i,15.9267129880711-2.22166598273739i
560+0i,3.99735041+0i,0.276195665+0i,15.9025262549624-2.20810170945595i
561+0i,3.99422708+0i,0.274731972+0i,15.8783723101663-2.1946837646084i
562+0i,3.99110623+0i,0.273287774+0i,15.8542427317269-2.18144107478846i
563+0i,3.98798761+0i,0.271866972+0i,15.8301335270491-2.16840423180843i
564+0i,3.98487166+0i,0.270473549+0i,15.8060462059625-2.15560476037944i
565+0i,3.98175943+0i,0.269111459+0i,15.7819871810288-2.14307417918862i
566+0i,3.97865268+0i,0.26778452+0i,15.7579685989196-2.13084319632103i
567+0i,3.97555381+0i,0.266496301+0i,15.7340078177588-2.11894076958291i
568+0i,3.97246583+0i,0.26525002+0i,15.7101271974076-2.10739328171363i
569+0i,3.96939234+0i,0.264048435+0i,15.6863539728247-2.09622367055598i
570+0i,3.96633746+0i,0.262893743+0i,15.6627197264907-2.08545060172103i
571+0i,3.96330571+0i,0.261787484+0i,15.6392594641396-2.07508766028747i
572+0i,3.96030199+0i,0.260730442+0i,15.6160114886124-2.06514257661236i
573+0i,3.95733137+0i,0.259722569+0i,15.5930157591381-2.05561653960138i
574+0i,3.95439893+0i,0.258762937+0i,15.5703126400203-2.04650376239291i
575+0i,3.95150965+0i,0.257849729+0i,15.5479420312978-2.03779138478677i
576+0i,3.94866813+0i,0.256980284+0i,15.525941134513-2.0294597149383i
577+0i,3.9458785+0i,0.256151188+0i,15.5043437056484-2.02148293095732i
578+0i,3.94314426+0i,0.255358402+0i,15.483178741699-2.01383003417814i
579+0i,3.94046818+0i,0.25459742+0i,15.4624696313219-2.00646606444019i
580+0i,3.93785226+0i,0.253863434+0i,15.4422337784648-1.99935339461652i
581+0i,3.93529772+0i,0.253151493+0i,15.4224824666291-1.99245298643499i
582+0i,3.93280504+0i,0.252456649+0i,15.4032211230251-1.98572556313742i
583+0i,3.93037402+0i,0.25177408+0i,15.3844497497311-1.9791326058828i
584+0i,3.92800383+0i,0.251099192+0i,15.3661632842716-1.97263717577181i
585+0i,3.92569312+0i,0.250427697+0i,15.3483524409906-1.96620457434069i
586+0i,3.92344007+0i,0.249755661+0i,15.3310040926801-1.95980273615347i
587+0i,3.92124253+0i,0.249079546+0i,15.3141023588452-1.95340261825658i
588+0i,3.91909807+0i,0.248396221+0i,15.2976289996706-1.94697830063279i
589+0i,3.91700404+0i,0.247702961+0i,15.2815638924882-1.94050699791392i
590+0i,3.91495768+0i,0.24699744+0i,15.2658859008244-1.93396904933668i
591+0i,3.91295616+0i,0.246277711+0i,15.2505731991465-1.9273477726563i
592+0i,3.91099663+0i,0.245542177+0i,15.2356036791855-1.92062925353973i
593+0i,3.90907623+0i,0.244789561+0i,15.2209550427764-1.91380210851447i
594+0i,3.90719219+0i,0.244018878+0i,15.2066055967766-1.90685730866833i
595+0i,3.90534178+0i,0.243229403+0i,15.1925338761298-1.89978789932071i
596+0i,3.90352236+0i,0.242420639+0i,15.1787190488068-1.89258876972398i
597+0i,3.90173139+0i,0.241592291+0i,15.1651410046407-1.88525645075343i
598+0i,3.89996642+0i,0.240744244+0i,15.1517802861085-1.87778893481657i
599+0i,3.89822512+0i,0.239876539+0i,15.1386183322364-1.87018550005692i
600+0i,3.89650525+0i,0.238989354+0i,15.1256372519522-1.86244654511022i
601+0i,3.89480467+0i,0.238082995+0i,15.1128199049456-1.85457352154717i
602+0i,3.89312135+0i,0.237157876+0i,15.100149987677-1.84656878075251i
603+0i,3.89145335+0i,0.236214512+0i,15.0876118795468-1.83843550808203i
604+0i,3.88979883+0i,0.235253512+0i,15.075190722961-1.83017767146198i
605+0i,3.88815603+0i,0.234275571+0i,15.062872270458-1.82179994813069i
606+0i,3.8865233+0i,0.233281461+0i,15.0506431213966-1.81330766726908i
607+0i,3.88489909+0i,0.232272031+0i,15.038490643098-1.8047068037287i
608+0i,3.88328192+0i,0.231248199+0i,15.0264027406581-1.79600390041852i
609+0i,3.88167043+0i,0.230210946+0i,15.0143682474782-1.78720604350105i
610+0i,3.88006334+0i,0.229161316+0i,15.0023766136611-1.77832084231551i
611+0i,3.87845948+0i,0.228100406+0i,14.9904181427845-1.7693563640851i
612+0i,3.87685777+0i,0.227029362+0i,14.9784838375992-1.76032109217569i
613+0i,3.87525724+0i,0.225949375+0i,14.9665655561095-1.75122390268445i
614+0i,3.87365703+0i,0.224861675+0i,14.9546560131846-1.74207401628265i
615+0i,3.87205638+0i,0.223767521+0i,14.9427487064442-1.73288091464967i
616+0i,3.87045466+0i,0.222668197+0i,14.9308381491605-1.7236543214249i
617+0i,3.86885132+0i,0.221565005+0i,14.9189194848251-1.71440412412011i
618+0i,3.86724594+0i,0.220459253+0i,14.9069888782132-1.70514030219937i
619+0i,3.86563822+0i,0.219352252+0i,14.8950434374673-1.69587289794854i
620+0i,3.86402796+0i,0.218245303+0i,14.8830810633802-1.68661190586134i
621+0i,3.86241507+0i,0.217139692+0i,14.8711005271212-1.67736723735192i
622+0i,3.86079958+0i,0.216036679+0i,14.8591015502548-1.66814863909559i
623+0i,3.85918161+0i,0.214937489+0i,14.8470845747846-1.65896560969675i
624+0i,3.85756141+0i,0.213843308+0i,14.8350510715448-1.64982738545509i
625+0i,3.8559393+0i,0.212755268+0i,14.8230030812227-1.64074279832646i
626+0i,3.85431571+0i,0.211674445+0i,14.8109435216867-1.63172027753806i
627+0i,3.85269115+0i,0.210601847+0i,14.7988759593285-1.62276774422111i
628+0i,3.85106624+0i,0.209538411+0i,14.7868048391833-1.61389260117069i
629+0i,3.8494417+0i,0.20848499+0i,14.7747354106436-1.60510162866017i
630+0i,3.84781827+0i,0.207442356+0i,14.762673107883-1.59640097477729i
631+0i,3.84619673+0i,0.206411194+0i,14.7506237048542-1.58779611879639i
632+0i,3.84457794+0i,0.205392091+0i,14.7385936256893-1.57929180421815i
633+0i,3.84296277+0i,0.20438554+0i,14.726589402645-1.57089204189269i
634+0i,3.84135214+0i,0.203391937+0i,14.714617983446-1.56260010490739i
635+0i,3.83974698+0i,0.202411573+0i,14.7026864255348-1.5544184522876i
636+0i,3.83814824+0i,0.201444642+0i,14.6908019684246-1.54634879629946i
637+0i,3.83655686+0i,0.200491237+0i,14.6789718038993-1.53839206136447i
638+0i,3.83497379+0i,0.199551354+0i,14.6672032271037-1.53054842469802i
639+0i,3.83339996+0i,0.19862489+0i,14.6555034064005-1.52281729076201i
640+0i,3.83183626+0i,0.197711651+0i,14.6438792265096-1.51519734665253i
641+0i,3.83028356+0i,0.196811359+0i,14.6323374389748-1.50768662559792i
642+0i,3.8287427+0i,0.195923641+0i,14.6208845897006-1.50028242047234i
643+0i,3.82721445+0i,0.195048057+0i,14.6095267017493-1.49298148438965i
644+0i,3.82569954+0i,0.194184091+0i,14.5982695091587-1.48577997522804i
645+0i,3.82419865+0i,0.19333116+0i,14.5871183772349-1.47867352214987i
646+0i,3.82271238+0i,0.192488624+0i,14.5760780698358-1.47165729194793i
647+0i,3.82124126+0i,0.191655789+0i,14.5651528256692-1.46472601728931i
648+0i,3.81978576+0i,0.190831922+0i,14.5543464298446-1.45787411641806i
649+0i,3.81834628+0i,0.190016248+0i,14.5436621394858-1.45109566738071i
650+0i,3.81692314+0i,0.189207966+0i,14.5331026022696-1.44438452739547i
651+0i,3.81551657+0i,0.188406253+0i,14.5226697797751-1.43773436042622i
652+0i,3.81412676+0i,0.187610273+0i,14.512365326813-1.43113872540041i
653+0i,3.81275378+0i,0.18681918+0i,14.5021899808884-1.424591069443i
654+0i,3.81139766+0i,0.186032132+0i,14.492144168517-1.41808486517922i
655+0i,3.81005835+0i,0.185248293+0i,14.4822277003453-1.41161361113579i
656+0i,3.80873571+0i,0.184466837+0i,14.4724396946764-1.4051708587853i
657+0i,3.80742956+0i,0.183686962+0i,14.462778954353-1.39875033781079i
658+0i,3.80613964+0i,0.182907888+0i,14.4532436636867-1.39234592597096i
659+0i,3.80486565+0i,0.182128864+0i,14.443831691448-1.38595171701424i
660+0i,3.8036072+0i,0.181349176+0i,14.434540208256-1.37956206309533i
661+0i,3.80236387+0i,0.180568147+0i,14.4253661441704-1.3731715964513i
662+0i,3.80113521+0i,0.179785141+0i,14.4163061877774-1.36677525937983i
663+0i,3.79992069+0i,0.178999568+0i,14.4073564049459-1.36036832388852i
664+0i,3.79871979+0i,0.178210885+0i,14.3985129234052-1.35394643128583i
665+0i,3.7975319+0i,0.177418597+0i,14.3897711729562-1.34750556352149i
666+0i,3.79635645+0i,0.17662226+0i,14.3811268727291-1.34104211192915i
667+0i,3.7951928+0i,0.175821481+0i,14.3725751959908-1.33455283755307i
668+0i,3.79404031+0i,0.175015916+0i,14.3641113030516-1.32803488039115i
669+0i,3.79289833+0i,0.174205275+0i,14.355730263879-1.32148579324938i
670+0i,3.79176621+0i,0.173389316+0i,14.3474271363948-1.31490349916762i
671+0i,3.79064328+0i,0.172567845+0i,14.3391968150812-1.30828628398666i
672+0i,3.78952888+0i,0.171740719+0i,14.3310342577914-1.30163282904493i
673+0i,3.78842237+0i,0.170907839+0i,14.3229345640848-1.29494216095192i
674+0i,3.78732309+0i,0.17006915+0i,14.3148926722654-1.28821363738335i
675+0i,3.78623041+0i,0.169224638+0i,14.3069037395025-1.28144694103368i
676+0i,3.78514371+0i,0.16837433+0i,14.2989629903496-1.27464207224993i
677+0i,3.7840624+0i,0.167518289+0i,14.2910658699443-1.26779931743447i
678+0i,3.78298588+0i,0.166656613+0i,14.2832077416227-1.26091922757525i
679+0i,3.78191361+0i,0.16578943+0i,14.2753844184035-1.25400260342228i
680+0i,3.78084503+0i,0.164916898+0i,14.2675915576298-1.24705046833263i
681+0i,3.77977963+0i,0.164039202+0i,14.2598251915701-1.24006406848211i
682+0i,3.77871692+0i,0.163156548+0i,14.252081502339-1.23304481707278i
683+0i,3.77765644+0i,0.162269165+0i,14.2443568967637-1.22599431235135i
684+0i,3.77659775+0i,0.161377299+0i,14.2366479326725-1.21891428860895i
685+0i,3.77554045+0i,0.160481209+0i,14.2289514711441-1.21180659208881i
686+0i,3.77448415+0i,0.159581173+0i,14.2212644478252-1.20467321625382i
687+0i,3.77342847+0i,0.158677478+0i,14.2135838761821-1.197516226066i
688+0i,3.77237305+0i,0.157770418+0i,14.2059069235704-1.19033774590087i
689+0i,3.77131759+0i,0.156860298+0i,14.1982312115548-1.18314000204008i
690+0i,3.77026179+0i,0.155947425+0i,14.1905543657699-1.17592523545278i
691+0i,3.76920539+0i,0.155032111+0i,14.1828743165639-1.16869573680856i
692+0i,3.76814812+0i,0.154114672+0i,14.1751889221339-1.16145382312243i
693+0i,3.76708977+0i,0.153195422+0i,14.1674964979169-1.15420181405407i
694+0i,3.76603014+0i,0.152274677+0i,14.159795438133-1.14694204628153i
695+0i,3.76496901+0i,0.151352752+0i,14.1520839907224-1.13967684171643i
696+0i,3.76390624+0i,0.150429961+0i,14.1443610103445-1.13240853778171i
697+0i,3.76284166+0i,0.149506614+0i,14.1366251306018-1.12513943120948i
698+0i,3.76177513+0i,0.14858302+0i,14.1288752148542-1.11787181875259i
699+0i,3.76070652+0i,0.147659483+0i,14.1211102066507-1.11060796091586i
700+0i,3.75963573+0i,0.146736305+0i,14.1133292790876-1.10335011033236i
701+0i,3.75856265+0i,0.145813783+0i,14.1055315346623-1.09610047727801i
702+0i,3.7574872+0i,0.144892212+0i,14.0977163050656-1.08886126393937i
703+0i,3.7564093+0i,0.143971882+0i,14.0898829263199-1.08163463296661i
704+0i,3.75532888+0i,0.14305308+0i,14.0820308132646-1.0744227253939i
705+0i,3.7542459+0i,0.142136088+0i,14.0741596101549-1.06722765123208i
706+0i,3.75316029+0i,0.141221188+0i,14.0662687384928-1.06005150981645i
707+0i,3.75207202+0i,0.140308654+0i,14.0583579248796-1.05289634967452i
708+0i,3.75098107+0i,0.139398761+0i,14.05042697293-1.04576422738491i
709+0i,3.74988741+0i,0.13849178+0i,14.0424756145489-1.03865716442098i
710+0i,3.74879102+0i,0.137587979+0i,14.0345036596673-1.0315771602703i
711+0i,3.74769191+0i,0.136687626+0i,14.0265111451779-1.02452622031461i
712+0i,3.74659006+0i,0.135790983+0i,14.0184978866267-1.01750629429086i
713+0i,3.74548549+0i,0.134898314+0i,14.0104640006805-1.01051935542493i
714+0i,3.74437821+0i,0.134009879+0i,14.0024095318532-1.00356734170467i
715+0i,3.74326826+0i,0.133125939+0i,13.9943347506888-0.996652204082792i
716+0i,3.74215565+0i,0.132246752+0i,13.9862397054124-0.989775860381898i
717+0i,3.74104042+0i,0.131372575+0i,13.9781246706116-0.982940226308963i
718+0i,3.73992263+0i,0.130503666+0i,13.9699900715467-0.976147227542723i
719+0i,3.73880232+0i,0.129640279+0i,13.9618361860982-0.969398751781295i
720+0i,3.73767956+0i,0.12878267+0i,13.9536635171495-0.96269670668245i
721+0i,3.73655442+0i,0.127931093+0i,13.9454725690654-0.956042982009162i
722+0i,3.73542697+0i,0.1270858+0i,13.9372638476417-0.949439449648052i
723+0i,3.73429731+0i,0.126247045+0i,13.929038083102-0.942888001077898i
724+0i,3.73316553+0i,0.125415079+0i,13.9207959323396-0.936390499730054i
725+0i,3.73203174+0i,0.124590151+0i,13.9125382026412-0.929948796046785i
726+0i,3.73089606+0i,0.12377251+0i,13.9042657762918-0.923564739790621i
727+0i,3.72975861+0i,0.122962405+0i,13.8959795358257-0.917240177510114i
728+0i,3.72861953+0i,0.12216008+0i,13.8876805143518-0.910976920148725i
729+0i,3.72747896+0i,0.121365779+0i,13.8793697449304-0.90477677537302i
730+0i,3.72633708+0i,0.120579742+0i,13.8710485596021-0.898641527422867i
731+0i,3.72519404+0i,0.119802206+0i,13.8627180670891-0.892572927540104i
732+0i,3.72405003+0i,0.119033407+0i,13.854379673961-0.886572725818704i
733+0i,3.72290525+0i,0.118273575+0i,13.8460348619343-0.880642626607538i
734+0i,3.72175991+0i,0.117522934+0i,13.8376851876672-0.874784288533552i
735+0i,3.72061422+0i,0.116781706+0i,13.8293322072099-0.868999351958919i
736+0i,3.71946841+0i,0.116050104+0i,13.8209776263495-0.863289391610429i
737+0i,3.71832274+0i,0.115328337+0i,13.8126233734859-0.857655956066967i
738+0i,3.71717746+0i,0.114616604+0i,13.8042713032196-0.852100513861092i
739+0i,3.71603284+0i,0.113915097+0i,13.7959234186339-0.846624482847571i
740+0i,3.71488917+0i,0.113223999+0i,13.7875818714337-0.841229215338382i
741+0i,3.71374675+0i,0.112543482+0i,13.7792488877949-0.835915981022367i
742+0i,3.71260588+0i,0.111873706+0i,13.7709266941164-0.830685957425983i
743+0i,3.71146689+0i,0.111214822+0i,13.7626177389338-0.825540259060487i
744+0i,3.71033012+0i,0.110566966+0i,13.7543245454088-0.820479888453632i
745+0i,3.70919591+0i,0.10993026+0i,13.7460496366971-0.815505741554473i
746+0i,3.70806462+0i,0.109304811+0i,13.737795684388-0.810618604929774i
747+0i,3.70693662+0i,0.108690712+0i,13.729565433822-0.805819161133347i
748+0i,3.70581228+0i,0.108088037+0i,13.7213616308563-0.801107949671389i
749+0i,3.70469199+0i,0.107496844+0i,13.7131871693002-0.796485393834159i
750+0i,3.70357616+0i,0.106917172+0i,13.7050450912519-0.791951778627639i
751+0i,3.70246517+0i,0.106349043+0i,13.6969382161161-0.787507255140665i
752+0i,3.70135944+0i,0.105792458+0i,13.6888696599074-0.783151826198207i
753+0i,3.70025938+0i,0.105247396+0i,13.6808424649132-0.778885328539149i
754+0i,3.69916542+0i,0.104713818+0i,13.6728598208436-0.774707469083547i
755+0i,3.69807796+0i,0.104191664+0i,13.6649246953907-0.770617792508251i
756+0i,3.69699744+0i,0.103680852+0i,13.6570403522951-0.766615688842038i
757+0i,3.69592427+0i,0.103181275+0i,13.6492098340644-0.762700356964089i
758+0i,3.69485888+0i,0.10269281+0i,13.6414363298892-0.758870881881306i
759+0i,3.69380168+0i,0.102215309+0i,13.6337228817769-0.755126160211838i
760+0i,3.6927531+0i,0.101748602+0i,13.6260726795507-0.751464930912332i
761+0i,3.69171353+0i,0.101292498+0i,13.618488617434-0.747885770708196i
762+0i,3.69068339+0i,0.100846783+0i,13.6109738115804-0.744387093906069i
763+0i,3.68966308+0i,0.100411226+0i,13.6035312296083-0.740967186779472i
764+0i,3.68865299+0i,0.0999855668+0i,13.5961637670676-0.737624119867329i
765+0i,3.68765349+0i,0.099569534+0i,13.5888741702082-0.734355879105547i
766+0i,3.68666495+0i,0.0991628322+0i,13.5816651862686-0.731160275628943i
767+0i,3.68568774+0i,0.098765147+0i,13.5745395625244-0.728034982874396i
768+0i,3.6847222+0i,0.0983761459+0i,13.5674998250907-0.724977537496338i
769+0i,3.68376865+0i,0.0979954782+0i,13.5605483529752-0.721985340869837i
770+0i,3.68282742+0i,0.0976227758+0i,13.553687599149-0.719055671065505i
771+0i,3.68189881+0i,0.0972576554+0i,13.5469197955455-0.7161856913613i
772+0i,3.68098309+0i,0.0968997187+0i,13.5402469533818-0.713372451920913i
773+0i,3.68008055+0i,0.0965485527+0i,13.5336712314598-0.71061290184384i
774+0i,3.67919142+0i,0.096203731+0i,13.5271943471433-0.707903883334376i
775+0i,3.67831594+0i,0.0958648149+0i,13.5208180917223-0.705242153463639i
776+0i,3.67745433+0i,0.0955313544+0i,13.5145441095623-0.702624385778089i
777+0i,3.67660677+0i,0.0952028903+0i,13.5083737508884-0.700047182001095i
778+0i,3.67577344+0i,0.0948789533+0i,13.5023083664301-0.697507073110281i
779+0i,3.67495449+0i,0.0945590666+0i,13.4963490864949-0.695000532743758i
780+0i,3.67415006+0i,0.0942427459+0i,13.4904969682432-0.692523981006099i
781+0i,3.67336026+0i,0.093929501+0i,13.4847528485892-0.690073792430061i
782+0i,3.67258518+0i,0.0936188372+0i,13.479117417677-0.687646308139105i
783+0i,3.6718249+0i,0.0933102561+0i,13.4735912923666-0.685237843546714i
784+0i,3.67107947+0i,0.0930032561+0i,13.4681748694103-0.682844688223725i
785+0i,3.67034892+0i,0.0926973338+0i,13.4628683988515-0.680463117999419i
786+0i,3.66963326+0i,0.0923919852+0i,13.457671983969-0.678089403694696i
787+0i,3.66893249+0i,0.0920867059+0i,13.4525856547741-0.675719814347169i
788+0i,3.66824657+0i,0.0917809929+0i,13.4476091476591-0.673350624793239i
789+0i,3.66757546+0i,0.0914743453+0i,13.4427421989461-0.670978128083693i
790+0i,3.6669191+0i,0.0911662644+0i,13.4379843981802-0.66859863240802i
791+0i,3.6662774+0i,0.0908562552+0i,13.4333351146418-0.666208470176785i
792+0i,3.66565026+0i,0.090543827+0i,13.4287936440303-0.66380400596789i
793+0i,3.66503755+0i,0.0902284941+0i,13.4243590617624-0.661381637912907i
794+0i,3.66443915+0i,0.0899097764+0i,13.4200305161604-0.658937809215812i
795+0i,3.66385489+0i,0.0895871999+0i,13.415806788591-0.656469000870045i
796+0i,3.6632846+0i,0.0892602978+0i,13.4116866598338-0.653971748644308i
797+0i,3.66272811+0i,0.0889286103+0i,13.4076689100543-0.651442641458091i
798+0i,3.66218521+0i,0.0885916858+0i,13.4037520255499-0.648878322931454i
799+0i,3.66165568+0i,0.0882490807+0i,13.3999344186319-0.646275495199867i
800+0i,3.66113929+0i,0.0879003604+0i,13.3962144274233-0.6436309261312i
801+0i,3.66063581+0i,0.0875450992+0i,13.3925903890604-0.640941450243045i
802+0i,3.66014497+0i,0.0871828808+0i,13.3890603467117-0.638203965260459i
803+0i,3.65966651+0i,0.0868132986+0i,13.3856224156018-0.6354154430181i
804+0i,3.65920015+0i,0.0864359558+0i,13.382274563305-0.632572924857507i
805+0i,3.65874561+0i,0.0860504657+0i,13.3790147560471-0.629673527236661i
806+0i,3.65830258+0i,0.0856564515+0i,13.3758407391511-0.62671443503219i
807+0i,3.65787074+0i,0.0852535473+0i,13.3727501832209-0.623692912299752i
808+0i,3.6574498+0i,0.0848413971+0i,13.3697409768582-0.620606301710231i
809+0i,3.6570394+0i,0.0844196557+0i,13.3668104948839-0.617452014058669i
810+0i,3.65663923+0i,0.0839879879+0i,13.3639564762635-0.614227542807811i
811+0i,3.65624894+0i,0.0835460695+0i,13.3611763655222-0.610930456101083i
812+0i,3.65586817+0i,0.0830935862+0i,13.3584675323516-0.607558393839463i
813+0i,3.65549658+0i,0.0826302343+0i,13.3558274907712-0.604109077776497i
814+0i,3.65513379+0i,0.0821557204+0i,13.3532534604053-0.600580299351665i
815+0i,3.65477944+0i,0.0816697608+0i,13.3507428052176-0.596969925283116i
816+0i,3.65443316+0i,0.081172082+0i,13.3482928140114-0.593275896254078i
817+0i,3.65409456+0i,0.0806624204+0i,13.3459006273568-0.589496223160146i
818+0i,3.65376327+0i,0.0801405219+0i,13.3435635299507-0.585628990713701i
819+0i,3.65343889+0i,0.0796061418+0i,13.3412785851521-0.581672348669949i
820+0i,3.65312104+0i,0.0790590447+0i,13.3390430003418-0.577624519191741i
821+0i,3.65280932+0i,0.0784990044+0i,13.3368538345871-0.573483789766082i
822+0i,3.65250334+0i,0.0779258032+0i,13.3347082179068-0.569248512920365i
823+0i,3.65220269+0i,0.0773392321+0i,13.3326031320214-0.564917103036309i
824+0i,3.65190697+0i,0.0767390905+0i,13.3305356295238-0.560488038936822i
825+0i,3.65161578+0i,0.0761251857+0i,13.3285027608472-0.555959858715101i
826+0i,3.65132872+0i,0.075497333+0i,13.3265015742067-0.551331160532608i
827+0i,3.65104536+0i,0.0748553552+0i,13.3245288965754-0.546600594548224i
828+0i,3.65076531+0i,0.0741990822+0i,13.3225818449001-0.541766870659197i
829+0i,3.65048816+0i,0.0735283514+0i,13.3206573878406-0.536828752420039i
830+0i,3.6502135+0i,0.0728430063+0i,13.3187524920154-0.53178504995369i
831+0i,3.64994091+0i,0.0721428977+0i,13.3168640488031-0.52663462736235i
832+0i,3.64966999+0i,0.0714278818+0i,13.3149890936082-0.521376393309454i
833+0i,3.64940033+0i,0.0706978213+0i,13.3131245866675-0.516009304765002i
834+0i,3.64913155+0i,0.0699525839+0i,13.3112677052111-0.510532361827024i
835+0i,3.64886324+0i,0.0691920433+0i,13.3094154053673-0.504944606595717i
836+0i,3.64859499+0i,0.0684160777+0i,13.3075646413652-0.499245116663341i
837+0i,3.64832641+0i,0.0676245698+0i,13.3057125114629-0.493433007932457i
838+0i,3.64805713+0i,0.0668174062+0i,13.3038562579725-0.487507430192032i
839+0i,3.64778675+0i,0.0659944761+0i,13.3019929025998-0.481467550981543i
840+0i,3.64751492+0i,0.0651556706+0i,13.3001198302113-0.475312561272211i
841+0i,3.64724127+0i,0.0643008803+0i,13.2982342783839-0.46904164865498i
842+0i,3.64696549+0i,0.0634299933+0i,13.2963339212009-0.462653993192062i
843+0i,3.64668726+0i,0.0625428907+0i,13.2944163590692-0.456148725438525i
844+0i,3.6464063+0i,0.0616394421+0i,13.2924794838573-0.44952490000385i
845+0i,3.64612237+0i,0.0607194974+0i,13.2905214796499-0.442781435530594i
846+0i,3.64583526+0i,0.0597828769+0i,13.2885407506888-0.435917041092519i
847+0i,3.64554482+0i,0.0588293573+0i,13.2865361413485-0.428930117537888i
848+0i,3.64525093+0i,0.0578586543+0i,13.2845067187885-0.421818626791247i
849+0i,3.64495355+0i,0.0568703992+0i,13.2824521393524-0.414579926907914i
850+0i,3.64465267+0i,0.0558641112+0i,13.280372286018-0.407210564084514i
851+0i,3.64434834+0i,0.0548391644+0i,13.2782674893087-0.399706035496254i
852+0i,3.64404063+0i,0.0537947491+0i,13.2761382380601-0.392060502802112i
853+0i,3.64372962+0i,0.052729831+0i,13.2739851085881-0.384266494144588i
854+0i,3.64341532+0i,0.051643108+0i,13.2718081834068-0.376314581719229i
855+0i,3.64309767+0i,0.0505329713+0i,13.269607051971-0.368193100002414i
856+0i,3.64277643+0i,0.0493974723+0i,13.2673800086939-0.359887895592036i
857+0i,3.64245107+0i,0.0482343036+0i,13.2651232493004-0.35138218151705i
858+0i,3.64212069+0i,0.0470408002+0i,13.2628302836426-0.342656543365152i
859+0i,3.64178386+0i,0.045813969+0i,13.260490763201-0.333689145733481i
860+0i,3.64143852+0i,0.0445505521+0i,13.2580897432474-0.324456193008414i
861+0i,3.64108181+0i,0.0432471307+0i,13.2556064327991-0.314932681852925i
862+0i,3.64070997+0i,0.0419002745+0i,13.2530134526542-0.305093494235774i
863+0i,3.64031824+0i,0.0405067346+0i,13.2502760929287-0.294914809614438i
864+0i,3.63990077+0i,0.0390636778+0i,13.2473516445233-0.284375821806504i
865+0i,3.63945069+0i,0.0375689537+0i,13.2441898986594-0.273460708932086i
866+0i,3.63896008+0i,0.0360213809+0i,13.2407329239517-0.262160734243149i
867+0i,3.63842018+0i,0.0344210351+0i,13.2369165985739-0.250476377448657i
868+0i,3.63782161+0i,0.0327695165+0i,13.2326722249713-0.238419310545903i
869+0i,3.63715461+0i,0.0310701758+0i,13.22792830122-0.226014066288961i
870+0i,3.63640947+0i,0.0293282727+0i,13.2226136859261-0.213299217170045i
871+0i,3.63557689+0i,0.0275510484+0i,13.2166602628341-0.200327909716623i
872+0i,3.6346485+0i,0.0257476962+0i,13.2100067746926-0.187167650743571i
873+0i,3.63361724+0i,0.02392922+0i,13.2026016392554-0.173899252663506i
874+0i,3.63247779+0i,0.0221081815+0i,13.194406123154-0.160614956552078i
875+0i,3.63122697+0i,0.0202983426+0i,13.1853972849431-0.14741577819084i
876+0i,3.62986396+0i,0.0185142224+0i,13.1755695916758-0.134408217274369i
877+0i,3.62839047+0i,0.0167705912+0i,13.1649361500576-0.121700506572692i
878+0i,3.62681081+0i,0.0150819337+0i,13.1535291868087-0.109398640357727i
879+0i,3.62513175+0i,0.0134619145+0i,13.1413989817161-0.0976024273394707i
880+0i,3.62336234+0i,0.0119228784+0i,13.1286124919009-0.0864018171579189i
881+0i,3.62151356+0i,0.0104754185+0i,13.1152507308711-0.0758737402888497i
882+0i,3.61959792+0i,0.00912803577+0i,13.1014057814313-0.0660796385735552i
883+0i,3.61762896+0i,0.00788690883+0i,13.0871770888998-0.0570638195765754i
884+0i,3.61562079+0i,0.00675578326+0i,13.0726680564728-0.04885270081518i
885+0i,3.61358754+0i,0.00573598027+0i,13.0579820077736-0.0414549336667157i
886+0i,3.61154291+0i,0.00482651675+0i,13.0432188955073-0.0348623446969175i
887+0i,3.60949977+0i,0.00402432082+0i,13.028472394472-0.0290515701483924i
888+0i,3.60746979+0i,0.00332452211+0i,13.0138272333154-0.0239862261560241i
889+0i,3.60546321+0i,0.00272079274+0i,12.9993575559504-0.0196194362522102i
890+0i,3.60348868+0i,0.00220571391+0i,12.9851258017143-0.0158965302120071i
891+0i,3.60155317+0i,0.00177114473+0i,12.9711820993834-0.0127577438337206i
892+0i,3.59966202+0i,0.00140857233+0i,12.9575646741545-0.0101407686374478i
893+0i,3.59781897+0i,0.00110942684+0i,12.9443001100639-0.00798303386155831i
894+0i,3.59602634+0i,0.000865349497+0i,12.931404689144-0.0062236391690355i
895+0i,3.59428518+0i,0.000668407392+0i,12.9188855083992-0.0048048935665361i
896+0i,3.59259546+0i,0.000511252617+0i,12.9067418778334-0.00367344766149464i
897+0i,3.59095628+0i,0.000387227679+0i,12.8949668549262-0.00278103533138975i
898+0i,3.58936608+0i,0.000290422231+0i,12.8835487719095-0.00208486340965865i
899+0i,3.58782279+0i,0.000215688098+0i,12.872472325922-0.00154770134707231i
900+0i,3.58632404+0i,0.000158620751+0i,12.8617200947214-0.00113773082510831i
901+0i,3.58486724+0i,0.000115515639+0i,12.8512731150814-0.000828216459917533i
902+0i,3.58344978+0i,8.33073829e-05+0i,12.8411123188419-0.000597055645850762i
903+0i,3.58206901+0i,5.94990113e-05+0i,12.8312183888622-0.00042625912900674i
904+0i,3.58072242+0i,4.20871518e-05+0i,12.8215730473193-0.000301404816088407i
905+0i,3.5794076+0i,2.94878875e-05+0i,12.8121587660682-0.00021109833725089i
906+0i,3.57812231+0i,2.04666793e-05+0i,12.8029592649009-0.00014646456362989i
907+0i,3.57686448+0i,1.4074586e-05+0i,12.7939595080876-0.000100685773468211i
908+0i,3.57563223+0i,9.59204169e-06+0i,12.7851458441228-6.85952268365353e-05i
909+0i,3.57442385+0i,6.48059622e-06+0i,12.7765058594068-4.63287953819757e-05i
910+0i,3.57323779+0i,4.34253602e-06+0i,12.7680283038652-3.10338276222004e-05i
911+0i,3.57207267+0i,2.88781811e-06+0i,12.7597031597526-2.06309922933241e-05i
912+0i,3.57092725+0i,1.9075626e-06+0i,12.7515214247889-1.36235345388417e-05i
913+0i,3.56980039+0i,1.2531717e-06+0i,12.7434748244426-8.94714564679393e-06i
914+0i,3.5686911+0i,8.20202771e-07+0i,12.7355561672185-5.85410065812608e-06i
915+0i,3.56759847+0i,5.36113579e-07+0i,12.7277588431461-3.82527596837325e-06i
916+0i,3.56652168+0i,3.51110057e-07+0i,12.7200768939099-2.50448326071307e-06i
917+0i,3.56545999+0i,2.31398266e-07+0i,12.7125049402907-1.65008251835675e-06i
918+0i,3.56441272+0i,1.5430098e-07+0i,12.7050380384978-1.09998475164093e-06i
919+0i,3.56337925+0i,1.04768814e-07+0i,12.6976716793306-7.46662035709419e-07i
920+0i,3.56235901+0i,7.29217626e-08+0i,12.6904017161282-5.19546996046382e-07i
921+0i,3.5613515+0i,5.2339355e-08+0i,12.6832245065522-3.72797680876565e-07i
922+0i,3.56035621+0i,3.88921479e-08+0i,12.6761363420856-2.76939800592007e-07i
923+0i,3.55937272+0i,2.9949525e-08+0i,12.6691341598802-2.13203044523916e-07i
924+0i,3.5584006+0i,2.38500333e-08+0i,12.6622148300804-1.6973594560948e-07i
925+0i,3.55743947+0i,1.95526294e-08+0i,12.6553755827139-1.39114591139685e-07i
926+0i,3.55648897+0i,1.64093538e-08+0i,12.6486137937317-1.16719371589055e-07i
927+0i,3.55554876+0i,1.40179762e-08+0i,12.6419269847375-9.9683195791239e-08i
928+0i,3.55461852+0i,1.21293035e-08+0i,12.635312822727-8.62300937116016e-08i
929+0i,3.55369795+0i,1.05885308e-08+0i,12.6287691198342-7.52568803949437e-08i
930+0i,3.55278677+0i,9.29849903e-09+0i,12.622293833087-6.60711686692837e-08i
931+0i,3.55188472+0i,8.19717157e-09+0i,12.6158850641695-5.82308168934028e-08i
932+0i,3.55099154+0i,7.2440364e-09+0i,12.6095409171516-5.14470239437041e-08i
933+0i,3.550107+0i,6.4111479e-09+0i,12.603259711449-4.55205220756506e-08i
934+0i,3.54923086+0i,5.67877163e-09+0i,12.5970396975763-4.0310543032177e-08i
935+0i,3.54836292+0i,5.03222637e-09+0i,12.5908794120309-3.57123309127084e-08i
936+0i,3.54750296+0i,4.46006925e-09+0i,12.5847772512088-3.164421773236e-08i
937+0i,3.5466508+0i,3.95308684e-09+0i,12.5787318971406-2.80404372071109e-08i
938+0i,3.54580624+0i,3.50350702e-09+0i,12.5727418916229-2.48455141067996e-08i
939+0i,3.54496911+0i,3.10459555e-09+0i,12.5668059908542-2.20113906475869e-08i
940+0i,3.54413924+0i,2.75059194e-09+0i,12.5609229525078-1.94969616555634e-08i
941+0i,3.54331647+0i,2.43644978e-09+0i,12.5550916065733-1.72662252676038e-08i
942+0i,3.54250064+0i,2.15774158e-09+0i,12.5493107844004-1.52876018562092e-08i
943+0i,3.5416916+0i,1.91055115e-09+0i,12.5435793895106-1.35331659186507e-08i
944+0i,3.54088921+0i,1.69129232e-09+0i,12.5378963974944-1.19773574536877e-08i
945+0i,3.54009333+0i,1.4968514e-09+0i,12.5322607851105-1.05979873142823e-08i
946+0i,3.53930384+0i,1.32446052e-09+0i,12.5266716718387-9.37533640872879e-09i
947+0i,3.5385206+0i,1.17167531e-09+0i,12.5211280366244-8.29199444189277e-09i
948+0i,3.53774349+0i,1.036318e-09+0i,12.5156290010374-7.33245451613964e-09i
949+0i,3.53697239+0i,9.16390639e-10+0i,12.5101736876223-6.48249677719491e-09i
950+0i,3.5362072+0i,8.10158922e-10+0i,12.5047613613318-5.72977962624128e-09i
951+0i,3.5354478+0i,7.16082406e-10+0i,12.4993911465248-5.06334393382281e-09i
952+0i,3.53469408+0i,6.32810128e-10+0i,12.494062239187-4.47358042641128e-09i
953+0i,3.53394595+0i,5.5911513e-10+0i,12.4887739775214-3.95176529849445e-09i
954+0i,3.5332033+0i,4.93893534e-10+0i,12.4835255591309-3.49005252835492e-09i
955+0i,3.53246604+0i,4.36185009e-10+0i,12.4783163237533-3.08161746289919e-09i
956+0i,3.53173408+0i,3.85137007e-10+0i,12.4731456118334-2.7204029861822e-09i
957+0i,3.53100733+0i,3.40011428e-10+0i,12.4680127645137-2.40116568910353e-09i
958+0i,3.5302857+0i,3.00110864e-10+0i,12.4629171236245-2.11895418318769e-09i
959+0i,3.5295691+0i,2.64836497e-10+0i,12.4578580316748-1.86951743272689e-09i
960+0i,3.52885747+0i,2.33659159e-10+0i,12.4528350435748-1.64909973734214e-09i
961+0i,3.52815071+0i,2.06116623e-10+0i,12.4478474324735-1.4544210195605e-09i
962+0i,3.52744876+0i,1.81789889e-10+0i,12.4428947544255-1.28250903706718e-09i
963+0i,3.52675153+0i,1.60300943e-10+0i,12.4379763543573-1.13068319197139e-09i
964+0i,3.52605896+0i,1.41323237e-10+0i,12.4330917893963-9.96628132160107e-10i
965+0i,3.52537098+0i,1.2456887e-10+0i,12.4282405466262-8.78302958618785e-10i
966+0i,3.52468751+0i,1.0978615e-10+0i,12.42342204315-7.73923743351973e-10i
967+0i,3.5240085+0i,9.67382469e-11+0i,12.4186359080722-6.81812808701397e-10i
968+0i,3.52333387+0i,8.52236629e-11+0i,12.4138815594892-6.00542836042065e-10i
969+0i,3.52266357+0i,7.50652197e-11+0i,12.4091586274051-5.28859029622473e-10i
970+0i,3.52199754+0i,6.61101915e-11+0i,12.4044666717661-4.65679863663858e-10i
971+0i,3.52133571+0i,5.82124456e-11+0i,12.3998051825212-4.09971126915425e-10i
972+0i,3.52067803+0i,5.12480878e-11+0i,12.3951737909247-3.60856033593942e-10i
973+0i,3.52002443+0i,4.51081552e-11+0i,12.3905719877968-3.17563616592463e-10i
974+0i,3.51937488+0i,3.96993346e-11+0i,12.385999545975-2.7943368188791e-10i
975+0i,3.51872931+0i,3.49333404e-11+0i,12.3814559570531-2.45841937523374e-10i
976+0i,3.51808766+0i,3.07336976e-11+0i,12.3769407834443-2.16247684545463e-10i
977+0i,3.5174499+0i,2.70338536e-11+0i,12.37245379901-1.90180451283869e-10i
978+0i,3.51681597+0i,2.37772678e-11+0i,12.367994566847-1.67240550244014e-10i
979+0i,3.51618582+0i,2.09092271e-11+0i,12.3635627207691-1.47041455672359e-10i
980+0i,3.5155594+0i,1.83837667e-11+0i,12.3591578949284-1.29258447659184e-10i
981+0i,3.51493668+0i,1.61604551e-11+0i,12.3547798644094-1.13605952792966e-10i
982+0i,3.51431759+0i,1.42049691e-11+0i,12.3504281233834-9.98415455470729e-11i
983+0i,3.5137021+0i,1.24839512e-11+0i,12.3461024475444-8.7729771095475e-11i
984+0i,3.51309017+0i,1.09694315e-11+0i,12.3418025425506-7.70732039462767e-11i
985+0i,3.51248175+0i,9.63724654e-12+0i,12.3375280440831-6.77013051840013e-11i
986+0i,3.5118768+0i,8.46617813e-12+0i,12.3332786583782-5.94643491188288e-11i
987+0i,3.51127528+0i,7.43610024e-12+0i,12.3290540919391-5.22203899046281e-11i
988+0i,3.51067716+0i,6.53012562e-12+0i,12.3248541217457-4.58503257321297e-11i
989+0i,3.51008239+0i,5.73392768e-12+0i,12.3206783845881-4.02531171502031e-11i
990+0i,3.50949093+0i,5.0343457e-12+0i,12.3165265877523-3.5335981145269e-11i
991+0i,3.50890275+0i,4.41923237e-12+0i,12.3123985089576-3.1013313231964e-11i
992+0i,3.50831781+0i,3.87878514e-12+0i,12.3082938559632-2.72160219756507e-11i
993+0i,3.50773607+0i,3.404177e-12+0i,12.304212336779-2.38819089031288e-11i
994+0i,3.50715751+0i,2.98725784e-12+0i,12.3001537999494-2.09535675357248e-11i
995+0i,3.50658208+0i,2.6209655e-12+0i,12.2961178837771-1.83812613091965e-11i
996+0i,3.50600976+0i,2.29934082e-12+0i,12.2921044372153-1.61230227129728e-11i
997+0i,3.5054405+0i,2.01710357e-12+0i,12.2881130990403-1.41416730939452e-11i
998+0i,3.50487428+0i,1.76913168e-12+0i,12.2841437186055-1.24011682463304e-11i
999+0i,3.50431107+0i,1.55147916e-12+0i,12.2801960753245-1.08737311905246e-11i
1000+0i,3.50375083+0i,1.36052631e-12+0i,12.2762698787257-9.53389037579867e-12i
