248+0i,3.00958182+0i,3.31461669+0i,-1.92910107035204-19.9512202609852i
249+0i,3.0616131+0i,3.29862281+0i,-1.50743766856068-20.1982136141096i
250+0i,3.11301483+0i,3.28027624+0i,-1.06935087890861-20.4230971632333i
251+0i,3.16359647+0i,3.25960258+0i,-0.616666354546197-20.6241344313818i
252+0i,3.21316929+0i,3.23664875+0i,-0.151438244677458-20.7998007320338i
253+0i,3.26154926+0i,3.21148263+0i,0.324082892614829-20.9488175907587i
254+0i,3.30856003+0i,3.18419203+0i,0.80749058819808-21.0701809566051i
255+0i,3.3540355+0i,3.15488349+0i,1.29626429978567-21.1631824476478i
256+0i,3.39782222+0i,3.12368055+0i,1.78781566027743-21.2274223619436i
257+0i,3.43978142+0i,3.09072161+0i,2.27953614685622-21.262813536941i
258+0i,3.47979066+0i,3.05615763+0i,2.76884357801602-21.2695775527235i
259+0i,3.51774499+0i,3.02014966+0i,3.25322584587199-21.2482326710304i
260+0i,3.55355777+0i,2.98286626+0i,3.73028169968098-21.1995751501877i
261+0i,3.58716098+0i,2.94448079+0i,4.19775677375554-21.1246531924951i
262+0i,3.61850515+0i,2.90516895+0i,4.65357289253242-21.0247376143902i
263+0i,3.64755883+0i,2.86510622+0i,5.09585176642828-20.9012869832978i
264+0i,3.67430776+0i,2.82446573+0i,5.52293085525178-20.7559126991861i
265+0i,3.69875369+0i,2.78341618+0i,5.93337322820282-20.5903417331614i
266+0i,3.72091297+0i,2.74212015+0i,6.3259704132782-20.4063808628667i
267+0i,3.74081488+0i,2.70073274+0i,6.69973863352151-20.2058824413903i
268+0i,3.75849987+0i,2.65940053+0i,7.05391009382574-19.9907130925659i
269+0i,3.77401772+0i,2.61826093+0i,7.38791945330953-19.7627262908074i
270+0i,3.78742574+0i,2.57744193+0i,7.70138683349242-19.5237398180746i
271+0i,3.79878699+0i,2.53706218+0i,7.99409809020691-19.2755176044101i
272+0i,3.80816876+0i,2.4972314+0i,8.26598463949398-19.0197572079421i
273+0i,3.81564113+0i,2.45805114+0i,8.51710182609238-18.7580820588548i
274+0i,3.82127603+0i,2.4196157+0i,8.74761036176607-18.4920389524433i
275+0i,3.82514645+0i,2.38201332+0i,8.95775790729018-18.2230995897014i
276+0i,3.82732617+0i,2.34532727+0i,9.14786560816122-17.9526648753713i
277+0i,3.82788981+0i,2.30963708+0i,9.31831695619091-17.6820724866603i
278+0i,3.8269133+0i,2.27501952+0i,9.46955158933586-17.4126049176952i
279+0i,3.82447462+0i,2.2415494+0i,9.60206240638379-17.1454975795525i
280+0i,3.82065494+0i,2.2093+0i,9.7163976805464-16.881945917884i
281+0i,3.81553976+0i,2.17834306+0i,9.8131651730907-16.6231091127001i
282+0i,3.80922021+0i,2.14874837+0i,9.89303905069479-16.3701114344171i
283+0i,3.80179423+0i,2.12058286+0i,9.95676770113552-16.1240393627698i
284+0i,3.79336745+0i,2.09390919+0i,10.005180914753-15.8859339292037i
285+0i,3.78405382+0i,2.06878403+0i,10.0391959498735-15.656780222953i
286+0i,3.77397563+0i,2.04525603+0i,10.0598198275825-15.4374928286611i
287+0i,3.76326304+0i,2.02336367+0i,10.0681481671542-15.2288994315795i
288+0i,3.75205302+0i,2.00313309+0i,10.0653596886382-15.0317231195929i
289+0i,3.74048758+0i,1.98457621+0i,10.0527046028363-14.8465653301369i
290+0i,3.7287116+0i,1.96768912+0i,10.0314897230082-14.6738904938756i
291+0i,3.71687013+0i,1.95245104+0i,10.0030584996891-14.5140139017269i
292+0i,3.70510543+0i,1.93882391+0i,9.9687680934278-14.3670939935097i
293+0i,3.69355393+0i,1.92675262+0i,9.92996497514158-14.2331294234776i
294+0i,3.68234317+0i,1.91616602+0i,9.88795900544301-14.1119617126662i
295+0i,3.6715891+0i,1.90697857+0i,9.84399925279956-14.0032834630912i
296+0i,3.66139373+0i,1.8990925+0i,9.79925172252706-13.90665074438i
297+0i,3.65184335+0i,1.89240054+0i,9.75478004914693-13.8215006550708i
298+0i,3.64300741+0i,1.88678885+0i,9.71153082483059-13.7471715233108i
299+0i,3.634938+0i,1.88214008+0i,9.67032298310159-13.6829249962301i
300+0i,3.62767007+0i,1.8783364+0i,9.63184250520885-13.6279694793431i
301+0i,3.62122219+0i,1.87526231+0i,9.59664141804186-13.5814829780853i
302+0i,3.61559781+0i,1.8728071+0i,9.56514108986639-13.5426344986249i
303+0i,3.61078698+0i,1.87086694+0i,9.53763950775256-13.5106039765289i
304+0i,3.60676822+0i,1.86934645+0i,9.51432084267437-13.4845987360596i
305+0i,3.60351063+0i,1.86815983+0i,9.49526771009737-13.463867611888i
306+0i,3.60097595+0i,1.8672315+0i,9.48047431788615-13.4477114491648i
307+0i,3.59912058+0i,1.86649633+0i,9.46986039947607-13.4354907075949i
308+0i,3.59789739+0i,1.86589952+0i,9.46328461023258-13.4266300260205i
309+0i,3.59725738+0i,1.86539623+0i,9.46055756306625-13.4206207099834i
310+0i,3.59715106+0i,1.86495093+0i,9.46145377715126-13.417020429395i
311+0i,3.59752966+0i,1.86453665+0i,9.46572273538649-13.4154518010641i
312+0i,3.59834592+0i,1.86413426+0i,9.4730968206749-13.4155998176064i
313+0i,3.59955492+0i,1.86373149+0i,9.48330055527859-13.4172077087769i
314+0i,3.60111451+0i,1.86332228+0i,9.49605579498814-13.4200737986286i
315+0i,3.60298564+0i,1.8629059+0i,9.5110871297914-13.4240464127426i
316+0i,3.60513266+0i,1.86248636+0i,9.52812605501263-13.429020810481i
317+0i,3.60752337+0i,1.86207182+0i,9.54691340225805-13.4349352145369i
318+0i,3.61012923+0i,1.86167399+0i,9.56720301225787-13.4417673760595i
319+0i,3.61292526+0i,1.86130785+0i,9.58876202187444-13.4495322958026i
320+0i,3.61589026+0i,1.86099116+0i,9.61137427476472-13.4582796187802i
321+0i,3.61900677+0i,1.86074423+0i,9.63484091182754-13.4680919312169i
322+0i,3.62226122+0i,1.86058964+0i,9.65898253744056-13.4790833986115i
323+0i,3.62564406+0i,1.86055199+0i,9.68364114232032-13.4913985417294i
324+0i,3.62914994+0i,1.86065767+0i,9.70868232207217-13.5052113428821i
325+0i,3.63277796+0i,1.86093455+0i,9.73399830727806-13.520724036485i
326+0i,3.63653185+0i,1.86141177+0i,9.75951011856989-13.5381663751397i
327+0i,3.64042035+0i,1.8621193+0i,9.78517203726163-13.5577939876955i
328+0i,3.64445754+0i,1.86308757+0i,9.81097546737435-13.5798870843336i
329+0i,3.64866301+0i,1.86434697+0i,9.83695213599408-13.6047476544892i
330+0i,3.65306232+0i,1.86592725+0i,9.86317981151122-13.6326970576724i
331+0i,3.6576872+0i,1.86785682+0i,9.88978655302333-13.6640719638934i
332+0i,3.66257578+0i,1.87016193+0i,9.91695569982128-13.6992195789921i
333+0i,3.66777268+0i,1.87286584+0i,9.94492997751548-13.7384923225145i
334+0i,3.67332906+0i,1.87598775+0i,9.97401634489042-13.782240636558i
335+0i,3.67930246+0i,1.87954173+0i,10.0045894773507-13.8308050217233i
336+0i,3.68575653+0i,1.88353558+0i,10.0370949173117-13.8845071269447i
337+0i,3.6927605+0i,1.88796964+0i,10.0720507487985-13.9436394235824i
338+0i,3.7003885+0i,1.89283556+0i,10.1100485937317-14.0084538772301i
339+0i,3.70871854+0i,1.89811518+0i,10.1517519723933-14.0791499182429i
340+0i,3.71783138+0i,1.90377949+0i,10.197893823568-14.1558622570448i
341+0i,3.72780904+0i,1.90978762+0i,10.2492714852005-14.2386471086322i
342+0i,3.73873316+0i,1.91608615+0i,10.3067395074618-14.3274696528435i
343+0i,3.75068313+0i,1.92260861+0i,10.3712000744205-14.4221913582395i
344+0i,3.76373406+0i,1.92927528+0i,10.443590968385-14.5225581649041i
345+0i,3.77795467+0i,1.93599333+0i,10.5248713147703-14.6281900843247i
346+0i,3.79340509+0i,1.94265732+0i,10.6160047138883-14.7385723316275i
347+0i,3.81013472+0i,1.94915014+0i,10.7179403162875-14.8530492458137i
348+0i,3.82818022+0i,1.95534423+0i,10.831592739005-14.9708202091543i
349+0i,3.84756363+0i,1.96110327+0i,10.9578198512941-15.0909392326521i
350+0i,3.86829081+0i,1.96628421+0i,11.0974001962351-15.2123182787822i
351+0i,3.89035016+0i,1.9707395+0i,11.2510101905518-15.3337334582866i
352+0i,3.91371174+0i,1.97431956+0i,11.4192018588152-15.4538352809673i
353+0i,3.93832679+0i,1.9768755+0i,11.6023811623315-15.5711634842893i
354+0i,3.9641277+0i,1.97826174+0i,11.8007889099595-15.6841643227684i
355+0i,3.99102837+0i,1.97833879+0i,12.0144830821262-15.7912124727229i
356+0i,4.01892512+0i,1.97697581+0i,12.2433257668419-15.8906354888827i
357+0i,4.04769796+0i,1.97405313+0i,12.4869730153254-15.9807416544652i
358+0i,4.0772121+0i,1.96946435+0i,12.7448686824655-16.0598477566773i
359+0i,4.10731985+0i,1.96311826+0i,13.0162430474586-16.1263091943909i
360+0i,4.1378627+0i,1.9549405+0i,13.300115365511-16.1785507513387i
361+0i,4.16867401+0i,1.9448748+0i,13.5953050139744-16.2150980629279i
362+0i,4.1995811+0i,1.93288376+0i,13.9004417858055-16.2346042139859i
363+0i,4.23040774+0i,1.91894942+0i,14.2139827701336-16.235876958073i
364+0i,4.26097705+0i,1.90307335+0i,14.5342372451465-16.2179037376332i
365+0i,4.29111366+0i,1.88527639+0i,14.8593893763472-16.179870540009i
366+0i,4.32064598+0i,1.86559822+0i,15.187524966023-16.1211788990763i
367+0i,4.34940879+0i,1.84409633+0i,15.5166655482098-16.0414575746175i
368+0i,4.37724493+0i,1.82084495+0i,15.8447968452702-15.9405686514072i
369+0i,4.40400715+0i,1.79593398+0i,16.1699001167325-15.8186121776959i
370+0i,4.42955997+0i,1.76946685+0i,16.4899885945775-15.675919054004i
371+0i,4.45378063+0i,1.74155957+0i,16.8031321643046-15.5130485577143i
372+0i,4.47656052+0i,1.71233814+0i,17.107492183524-15.3307706288285i
373+0i,4.49780564+0i,1.68193781+0i,17.4013407785082-15.1300587358945i
374+0i,4.51743762+0i,1.65049963+0i,17.6830936219611-14.9120582407162i
375+0i,4.53539363+0i,1.6181699+0i,17.9513215537786-14.6780749134355i
376+0i,4.55162664+0i,1.5850977+0i,18.2047703514124-14.4295458366455i
377+0i,4.56610528+0i,1.55143307+0i,18.4423728573543-14.1680134649872i
378+0i,4.57881342+0i,1.51732544+0i,18.6632558443009-13.8951001743588i
379+0i,4.58974964+0i,1.48292185+0i,18.8667445446727-13.6124800543713i
380+0i,4.59892652+0i,1.44836552+0i,19.0523624568344-13.3218532011632i
381+0i,4.6063698+0i,1.41379451+0i,19.2198278178459-13.0249206685396i
382+0i,4.61211726+0i,1.37934036+0i,19.369045791265-12.7233589635412i
383+0i,4.6162179+0i,1.3451273+0i,19.5001002470751-12.4188014400773i
384+0i,4.61873036+0i,1.311271+0i,19.6132385029447-12.1128143557751i
385+0i,4.61972212+0i,1.27787818+0i,19.7088598230972-11.8068841896227i
386+0i,4.61926795+0i,1.24504587+0i,19.7874971754932-11.5024009671417i
387+0i,4.61744873+0i,1.21286103+0i,19.8498008960859-11.20064724528i
388+0i,4.61435028+0i,1.18140039+0i,19.8965216250439-10.9027904407772i
389+0i,4.61006193+0i,1.15073029+0i,19.9284907981118-10.6098758032537i
390+0i,4.60467547+0i,1.12090679+0i,19.9466041521516-10.3228240001389i
391+0i,4.59828404+0i,1.09197582+0i,19.9518049210541-10.0424299703438i
392+0i,4.59098093+0i,1.06397351+0i,19.9450662696419-9.76936418887033i
393+0i,4.58285868+0i,1.03692658+0i,19.9273769485408-9.50417595535143i
394+0i,4.57400823+0i,1.01085284+0i,19.8997278239717-9.24729841895775i
395+0i,4.56451807+0i,0.985761743+0i,19.8630989973941-8.99905457727639i
396+0i,4.55447349+0i,0.961655085+0i,19.8184482686064-8.75966518231239i
397+0i,4.54395609+0i,0.938527595+0i,19.7667029012716-8.52925636186661i
398+0i,4.53304325+0i,0.916367657+0i,19.7087514235749-8.30786844416433i
399+0i,4.52180773+0i,0.895158058+0i,19.6454371982854-8.09546525247238i
400+0i,4.51031736+0i,0.874876726+0i,19.5775534022209-7.89194337027553i
401+0i,4.49863489+0i,0.855497399+0i,19.5058400738295-7.6971408948913i
402+0i,4.48681784+0i,0.836990355+0i,19.4309814749792-7.51084651344387i
403+0i,4.4749185+0i,0.819323059+0i,19.3536053066331-7.33280782839138i
404+0i,4.46298394+0i,0.802460816+0i,19.2742822874825-7.16273946857459i
405+0i,4.45105611+0i,0.786367393+0i,19.1935268175947-7.00033077863484i
406+0i,4.43917205+0i,0.771005521+0i,19.1117989760887-6.84525231843778i
407+0i,4.42736405+0i,0.756337401+0i,19.029506167081-6.69716203771567i
408+0i,4.41565987+0i,0.742325161+0i,18.9470054428747-6.55571084783798i
409+0i,4.4040831+0i,0.728931251+0i,18.8646071830212-6.42054760718192i
410+0i,4.39265337+0i,0.716118766+0i,18.782577541955-6.29132302158028i
411+0i,4.3813867+0i,0.70385174+0i,18.7011421430359-6.16769330481572i
412+0i,4.37029578+0i,0.692095401+0i,18.6204891606005-6.04932322069542i
413+0i,4.35939035+0i,0.680816351+0i,18.5407733198842-5.93588846134323i
414+0i,4.34867744+0i,0.669982696+0i,18.4621186642255-5.82707727057116i
415+0i,4.33816173+0i,0.659564174+0i,18.3846222960123-5.72259211625172i
416+0i,4.32784579+0i,0.649532225+0i,18.3083570707073-5.62215061087116i
417+0i,4.31773041+0i,0.639860025+0i,18.2333750418458-5.52548617617172i
418+0i,4.30781482+0i,0.630522498+0i,18.1597099029275-5.43234832245564i
419+0i,4.29809694+0i,0.621496305+0i,18.0873796485087-5.34250273348361i
420+0i,4.28857361+0i,0.612759809+0i,18.0163890248627-5.25573109229208i
421+0i,4.27924079+0i,0.604293033+0i,17.9467316690675-5.17183079185283i
422+0i,4.27009373+0i,0.596077594+0i,17.8783919649165-5.09061439346577i
423+0i,4.26112716+0i,0.588096621+0i,17.811347038058-5.01190896889465i
424+0i,4.25233538+0i,0.580334691+0i,17.7455678304217-4.93555547756134i
425+0i,4.24371244+0i,0.572777733+0i,17.6810209419901-4.8614079817742i
426+0i,4.2352522+0i,0.565412944+0i,17.6176694003621-4.78933282996895i
427+0i,4.22694848+0i,0.558228704+0i,17.5554741666048-4.71920794373034i
428+0i,4.21879508+0i,0.55121448+0i,17.4943945240705-4.65092187249752i
429+0i,4.21078586+0i,0.544360741+0i,17.4343889424339-4.58437302188384i
430+0i,4.20291482+0i,0.537658878+0i,17.3754159150834-4.51946893290154i
431+0i,4.19517611+0i,0.531101122+0i,17.3174341921251-4.45612547801719i
432+0i,4.18756407+0i,0.524680464+0i,17.2604032510517-4.39426611855466i
433+0i,4.18007328+0i,0.518390586+0i,17.2042838265165-4.33382127428428i
434+0i,4.17269854+0i,0.512225793+0i,17.1490378427036-4.27472763720288i
435+0i,4.1654349+0i,0.506180946+0i,17.0946287560446-4.21692755636683i
436+0i,4.15827766+0i,0.50025141+0i,17.0410216244481-4.160368525173i
437+0i,4.1512224+0i,0.494432995+0i,16.9881834277171-4.10500264828618i
438+0i,4.14426493+0i,0.488721911+0i,16.9360827037364-4.05078615255976i
439+0i,4.13740131+0i,0.483114723+0i,16.8846897644104-3.99767897564097i
440+0i,4.13062789+0i,0.477608307+0i,16.8339770707304-3.94564438677976i
441+0i,4.12394121+0i,0.472199819+0i,16.7839184344726-3.89464858585728i
442+0i,4.11733806+0i,0.466886657+0i,16.7344895498399-3.84466040514453i
443+0i,4.11081544+0i,0.461666439+0i,16.6856676808435-3.79565105114204i
444+0i,4.10437058+0i,0.456536967+0i,16.637431855732-3.74759379207446i
445+0i,4.09800088+0i,0.451496214+0i,16.5897623812244-3.70046376457734i
446+0i,4.09170394+0i,0.446542294+0i,16.5426411122807-3.65423772747288i
447+0i,4.08547754+0i,0.441673452+0i,16.4960512916429-3.60889393632054i
448+0i,4.07931961+0i,0.436888045+0i,16.4499773166666-3.56441193868612i
449+0i,4.07322824+0i,0.432184525+0i,16.404404831484-3.52077242424197i
450+0i,4.06720168+0i,0.427561431+0i,16.3593207285161-3.47795714093281i
451+0i,4.06123828+0i,0.423017374+0i,16.3147126682315-3.43594870478775i
452+0i,4.05533654+0i,0.418551034+0i,16.2705694845967-3.39473060406996i
453+0i,4.04949506+0i,0.414161144+0i,16.226880787765-3.3542870133439i
454+0i,4.04371255+0i,0.409846489+0i,16.1836370424819-3.31460278228547i
455+0i,4.03798784+0i,0.405605896+0i,16.1408296531179-3.27566335176061i
456+0i,4.0323198+0i,0.401438231+0i,16.0984503161636-3.23745465467655i
457+0i,4.02670744+0i,0.397342393+0i,16.0564918300764-3.19996314024101i
458+0i,4.02114982+0i,0.393317311+0i,16.0149473677538-3.16317566866107i
459+0i,4.01564607+0i,0.38936194+0i,15.9738106391859-3.12707948833715i
460+0i,4.01019539+0i,0.385475256+0i,15.933075892989-3.09166218914054i
461+0i,4.00479705+0i,0.381656258+0i,15.8927379124181-3.05691171230488i
462+0i,3.99945036+0i,0.377903962+0i,15.8527917776088-3.02281627373265i
463+0i,3.99415471+0i,0.3742174+0i,15.8132331849524-2.98936438154791i
464+0i,3.9889095+0i,0.370595619+0i,15.7740578863683-2.95654477057496i
465+0i,3.98371419+0i,0.367037678+0i,15.7352620905357-2.9243464122265i
466+0i,3.97856831+0i,0.363542649+0i,15.6968425396943-2.89275852528971i
467+0i,3.97347138+0i,0.360109613+0i,15.6587958743041-2.86177048183675i
468+0i,3.96842299+0i,0.356737662+0i,15.6211192680713-2.8313718785593i
469+0i,3.96342275+0i,0.353425895+0i,15.583810031961-2.80155246536422i
470+0i,3.9584703+0i,0.350173422+0i,15.5468656905069-2.77230218167273i
471+0i,3.9535653+0i,0.346979356+0i,15.5102839078739-2.74361108339589i
472+0i,3.94870746+0i,0.343842819+0i,15.4740627204818-2.71546940890546i
473+0i,3.94389648+0i,0.340762938+0i,15.438200065042-2.68786750338532i
474+0i,3.93913213+0i,0.337738845+0i,15.4026944101764-2.66079587177718i
475+0i,3.93441413+0i,0.334769679+0i,15.3675438083659-2.63424511070633i
476+0i,3.9297423+0i,0.331854579+0i,15.332747082806-2.60820595308998i
477+0i,3.92511641+0i,0.328992692+0i,15.2983026406619-2.58266922827855i
478+0i,3.92053629+0i,0.326183164+0i,15.2642093447299-2.55762586329804i
479+0i,3.91600176+0i,0.323425148+0i,15.2304659579643-2.53306689759252i
480+0i,3.91151267+0i,0.320717797+0i,15.197071462258-2.50898345291998i
481+0i,3.90706887+0i,0.318060265+0i,15.1640248227512-2.4853667203309i
482+0i,3.90267023+0i,0.31545171+0i,15.1313251427863-2.46220799523919i
483+0i,3.89831664+0i,0.312891288+0i,15.0989716675946-2.43949862904286i
484+0i,3.89400797+0i,0.310378159+0i,15.0669634688393-2.41723004971985i
485+0i,3.88974412+0i,0.30791148+0i,15.0352998395588-2.395393737621i
486+0i,3.885525+0i,0.30549041+0i,15.003980135023-2.3739812506305i
487+0i,3.88135053+0i,0.303114107+0i,14.9730037748689-2.35298419970985i
488+0i,3.87722061+0i,0.300781726+0i,14.9423700119132-2.33239421431715i
489+0i,3.87313517+0i,0.298492424+0i,14.9120783179055-2.3122030107459i
490+0i,3.86909415+0i,0.296245354+0i,14.8821282317976-2.29240233225216i
491+0i,3.86509747+0i,0.294039668+0i,14.8525191262428-2.27298395373288i
492+0i,3.86114506+0i,0.291874515+0i,14.8232504418559-2.25393968346429i
493+0i,3.85723686+0i,0.289749043+0i,14.7943216862232-2.23526137761865i
494+0i,3.85337281+0i,0.287662395+0i,14.7657323593502-2.21694090270496i
495+0i,3.84955285+0i,0.285613712+0i,14.7374819524607-2.19897015805736i
496+0i,3.8457769+0i,0.283602133+0i,14.7095697947315-2.18134106376426i
497+0i,3.84204491+0i,0.281626791+0i,14.6819954410479-2.16404555776237i
498+0i,3.83835681+0i,0.279686818+0i,14.6547582847104-2.14707560507506i
499+0i,3.83471252+0i,0.277781339+0i,14.6278576387481-2.13042315697133i
500+0i,3.83111198+0i,0.27590948+0i,14.6012929621457-2.11408022844714i
501+0i,3.8275551+0i,0.27407036+0i,14.5750634813055-2.09803880835367i
502+0i,3.82404179+0i,0.272263094+0i,14.549168419312-2.0822908986614i
503+0i,3.82057196+0i,0.270486796+0i,14.5236069947279-2.06682853669568i
504+0i,3.81714552+0i,0.268740573+0i,14.4983784252797-2.05164374853837i
505+0i,3.81376235+0i,0.267023533+0i,14.4734816951017-2.03672859343876i
506+0i,3.81042234+0i,0.265334776+0i,14.4489158658161-2.02207511609859i
507+0i,3.80712536+0i,0.263673403+0i,14.4246798433055-2.0076753986376i
508+0i,3.80387128+0i,0.26203851+0i,14.4007725340858-1.99352152488599i
509+0i,3.80065993+0i,0.260429193+0i,14.377192538941-1.97960559687467i
510+0i,3.79749117+0i,0.258844544+0i,14.3539386882694-1.96591974048535i
511+0i,3.7943648+0i,0.257283655+0i,14.3310093563489-1.95245608829469i
512+0i,3.79128066+0i,0.255745617+0i,14.3084032222753-1.93920682322373i
513+0i,3.78823852+0i,0.25422952+0i,14.2861184355724-1.92616412117022i
514+0i,3.78523818+0i,0.252734455+0i,14.2641533745856-1.91332021693498i
515+0i,3.7822794+0i,0.251259513+0i,14.2425061167914-1.90066736014786i
516+0i,3.77936192+0i,0.249803788+0i,14.2211745898469-1.88819784767791i
517+0i,3.77648548+0i,0.248366375+0i,14.2001567244202-1.87590401781547i
518+0i,3.7736498+0i,0.246946371+0i,14.17945030289-1.86377824706975i
519+0i,3.77085458+0i,0.24554288+0i,14.1590529575883-1.85181298726878i
520+0i,3.76809949+0i,0.244155009+0i,14.1389620981185-1.84000072978769i
521+0i,3.76538421+0i,0.242781869+0i,14.1191752130022-1.82833403201378i
522+0i,3.76270837+0i,0.241422578+0i,14.0996894164999-1.81680550989516i
523+0i,3.76007159+0i,0.240076262+0i,14.0805017503492-1.80540786435919i
524+0i,3.7574735+0i,0.238742055+0i,14.0616093343766-1.79413388999609i
525+0i,3.75491366+0i,0.237419098+0i,14.0430087659595-1.78297642845016i
526+0i,3.75239166+0i,0.236106544+0i,14.0246968699179-1.77192845315405i
527+0i,3.74990705+0i,0.234803556+0i,14.0066701737295-1.76098302001894i
528+0i,3.74745936+0i,0.233509307+0i,13.988925058396-1.75013327632853i
529+0i,3.74504809+0i,0.232222986+0i,13.9714576811859-1.73937250034679i
530+0i,3.74267275+0i,0.230943792+0i,13.9542642785292-1.72869407420014i
531+0i,3.74033282+0i,0.22967094+0i,13.9373408636887-1.7180915093645i
532+0i,3.73802776+0i,0.22840366+0i,13.9206833026292-1.7075584431312i
533+0i,3.73575699+0i,0.227141197+0i,13.9042871649593-1.69708862881943i
534+0i,3.73351996+0i,0.225882814+0i,13.8881482460578-1.68667598937993i
535+0i,3.73131608+0i,0.22462779+0i,13.8722620448263-1.67631456968373i
536+0i,3.72914473+0i,0.223375425+0i,13.8566238367928-1.66599857790052i
537+0i,3.7270053+0i,0.222125037+0i,13.8412289741658-1.65572238032339i
538+0i,3.72489714+0i,0.220875963+0i,13.826072512549-1.64548048574689i
539+0i,3.72281961+0i,0.21962756+0i,13.811149583489-1.6352675745289i
540+0i,3.72077206+0i,0.218379208+0i,13.7964552439899-1.62507851122266i
541+0i,3.71875379+0i,0.217130307+0i,13.7819841804214-1.61490830416023i
542+0i,3.71676413+0i,0.215880282+0i,13.7677313018983-1.60475217702377i
543+0i,3.71480237+0i,0.214628577+0i,13.7536912220926-1.59460549301865i
544+0i,3.71286782+0i,0.213374663+0i,13.7398587019812-1.58446383971209i
545+0i,3.71095975+0i,0.212118031+0i,13.7262282070447-1.5743229505805i
546+0i,3.70907744+0i,0.210858199+0i,13.7127942758314-1.56417877789986i
547+0i,3.70722015+0i,0.209594706+0i,13.6995512997828-1.55402743483305i
548+0i,3.70538715+0i,0.20832712+0i,13.6864937424576-1.54386526688902i
549+0i,3.7035777+0i,0.20705503+0i,13.673615994489-1.53368878356166i
550+0i,3.70179104+0i,0.205778052+0i,13.6609122971394-1.52349469824451i
551+0i,3.70002642+0i,0.204495826+0i,13.6483769658466-1.51327991795945i
552+0i,3.69828309+0i,0.203208017+0i,13.6360043156069-1.50304154604706i
553+0i,3.69656029+0i,0.201914315+0i,13.623788587003-1.4927768776231i
554+0i,3.69485727+0i,0.200614437+0i,13.611724093339-1.48248342203281i
555+0i,3.69317326+0i,0.199308123+0i,13.5998050004852-1.47215886072878i
556+0i,3.69150751+0i,0.197995138+0i,13.5880256217148-1.46180107774097i
557+0i,3.68985927+0i,0.196675272+0i,13.5763802697887-1.45140815113794i
558+0i,3.68822779+0i,0.195348339+0i,13.5648632573782-1.44097834526028i
559+0i,3.68661231+0i,0.19401418+0i,13.5534688222025-1.43051012860511i
560+0i,3.68501209+0i,0.192672657+0i,13.5421913506907-1.42000214091485i
561+0i,3.6834264+0i,0.191323656+0i,13.5310253028718-1.40945321090984i
562+0i,3.6818545+0i,0.189967086+0i,13.5199650654069-1.39886234088197i
563+0i,3.68029568+0i,0.188602879+0i,13.5090052462596-1.38822872163853i
564+0i,3.6787492+0i,0.187230993+0i,13.4981402317609-1.37755173142791i
565+0i,3.67721437+0i,0.185851402+0i,13.4873647793091-1.36683089223809i
566+0i,3.67569048+0i,0.184464105+0i,13.4766734987292-1.35606590930044i
567+0i,3.67417684+0i,0.18306912+0i,13.4660611488948-1.34525664164636i
568+0i,3.67267278+0i,0.18166649+0i,13.455522635364-1.33440314572228i
569+0i,3.67117763+0i,0.180256272+0i,13.4450528674171-1.32350558686719i
570+0i,3.66969072+0i,0.178838545+0i,13.4346467552764-1.3125642979296i
571+0i,3.66821141+0i,0.177413407+0i,13.4242994314708-1.30157976768875i
572+0i,3.66673908+0i,0.175980973+0i,13.4140061779412-1.29055262207105i
573+0i,3.6652731+0i,0.174541375+0i,13.4037622059967-1.27948361324903i
574+0i,3.66381287+0i,0.173094765+0i,13.3935629487072-1.26837365547325i
575+0i,3.6623578+0i,0.171641306+0i,13.3834039172955-1.25722375166257i
576+0i,3.66090731+0i,0.17018118+0i,13.3732806983852-1.24603505177285i
577+0i,3.65946083+0i,0.168714585+0i,13.3631889551126-1.23480883051441i
578+0i,3.65801782+0i,0.167241728+0i,13.3531245758531-1.22354644254319i
579+0i,3.65657775+0i,0.165762834+0i,13.3430835246594-1.21224938116269i
580+0i,3.65514011+0i,0.16427814+0i,13.333061916449-1.20091923742039i
581+0i,3.65370439+0i,0.162787893+0i,13.3230558713979-1.1895576785859i
582+0i,3.6522701+0i,0.161292354+0i,13.3130616598951-1.17816648374563i
583+0i,3.65083678+0i,0.159791792+0i,13.3030757774102-1.16674750275142i
584+0i,3.64940398+0i,0.158286488+0i,13.2930947969565-1.15530267857484i
585+0i,3.64797126+0i,0.156776732+0i,13.2831153700894-1.14383402514544i
586+0i,3.6465382+0i,0.155262824+0i,13.2731342995428-1.13234363751175i
587+0i,3.6451044+0i,0.153745068+0i,13.263148540965-1.1208336476902i
588+0i,3.64366947+0i,0.15222378+0i,13.2531551274126-1.10930627958799i
589+0i,3.64223305+0i,0.15069928+0i,13.2431513175198-1.09776379645441i
590+0i,3.64079477+0i,0.149171896+0i,13.2331343027031-1.08620851757557i
591+0i,3.63935431+0i,0.147641959+0i,13.2231016456582-1.07464279964699i
592+0i,3.63791135+0i,0.146109808+0i,13.213050914465-1.06306905773904i
593+0i,3.63646557+0i,0.144575785+0i,13.2029796841871-1.05148972881644i
594+0i,3.63501669+0i,0.143040233+0i,13.1928858283219-1.03990726859298i
595+0i,3.63356445+0i,0.141503504+0i,13.1827673706595-1.02832420336967i
596+0i,3.63210858+0i,0.139965949+0i,13.1726222700301-1.01674304854149i
597+0i,3.63064885+0i,0.138427919+0i,13.1624487832477-1.00516632985049i
598+0i,3.62918503+0i,0.136889771+0i,13.1522451725717-0.993596615346656i
599+0i,3.62771691+0i,0.135351863+0i,13.1420098522824-0.982036484410207i
600+0i,3.6262443+0i,0.133814549+0i,13.1317413897584-0.970488491136641i
601+0i,3.62476702+0i,0.132278186+0i,13.1214384307882-0.958955212156451i
602+0i,3.62328491+0i,0.130743133+0i,13.1110997722071-0.947439241770046i
603+0i,3.62179782+0i,0.129209744+0i,13.1007242910122-0.935943138283916i
604+0i,3.62030562+0i,0.127678372+0i,13.090311015527-0.924469455408101i
605+0i,3.61880818+0i,0.126149373+0i,13.0798589793266-0.913020765828542i
606+0i,3.6173054+0i,0.124623095+0i,13.0693674410618-0.901599589016426i
607+0i,3.61579719+0i,0.123099886+0i,13.0588357372787-0.890208443776241i
608+0i,3.61428345+0i,0.121580095+0i,13.0482631374437-0.878849850415856i
609+0i,3.61276414+0i,0.120064061+0i,13.0376493525261-0.867526268167145i
610+0i,3.61123919+0i,0.118552122+0i,13.0269938817612-0.856240138048122i
611+0i,3.60970856+0i,0.117044616+0i,13.0162964460027-0.844993904554226i
612+0i,3.60817222+0i,0.115541871+0i,13.0055568452255-0.833789938378047i
613+0i,3.60663016+0i,0.114044214+0i,12.9947750282747-0.822630603571789i
614+0i,3.60508235+0i,0.112551968+0i,12.9839508047808-0.81151822658913i
615+0i,3.60352882+0i,0.111065447+0i,12.9730844230533-0.800455078341365i
616+0i,3.60196958+0i,0.109584963+0i,12.9621759911297-0.789443406302851i
617+0i,3.60040463+0i,0.108110825+0i,12.9512255492433-0.778485429766239i
618+0i,3.59883404+0i,0.106643327+0i,12.9402336482691-0.767583270692902i
619+0i,3.59725783+0i,0.105182767+0i,12.9292004810225-0.756739064343631i
620+0i,3.59567606+0i,0.103729437+0i,12.9181265323568-0.745954906676356i
621+0i,3.5940888+0i,0.102283608+0i,12.9070123658199-0.735232739872781i
622+0i,3.59249612+0i,0.100845565+0i,12.8958585442349-0.724574601963416i
623+0i,3.59089809+0i,0.0994155746+0i,12.8846656362926-0.713982393894785i
624+0i,3.58929481+0i,0.0979938942+0i,12.8734344297925-0.703457951727498i
625+0i,3.58768637+0i,0.0965807865+0i,12.8621656411628-0.69300314265986i
626+0i,3.58607287+0i,0.095176494+0i,12.8508600639399-0.682619685990236i
627+0i,3.58445443+0i,0.0937812588+0i,12.8395186362445-0.672309297113273i
628+0i,3.58283116+0i,0.0923953199+0i,12.8281422259275-0.662073662351776i
629+0i,3.58120319+0i,0.0910188945+0i,12.8167318489102-0.651914310667347i
630+0i,3.57957064+0i,0.0896522104+0i,12.8052884479204-0.641832840317885i
631+0i,3.57793365+0i,0.0882954781+0i,12.7938131123494-0.631830724473656i
632+0i,3.57629237+0i,0.0869488968+0i,12.7823070050655-0.621909352411515i
633+0i,3.57464693+0i,0.0856126723+0i,12.7707711445001-0.612070152412582i
634+0i,3.57299749+0i,0.0842869862+0i,12.7592067675036-0.602314380264529i
635+0i,3.5713442+0i,0.0829720248+0i,12.7476150379742-0.592643319063472i
636+0i,3.56968723+0i,0.0816679654+0i,12.7359972634525-0.583058186376924i
637+0i,3.56802674+0i,0.0803749658+0i,12.7243546822277-0.573560054401971i
638+0i,3.56636289+0i,0.0790931964+0i,12.7126885294524-0.564150080984883i
639+0i,3.56469585+0i,0.077822802+0i,12.7010001144961-0.554829238649543i
640+0i,3.56302581+0i,0.0765639294+0i,12.689290887441-0.545598513134436i
641+0i,3.56135293+0i,0.0753167198+0i,12.6775620837382-0.536458841475438i
642+0i,3.5596774+0i,0.0740812928+0i,12.6658151541278-0.527411007485885i
643+0i,3.5579994+0i,0.0728577821+0i,12.6540514739878-0.518455889994262i
644+0i,3.55631911+0i,0.0716462948+0i,12.6422724205926-0.509594174715867i
645+0i,3.55463672+0i,0.070446942+0i,12.6304794395352-0.50082657368982i
646+0i,3.55295241+0i,0.0692598266+0i,12.6186739041441-0.492153735669304i
647+0i,3.55126638+0i,0.0680850343+0i,12.6068573298227-0.483576186581474i
648+0i,3.54957882+0i,0.0669226616+0i,12.595031156757-0.475094524386775i
649+0i,3.54788991+0i,0.0657727783+0i,12.5831967551145-0.466709152966474i
650+0i,3.54619985+0i,0.06463547+0i,12.5713556321579-0.458420588037359i
651+0i,3.54450883+0i,0.0635107883+0i,12.5595092257175-0.450229099859221i
652+0i,3.54281704+0i,0.062398798+0i,12.5476589689225-0.442135049659836i
653+0i,3.54112467+0i,0.061299544+0i,12.535806294388-0.434138655036301i
654+0i,3.53943193+0i,0.0602130818+0i,12.5239527718837-0.426240208653244i
655+0i,3.53773899+0i,0.059139454+0i,12.5120996863468-0.418439904526223i
656+0i,3.53604606+0i,0.0580786852+0i,12.500248604767-0.410737811942881i
657+0i,3.53435332+0i,0.0570308072+0i,12.4884008776251-0.4031340455392i
658+0i,3.53266097+0i,0.0559958401+0i,12.4765579948528-0.395628637607262i
659+0i,3.53096919+0i,0.0549737959+0i,12.4647213024936-0.388221559160497i
660+0i,3.52927818+0i,0.0539646903+0i,12.4528922840249-0.380912807932495i
661+0i,3.52758811+0i,0.0529685172+0i,12.441072209999-0.373702222958101i
662+0i,3.52589919+0i,0.0519852849+0i,12.4292626281965-0.366589747841658i
663+0i,3.52421158+0i,0.051014977+0i,12.4174647327278-0.359575145393667i
664+0i,3.52252547+0i,0.0500575873+0i,12.4056799247524-0.352658252461997i
665+0i,3.52084106+0i,0.049113094+0i,12.3939096737797-0.345838795877679i
666+0i,3.5191585+0i,0.0481814749+0i,12.3821550935987-0.339116493873743i
667+0i,3.51747799+0i,0.0472627037+0i,12.3704176469734-0.332491040025283i
668+0i,3.51579969+0i,0.0463567435+0i,12.3586985125362-0.325962048853419i
669+0i,3.51412379+0i,0.045463563+0i,12.3469990758833-0.319529176632928i
670+0i,3.51245044+0i,0.044583112+0i,12.3353204395806-0.313191942721939i
671+0i,3.51077982+0i,0.0437153528+0i,12.3236639124488-0.306949956868841i
672+0i,3.50911209+0i,0.0428602268+0i,12.3120306611428-0.300802680088044i
673+0i,3.50744743+0i,0.0420176859+0i,12.3004219882852-0.294749648849004i
674+0i,3.50578597+0i,0.0411876662+0i,12.2888388436018-0.288790284602006i
675+0i,3.5041279+0i,0.0403701085+0i,12.2772825938981-0.282924047041754i
676+0i,3.50247336+0i,0.0395649446+0i,12.2657542526685-0.277150328902752i
677+0i,3.50082249+0i,0.038772105+0i,12.2542548303637-0.271468514337283i
678+0i,3.49917546+0i,0.0379915169+0i,12.2427855445098-0.265877967249311i
679+0i,3.49753241+0i,0.0372231019+0i,12.2313473996853-0.260378010591965i
680+0i,3.49589349+0i,0.0364667826+0i,12.2199414671912-0.25496797578517i
681+0i,3.49425882+0i,0.0357224726+0i,12.2085686060991-0.249647129909517i
682+0i,3.49262855+0i,0.03499009+0i,12.1972298818769-0.244414774602139i
683+0i,3.49100282+0i,0.0342695415+0i,12.1859262877733-0.239270132033214i
684+0i,3.48938176+0i,0.0335607405+0i,12.1746587437178-0.234212471505587i
685+0i,3.48776548+0i,0.032863588+0i,12.1634280280634-0.229240975550684i
686+0i,3.48615412+0i,0.0321779922+0i,12.152235125211-0.224354880162716i
687+0i,3.48454781+0i,0.0315038504+0i,12.1410809475858-0.219553345835775i
688+0i,3.48294665+0i,0.0308410651+0i,12.1299661954497-0.214835568744954i
689+0i,3.48135076+0i,0.0301895302+0i,12.1188917064189-0.210200687811626i
690+0i,3.47976027+0i,0.0295491434+0i,12.1078583847948-0.205647870431705i
691+0i,3.47817526+0i,0.0289197956+0i,12.0968667846985-0.201176235160354i
692+0i,3.47659586+0i,0.02830138+0i,12.0859178056592-0.196784921080574i
693+0i,3.47502216+0i,0.0276937851+0i,12.0750120667579-0.192473033833556i
694+0i,3.47345426+0i,0.0270969002+0i,12.0641502543117-0.18823968686497i
695+0i,3.47189225+0i,0.0265106113+0i,12.0533329830986-0.184083971830465i
696+0i,3.47033624+0i,0.0259348048+0i,12.0425610045573-0.180004985949532i
697+0i,3.46878631+0i,0.0253693645+0i,12.0318348597883-0.176001808542i
698+0i,3.46724254+0i,0.0248141741+0i,12.0211550879494-0.172073520068972i
699+0i,3.46570502+0i,0.0242691155+0i,12.010522295686-0.16821919083862i
700+0i,3.46417383+0i,0.0237340704+0i,11.9999370183591-0.164437891118115i
701+0i,3.46264905+0i,0.0232089192+0i,11.9893997895355-0.160728684038814i
702+0i,3.46113075+0i,0.0226935418+0i,11.9789110717561-0.157090630700781i
703+0i,3.45961899+0i,0.0221878175+0i,11.9684712567232-0.153522789539309i
704+0i,3.45811386+0i,0.0216916248+0i,11.9580809421376-0.150024216733599i
705+0i,3.45661541+0i,0.0212048421+0i,11.947740447321-0.146593967938954i
706+0i,3.4551237+0i,0.0207273469+0i,11.9374501593922-0.143231095024623i
707+0i,3.4536388+0i,0.0202590173+0i,11.9272105330835-0.139934656394302i
708+0i,3.45216076+0i,0.0197997299+0i,11.9170218835797-0.136703701238757i
709+0i,3.45068963+0i,0.0193493627+0i,11.9068845247526-0.133537290431998i
710+0i,3.44922546+0i,0.0189077918+0i,11.8967987693215-0.130434473737878i
711+0i,3.4477683+0i,0.0184748956+0i,11.8867649287175-0.127394318790979i
712+0i,3.4463182+0i,0.0180505494+0i,11.8767833133176-0.124415873834438i
713+0i,3.4448752+0i,0.0176346329+0i,11.8668541632975-0.121498219076628i
714+0i,3.44343933+0i,0.0172270208+0i,11.8569776491452-0.118640401922896i
715+0i,3.44201063+0i,0.016827594+0i,11.8471540091132-0.115841514850648i
716+0i,3.44058915+0i,0.0164362269+0i,11.837383549543-0.113100607878156i
717+0i,3.4391749+0i,0.0160528023+0i,11.8276663003283-0.110416789489645i
718+0i,3.43776792+0i,0.0156771941+0i,11.8180024973663-0.107789109905187i
719+0i,3.43636823+0i,0.015309287+0i,11.8083922378849-0.105216694941504i
720+0i,3.43497586+0i,0.0149489556+0i,11.7988356875092-0.102698603236424i
721+0i,3.43359083+0i,0.0145960852+0i,11.7893329421569-0.100233968593237i
722+0i,3.43221317+0i,0.0142505526+0i,11.779884166072-0.0978218686269955i
723+0i,3.43084288+0i,0.0139122433+0i,11.7704893167331-0.0954614417412654i
724+0i,3.42947998+0i,0.0135810368+0i,11.7611484886602-0.0931517876264865i
725+0i,3.42812449+0i,0.0132568185+0i,11.751861775701-0.0908920483186701i
726+0i,3.42677642+0i,0.0129394712+0i,11.7426292027531-0.0886813495908582i
727+0i,3.42543577+0i,0.01262888+0i,11.7334507257854-0.0865188345740752i
728+0i,3.42410255+0i,0.0123249316+0i,11.7243263689776-0.0844036594402712i
729+0i,3.42277677+0i,0.0120275105+0i,11.7152561562428-0.0823349670806622i
730+0i,3.42145843+0i,0.0117365077+0i,11.7062400426051-0.0803119464178498i
731+0i,3.42014753+0i,0.011451807+0i,11.6972779830815-0.0783337388501734i
732+0i,3.41884407+0i,0.0111733042+0i,11.6883699322474-0.0763995696129522i
733+0i,3.41754804+0i,0.0109008827+0i,11.6795157764642-0.0745085806113098i
734+0i,3.41625945+0i,0.0106344415+0i,11.6707155383683-0.0726600225396943i
735+0i,3.41497828+0i,0.0103738666+0i,11.6619690357635-0.0708530582372349i
736+0i,3.41370454+0i,0.010119057+0i,11.653276291102-0.0690869416428376i
737+0i,3.4124382+0i,0.00986990382+0i,11.6446370538178-0.0673608736513878i
738+0i,3.41117926+0i,0.00962630518+0i,11.6360512781027-0.0656741051608931i
739+0i,3.40992771+0i,0.00938815799+0i,11.6275188499154-0.0640258801519178i
740+0i,3.40868353+0i,0.00915535879+0i,11.6190395870987-0.0624154414374275i
741+0i,3.4074467+0i,0.00892781095+0i,11.6106133075325-0.0608420799196027i
742+0i,3.40621722+0i,0.00870540914+0i,11.6022399656762-0.0593050290396268i
743+0i,3.40499506+0i,0.00848806338+0i,11.5939193114045-0.0578036277557338i
744+0i,3.40378021+0i,0.00827566819+0i,11.5856512313037-0.056337111219297i
745+0i,3.40257263+0i,0.00806813519+0i,11.5774354076197-0.0549048319452677i
746+0i,3.40137232+0i,0.00786536444+0i,11.5692717953044-0.0535060657858566i
747+0i,3.40017925+0i,0.00766726581+0i,11.5611601451656-0.0521401562227929i
748+0i,3.39899339+0i,0.00747374677+0i,11.5531002083729-0.0508064317395277i
749+0i,3.39781472+0i,0.00728471449+0i,11.5450918043835-0.0495042202502386i
750+0i,3.39664322+0i,0.00710008431+0i,11.5371347527748-0.0482329064659798i
751+0i,3.39547885+0i,0.00691976087+0i,11.5292287377068-0.0469918033622852i
752+0i,3.39432159+0i,0.00674366619+0i,11.5213735793064-0.0457803434889401i
753+0i,3.39317142+0i,0.00657170603+0i,11.5135690981847-0.0445978501632753i
754+0i,3.39202829+0i,0.0064038017+0i,11.5058149114841-0.0434437530599002i
755+0i,3.39089218+0i,0.0062398672+0i,11.4981108404425-0.042317433785437i
756+0i,3.38976306+0i,0.0060798203+0i,11.4904566387257-0.0412183005287562i
757+0i,3.3886409+0i,0.00592358376+0i,11.4828520603082-0.0401457964074236i
758+0i,3.38752566+0i,0.00577107168+0i,11.4752967918901-0.0390993068033986i
759+0i,3.38641731+0i,0.00562221516+0i,11.4677905881643-0.0380783334767368i
760+0i,3.38531582+0i,0.00547692813+0i,11.4603332044005-0.037082262886984i
761+0i,3.38422115+0i,0.00533514085+0i,11.4529243283794-0.036110593005598i
762+0i,3.38313326+0i,0.00519677625+0i,11.4455636484348-0.0351627731523062i
763+0i,3.38205212+0i,0.00506176016+0i,11.4382509209806-0.0342382733601191i
764+0i,3.3809777+0i,0.00493002501+0i,11.4309859027507-0.0333366092385046i
765+0i,3.37990995+0i,0.00480149301+0i,11.4237682157739-0.0324572279987089i
766+0i,3.37884884+0i,0.00467610295+0i,11.4165976176305-0.0315996900566562i
767+0i,3.37779433+0i,0.00455377913+0i,11.4094737988758-0.0307634586507727i
768+0i,3.37674638+0i,0.00443445795+0i,11.4023964504258-0.0299480796598494i
769+0i,3.37570496+0i,0.00431807351+0i,11.3953653312098-0.0291530843307032i
770+0i,3.37467002+0i,0.00420455698+0i,11.3883800655874-0.0283779847755755i
771+0i,3.37364152+0i,0.00409385228+0i,11.3814403458414-0.0276223800571093i
772+0i,3.37261943+0i,0.00398588847+0i,11.3745459323066-0.0268857697994699i
773+0i,3.3716037+0i,0.00388061018+0i,11.3676964507183-0.0261677592822913i
774+0i,3.3705943+0i,0.00377795423+0i,11.3608916622543-0.0254679019865978i
775+0i,3.36959118+0i,0.00367786026+0i,11.3541311936777-0.024785770986737i
776+0i,3.3685943+0i,0.00358027534+0i,11.347414739621-0.0241209902055091i
777+0i,3.36760362+0i,0.00348513538+0i,11.3407419952685-0.0234731090437562i
778+0i,3.36661911+0i,0.00339239131+0i,11.3341127234984-0.0228417788256879i
779+0i,3.36564071+0i,0.00330198367+0i,11.3275264857131-0.0222265813270144i
780+0i,3.36466839+0i,0.00321385908+0i,11.320983045775-0.021627140112781i
781+0i,3.3637021+0i,0.00312796854+0i,11.3144820333572-0.0210431086934639i
782+0i,3.3627418+0i,0.00304425409+0i,11.3080231459843-0.0204740809565279i
783+0i,3.36178746+0i,0.00296267193+0i,11.3016061487883-0.019919746684736i
784+0i,3.36083903+0i,0.00288316727+0i,11.2952306729178-0.0193797221820691i
785+0i,3.35989646+0i,0.0028056922+0i,11.2888963500118-0.0188536705812592i
786+0i,3.35895972+0i,0.00273020246+0i,11.282602946577-0.0183412801811698i
787+0i,3.35802877+0i,0.00265664533+0i,11.2763501623833-0.0178421828996523i
788+0i,3.35710355+0i,0.00258498145+0i,11.2701375632935-0.0173561008049583i
789+0i,3.35618403+0i,0.00251516144+0i,11.26396491719-0.0168826893155996i
790+0i,3.35527017+0i,0.00244714146+0i,11.2578319251905-0.0164216414850165i
791+0i,3.35436193+0i,0.00238088265+0i,11.2517382888311-0.015972684241915i
792+0i,3.35345926+0i,0.00231633676+0i,11.2456836430638-0.0155354819142008i
793+0i,3.35256212+0i,0.00225346799+0i,11.2396676903409-0.0151097828438131i
794+0i,3.35167046+0i,0.00219223304+0i,11.2336900665509-0.014695285443208i
795+0i,3.35078426+0i,0.00213259085+0i,11.22775060912-0.0142917037064i
796+0i,3.34990346+0i,0.00207450848+0i,11.2218488877345-0.0138988062699027i
797+0i,3.34902803+0i,0.00201794144+0i,11.215984673638-0.0135162848909171i
798+0i,3.34815791+0i,0.00196285668+0i,11.2101575374892-0.0131439082386767i
799+0i,3.34729308+0i,0.00190921748+0i,11.2043673183045-0.0127814209180381i
800+0i,3.34643349+0i,0.00185698495+0i,11.1986136546005-0.012428553254212i
801+0i,3.3455791+0i,0.00180613099+0i,11.1928962522477-0.0120851081840126i
802+0i,3.34472987+0i,0.00175661566+0i,11.1872148175716-0.0117508097362235i
803+0i,3.34388575+0i,0.00170840745+0i,11.181568990397-0.0114254386544977i
804+0i,3.34304672+0i,0.00166147657+0i,11.1759586115984-0.0111087875953907i
805+0i,3.34221272+0i,0.00161578649+0i,11.1703832549638-0.0108006043193643i
806+0i,3.34138372+0i,0.0015713108+0i,11.1648426952634-0.0105007046523604i
807+0i,3.34055967+0i,0.00152801691+0i,11.1593365739948-0.010208863329248i
808+0i,3.33974054+0i,0.00148587317+0i,11.1538646667004-0.00992486172629462i
809+0i,3.33892629+0i,0.00144485668+0i,11.1484266824423-0.00964853990826823i
810+0i,3.33811688+0i,0.00140493303+0i,11.1430223307041-0.00937966132542509i
811+0i,3.33731227+0i,0.00136607672+0i,11.1376513213269-0.00911804919883471i
812+0i,3.33651241+0i,0.00132826268+0i,11.1323132978023-0.00886352983111972i
813+0i,3.33571728+0i,0.00129146039+0i,11.1270081042207-0.00861589347871708i
814+0i,3.33492684+0i,0.00125564812+0i,11.1217354515002-0.00837498923396708i
815+0i,3.33414104+0i,0.00122079883+0i,11.1164949842625-0.00814063096137397i
816+0i,3.33335984+0i,0.00118688587+0i,11.1112864142268-0.00791263538744292i
817+0i,3.33258322+0i,0.00115389067+0i,11.1061095867619-0.00769087336911312i
818+0i,3.33181113+0i,0.00112178469+0i,11.100964147591-0.0074751494312112i
819+0i,3.33104353+0i,0.001090546+0i,11.0958498094643-0.00726531239493476i
820+0i,3.3302804+0i,0.0010601553+0i,11.0907664186949-0.00706122883309224i
821+0i,3.32952168+0i,0.00103058645+0i,11.0857135554816-0.00686271985677847i
822+0i,3.32876735+0i,0.00100182081+0i,11.0806910667811-0.00666965680575711i
823+0i,3.32801737+0i,0.000973837777+0i,11.0756986666617-0.00648189807483637i
824+0i,3.3272717+0i,0.000946614255+0i,11.0707360695423-0.00629928564295617i
825+0i,3.32653032+0i,0.000920134186+0i,11.0658031232324-0.00612170853639504i
826+0i,3.32579317+0i,0.000894376035+0i,11.0608994097102-0.00594901941722936i
827+0i,3.32506023+0i,0.000869319505+0i,11.0560247774113-0.00578107942647757i
828+0i,3.32433146+0i,0.000844950745+0i,11.051178942004-0.00561779268750788i
829+0i,3.32360684+0i,0.000821247619+0i,11.0463617524471-0.00545900840768423i
830+0i,3.32288631+0i,0.000798192972+0i,11.0415727920734-0.00530460899879403i
831+0i,3.32216986+0i,0.000775773055+0i,11.0368119768686-0.00515449972304224i
832+0i,3.32145745+0i,0.000753967234+0i,11.0320790236939-0.00500854017285039i
833+0i,3.32074904+0i,0.000732760724+0i,11.0273736497226-0.00486662894154541i
834+0i,3.3200446+0i,0.000712139292+0i,11.0226956388468-0.00472866842170485i
835+0i,3.31934409+0i,0.00069208441+0i,11.0180447088371-0.00459453259222927i
836+0i,3.31864749+0i,0.000672583142+0i,11.0134207105152-0.00446413271202923i
837+0i,3.31795477+0i,0.000653620962+0i,11.0088234285454-0.00433736957727978i
838+0i,3.31726589+0i,0.000635181282+0i,11.0042525815022-0.00421413040149014i
839+0i,3.31658081+0i,0.00061725275+0i,10.9997078882593-0.00409433725113946i
840+0i,3.31589952+0i,0.000599820761+0i,10.9951892669513-0.00397789074697187i
841+0i,3.31522197+0i,0.000582870472+0i,10.9906963706327-0.00386468998887734i
842+0i,3.31454813+0i,0.000566391888+0i,10.9862289852867-0.00375466634643514i
843+0i,3.31387799+0i,0.000550370523+0i,10.9817870296987-0.00364772152502898i
844+0i,3.31321149+0i,0.000534793086+0i,10.9773700914644-0.00354376519461552i
845+0i,3.31254863+0i,0.000519650738+0i,10.972978156078-0.00344273668048078i
846+0i,3.31188936+0i,0.000504929291+0i,10.9686108779276-0.00334453989283049i
847+0i,3.31123365+0i,0.000490616818+0i,10.9642680441875-0.00324909383403505i
848+0i,3.31058148+0i,0.000476705462+0i,10.9599495084709-0.00315634454782409i
849+0i,3.30993283+0i,0.000463181487+0i,10.9556551245747-0.00306619922013904i
850+0i,3.30928764+0i,0.000450034155+0i,10.951384481726-0.00297858493343869i
851+0i,3.30864592+0i,0.000437256435+0i,10.9471376327395-0.00289345343931299i
852+0i,3.30800761+0i,0.000424835181+0i,10.942914167333-0.00281071602348746i
853+0i,3.3073727+0i,0.000412760789+0i,10.9387140063338-0.00273030753033812i
854+0i,3.30674116+0i,0.000401026589+0i,10.9345369384158-0.00265218225620141i
855+0i,3.30611296+0i,0.000389620465+0i,10.9303827524759-0.00257625853763545i
856+0i,3.30548808+0i,0.000378533623+0i,10.9262513037344-0.00250247675741143i
857+0i,3.30486648+0i,0.000367759842+0i,10.9221423153803-0.00243079434903179i
858+0i,3.30424814+0i,0.000357287919+0i,10.9180556430388-0.00236113588360044i
859+0i,3.30363303+0i,0.000347109746+0i,10.9139910764218-0.00229344644384102i
860+0i,3.30302114+0i,0.000337219628+0i,10.9099485375698-0.00222768712021387i
861+0i,3.30241242+0i,0.000327607166+0i,10.9059276844438-0.0021637879477588i
862+0i,3.30180687+0i,0.000318264832+0i,10.9019285054867-0.00210169801755399i
863+0i,3.30120444+0i,0.000309187514+0i,10.8979506590788-0.00204138238801872i
864+0i,3.30060513+0i,0.000300365524+0i,10.8939941339629-0.00198277597877908i
865+0i,3.30000889+0i,0.000291791813+0i,10.8900585889366-0.00192583115385844i
866+0i,3.29941572+0i,0.000283461902+0i,10.8861440130325-0.0018705173109598i
867+0i,3.29882557+0i,0.000275366728+0i,10.882250065459-0.00181677360690727i
868+0i,3.29823844+0i,0.000267499755+0i,10.8783767355375-0.00176455594926316i
869+0i,3.29765429+0i,0.000259856816+0i,10.8745237488298-0.00171383588813628i
870+0i,3.29707311+0i,0.000252429749+0i,10.8706910289643-0.0016645586751839i
871+0i,3.29649486+0i,0.000245212382+0i,10.8668783018773-0.00161668271374271i
872+0i,3.29591954+0i,0.000238200759+0i,10.8630855574142-0.00157018107206186i
873+0i,3.2953471+0i,0.000231387675+0i,10.8593124559382-0.00152500540757399i
874+0i,3.29477754+0i,0.000224767243+0i,10.8555589875681-0.00148111612792824i
875+0i,3.29421082+0i,0.000218335656+0i,10.8518248789346-0.001438487360774i
876+0i,3.29364694+0i,0.000212086676+0i,10.8481101203906-0.00139707726284434i
877+0i,3.29308585+0i,0.000206014647+0i,10.8444143730282-0.00135684783785689i
878+0i,3.29252755+0i,0.000200115856+0i,10.8407376274626-0.00131777393814367i
879+0i,3.29197201+0i,0.000194385032+0i,10.8370796768379-0.00127982016901391i
880+0i,3.29141921+0i,0.000188816705+0i,10.8334403803053-0.00124294986001181i
881+0i,3.29086914+0i,0.000183407207+0i,10.8298196629661-0.00120713823513978i
882+0i,3.29032176+0i,0.000178152226+0i,10.8262172525913-0.00117235629160048i
883+0i,3.28977706+0i,0.000173046442+0i,10.8226330745572-0.00113856843041244i
884+0i,3.28923501+0i,0.000168086197+0i,10.8190669227567-0.00110575000774031i
885+0i,3.2886956+0i,0.000163268103+0i,10.8155187228029-0.00107387818391289i
886+0i,3.28815881+0i,0.000158586978+0i,10.8119883346308-0.00104291833772395i
887+0i,3.28762462+0i,0.000154039141+0i,10.8084756183021-0.0010128457447905i
888+0i,3.28709301+0i,0.000149622086+0i,10.8049804340041-0.000983643426064438i
889+0i,3.28656396+0i,0.00014533076+0i,10.8015026420499-0.000955277676190819i
890+0i,3.28603744+0i,0.000141161597+0i,10.7980420371552-0.000927724585664383i
891+0i,3.28551345+0i,0.000137112442+0i,10.7945986113311-0.00090096954470669i
892+0i,3.28499196+0i,0.000133178847+0i,10.791172159528-0.00087498288327414i
893+0i,3.28447295+0i,0.000129357325+0i,10.7877625425484-0.000849741269693718i
894+0i,3.28395641+0i,0.000125645609+0i,10.7843696869933-0.000825229406127807i
895+0i,3.28344231+0i,0.000122040252+0i,10.7809933882043-0.000801424253879724i
896+0i,3.28293065+0i,0.000118537706+0i,10.7776336386582-0.000778302136416178i
897+0i,3.28242139+0i,0.000115135561+0i,10.7742901682733-0.0007558468563521i
898+0i,3.28191453+0i,0.000111831326+0i,10.7709629697189-0.000734041707417134i
899+0i,3.28141004+0i,0.000108621404+0i,10.7676518388142-0.000712862731288992i
900+0i,3.28090791+0i,0.000105503227+0i,10.7643567027696-0.000692292743989651i
901+0i,3.28040813+0i,0.000102475188+0i,10.7610774888689-0.000672320879676957i
902+0i,3.27991066+0i,9.9533669e-05+0i,10.7578139276747-0.000652923083964023i
903+0i,3.27941551+0i,9.66761833e-05+0i,10.7545660778823-0.000634082749923246i
904+0i,3.27892265+0i,9.39011998e-05+0i,10.7513337358656-0.000615789541772791i
905+0i,3.27843206+0i,9.12058249e-05+0i,10.7481167637173-0.000598024200821813i
906+0i,3.27794373+0i,8.85874931e-05+0i,10.7449150891986-0.000580769635127127i
907+0i,3.27745764+0i,8.60444701e-05+0i,10.7417285745907-0.000564014211817993i
908+0i,3.27697378+0i,8.35747903e-05+0i,10.7385571478227-0.000547744792964197i
909+0i,3.27649213+0i,8.11757511e-05+0i,10.7354006713624-0.000531943419251978i
910+0i,3.27601267+0i,7.88454081e-05+0i,10.7322590077839-0.000516597111813841i
911+0i,3.27553539+0i,7.6582638e-05+0i,10.7291320852776-0.000501698282057118i
912+0i,3.27506028+0i,7.43846481e-05+0i,10.7260198321006-0.000487228412868175i
913+0i,3.27458731+0i,7.22495608e-05+0i,10.722922045593-0.000473174989897507i
914+0i,3.27411648+0i,7.01761872e-05+0i,10.7198387196829-0.00045953002203017i
915+0i,3.27364777+0i,6.81624918e-05+0i,10.7167697173798-0.000446279978557427i
916+0i,3.27318116+0i,6.62064454e-05+0i,10.7137149017957-0.000433411379507697i
917+0i,3.27271664+0i,6.43066254e-05+0i,10.7106742015975-0.000420914726017653i
918+0i,3.2722542+0i,6.24618389e-05+0i,10.7076475455162-0.000408782029360497i
919+0i,3.27179382+0i,6.06698994e-05+0i,10.7046347969094-0.000396998803833883i
920+0i,3.27133548+0i,5.89292877e-05+0i,10.7016358192342-0.000385554939328275i
921+0i,3.27087918+0i,5.72391557e-05+0i,10.6986506068812-0.000374444725319817i
922+0i,3.27042489+0i,5.55976113e-05+0i,10.6956789580404-0.000363655623640131i
923+0i,3.26997261+0i,5.40030903e-05+0i,10.6927208672339-0.000353177252272713i
924+0i,3.26952232+0i,5.24545044e-05+0i,10.6897761982267-0.000343002345840676i
925+0i,3.26907401+0i,5.09507669e-05+0i,10.6868448802615-0.000333123655724717i
926+0i,3.26862766+0i,4.94901243e-05+0i,10.6839267772678-0.000323529578367636i
927+0i,3.26818327+0i,4.80713402e-05+0i,10.681021883997-0.000314211899616237i
928+0i,3.26774081+0i,4.66937673e-05+0i,10.6781299991591-0.000305166257957707i
929+0i,3.26730028+0i,4.53557921e-05+0i,10.6752511176309-0.000296381984455904i
930+0i,3.26686166+0i,4.40561551e-05+0i,10.672385103637-0.000287850727966407i
931+0i,3.26642493+0i,4.27939694e-05+0i,10.6695318214942-0.000279566577003634i
932+0i,3.2659901+0i,4.15683703e-05+0i,10.6666913315701-0.000271523771745868i
933+0i,3.26555714+0i,4.03779019e-05+0i,10.6638634329746-0.000263712691695529i
934+0i,3.26512604+0i,3.92215514e-05+0i,10.6610480555478-0.000256126617610677i
935+0i,3.26469679+0i,3.80987766e-05+0i,10.6582451291848-0.000248761907337894i
936+0i,3.26426938+0i,3.70083166e-05+0i,10.655454583836-0.000241610229365451i
937+0i,3.26384379+0i,3.59491019e-05+0i,10.6526762842292-0.000234664505984784i
938+0i,3.26342002+0i,3.49203543e-05+0i,10.6499102257174-0.000227919566656226i
939+0i,3.26299805+0i,3.39214945e-05+0i,10.6471562731531-0.000221371540813171i
940+0i,3.26257786+0i,3.29512666e-05+0i,10.6444142914764-0.000215012145736235i
941+0i,3.26215946+0i,3.20088357e-05+0i,10.6416843414429-0.000208835852364681i
942+0i,3.26174283+0i,3.10936971e-05+0i,10.6389662880896-0.000202839287148234i
943+0i,3.26132794+0i,3.02049749e-05+0i,10.6362599313123-0.000197016657136737i
944+0i,3.26091481+0i,2.93417112e-05+0i,10.6335653972164-0.000191361641205646i
945+0i,3.2605034+0i,2.85031824e-05+0i,10.6308824205991-0.00018586944625204i
946+0i,3.26009372+0i,2.7689091e-05+0i,10.6282110624168-0.000180538063363217i
947+0i,3.25968575+0i,2.68983414e-05+0i,10.6255511880295-0.00017536028032043i
948+0i,3.25927948+0i,2.61302336e-05+0i,10.6229027280663-0.000170331468360173i
949+0i,3.2588749+0i,2.53842541e-05+0i,10.6202656132056-0.000165448217083424i
950+0i,3.258472+0i,2.465991e-05+0i,10.6176397741759-0.00016070725251504i
951+0i,3.25807076+0i,2.3956309e-05+0i,10.6150250765931-0.00015610269974085i
952+0i,3.25767119+0i,2.3272848e-05+0i,10.6124215816144-0.000151630572877698i
953+0i,3.25727326+0i,2.26091851e-05+0i,10.6098290897999-0.000147288588113241i
954+0i,3.25687697+0i,2.19646593e-05+0i,10.6072475972339-0.000143072386056133i
955+0i,3.2564823+0i,2.13385763e-05+0i,10.604676969758-0.000138977392056299i
956+0i,3.25608925+0i,2.07304103e-05+0i,10.6021172035358-0.000135000132251839i
957+0i,3.25569781+0i,2.01399493e-05+0i,10.5995682296332-0.000131139177659042i
958+0i,3.25530796+0i,1.95664162e-05+0i,10.5970299140565-0.000127389420809066i
959+0i,3.25491971+0i,1.90092828e-05+0i,10.5945023181851-0.000123747378517368i
960+0i,3.25453302+0i,1.846814e-05+0i,10.5919851779292-0.000120210342895966i
961+0i,3.25414791+0i,1.79427217e-05+0i,10.5894786198354-0.000116776540639533i
962+0i,3.25376436+0i,1.74323307e-05+0i,10.5869825101023-0.000113441392686788i
963+0i,3.25338235+0i,1.69365244e-05+0i,10.5844967150047-0.000110201979106609i
964+0i,3.25300188+0i,1.64550035e-05+0i,10.5820212310128-0.000107056314641813i
965+0i,3.25262294+0i,1.59874122e-05+0i,10.5795559895586-0.000104002047345912i
966+0i,3.25224552+0i,1.55331807e-05+0i,10.5771009221188-0.000101035434685851i
967+0i,3.25186961+0i,1.50919206e-05+0i,10.5746559602138-9.81539159113459e-05i
968+0i,3.25149521+0i,1.46634176e-05+0i,10.5722211004379-9.53560641772594e-05i
969+0i,3.2511223+0i,1.42472565e-05+0i,10.5697962093543-9.26391466419399e-05i
970+0i,3.25075087+0i,1.38429739e-05+0i,10.5673812186141-9.00001188976246e-05i
971+0i,3.25038092+0i,1.34502287e-05+0i,10.5649761249191-8.74367334722328e-05i
972+0i,3.25001243+0i,1.306887e-05+0i,10.5625807949837-8.49479798921082e-05i
973+0i,3.24964541+0i,1.26984506e-05+0i,10.5601952905728-8.25309234128035e-05i
974+0i,3.24927983+0i,1.23385936e-05+0i,10.5578194134926-8.01830866300942e-05i
975+0i,3.24891569+0i,1.19889988e-05+0i,10.5554531605844-7.79024926174223e-05i
976+0i,3.24855298+0i,1.16495619e-05+0i,10.5530964637312-7.56884380518789e-05i
977+0i,3.2481917+0i,1.13198259e-05+0i,10.5507493198208-7.35379290676501e-05i
978+0i,3.24783183+0i,1.09994825e-05+0i,10.5484115958402-7.1448938754056e-05i
979+0i,3.24747337+0i,1.06882703e-05+0i,10.5460832887449-6.94197463412238e-05i
980+0i,3.24711631+0i,1.0386109e-05+0i,10.5437643305601-6.74498078626756e-05i
981+0i,3.24676064+0i,1.00925583e-05+0i,10.5414546533514-6.55362420906906e-05i
982+0i,3.24640636+0i,9.80736069e-06+0i,10.5391542541523-6.367735623766e-05i
983+0i,3.24605344+0i,9.53029709e-06+0i,10.536862935245-6.1871707306433e-05i
984+0i,3.2457019+0i,9.26127521e-06+0i,10.5345808235778-6.01186770910398e-05i
985+0i,3.24535171+0i,8.99991035e-06+0i,10.5323077215189-5.84157488884384e-05i
986+0i,3.24500288+0i,8.74597451e-06+0i,10.5300436911318-5.67614249467132e-05i
987+0i,3.24465539+0i,8.49928031e-06+0i,10.5277885997838-5.51544713379247e-05i
988+0i,3.24430923+0i,8.25973535e-06+0i,10.525542379795-5.35942712667246e-05i
989+0i,3.2439644+0i,8.02700027e-06+0i,10.5233050284029-5.20786062293408e-05i
990+0i,3.24362089+0i,7.80087271e-06+0i,10.5210764779835-5.06061473647738e-05i
991+0i,3.2432787+0i,7.58118832e-06+0i,10.5188567258162-4.91758131978896e-05i
992+0i,3.24293781+0i,7.36786404e-06+0i,10.5166456394733-4.77870497485107e-05i
993+0i,3.24259822+0i,7.16059694e-06+0i,10.5144432162959-4.64378777835629e-05i
994+0i,3.24225992+0i,6.95920709e-06+0i,10.51224938879-4.51271164457737e-05i
995+0i,3.2419229+0i,6.76354613e-06+0i,10.5100640894987-4.38537901681068e-05i
996+0i,3.24158716+0i,6.57354746e-06+0i,10.5078873158337-4.26174540839732e-05i
997+0i,3.24125269+0i,6.38893718e-06+0i,10.5057190003914-4.1416319641832e-05i
998+0i,3.24091948+0i,6.20955494e-06+0i,10.5035590758049-4.02493351343525e-05i
999+0i,3.24058753+0i,6.03526292e-06+0i,10.5014075395551-3.91155955176468e-05i
1000+0i,3.24025682+0i,5.86601588e-06+0i,10.4992642595221-3.80147959227966e-05i
