207+0i,1.26569+0i,2.48139+0i,-4.555325156-6.2813410182i
208+0i,1.27078+0i,2.50956+0i,-4.6830095852-6.3781973136i
209+0i,1.27795+0i,2.53311+0i,-4.7834900696-6.474375849i
210+0i,1.28654+0i,2.55354+0i,-4.86538136-6.5704627032i
211+0i,1.29361+0i,2.57272+0i,-4.9454613663-6.6561926384i
212+0i,1.30033+0i,2.59164+0i,-5.0257397807-6.7399744824i
213+0i,1.30628+0i,2.61024+0i,-5.1069854192-6.8194086144i
214+0i,1.31177+0i,2.62947+0i,-5.193371948-6.8985197238i
215+0i,1.3155+0i,2.65109+0i,-5.2977379381-6.97501779i
216+0i,1.31924+0i,2.67343+0i,-5.4068337873-7.0537915864i
217+0i,1.32297+0i,2.69712+0i,-5.5242066735-7.1364176928i
218+0i,1.32755+0i,2.72191+0i,-5.6464050456-7.226943241i
219+0i,1.33313+0i,2.74801+0i,-5.7743233632-7.3269091426i
220+0i,1.33934+0i,2.77509+0i,-5.9072928725-7.4335780812i
221+0i,1.3461+0i,2.80303+0i,-6.0449919709-7.546317366i
222+0i,1.35346+0i,2.83165+0i,-6.1863877509-7.665050018i
223+0i,1.36126+0i,2.86079+0i,-6.3310906365-7.7885579908i
224+0i,1.3698+0i,2.89097+0i,-6.4813555009-7.920101412i
225+0i,1.37887+0i,2.92193+0i,-6.636392448-8.0579232382i
226+0i,1.38862+0i,2.95395+0i,-6.7975550981-8.203828098i
227+0i,1.39892+0i,2.98686+0i,-6.9643554932-8.3567563824i
228+0i,1.41013+0i,3.02103+0i,-7.138155644-8.5200900678i
229+0i,1.42232+0i,3.0566+0i,-7.3198093776-8.694926624i
230+0i,1.43538+0i,3.09326+0i,-7.5079416832-8.8800070776i
231+0i,1.44992+0i,3.13176+0i,-7.7056526912-9.0816029184i
232+0i,1.46507+0i,3.1712+0i,-7.9100793351-9.292059968i
233+0i,1.48236+0i,3.21391+0i,-8.1318263185-9.5283432552i
234+0i,1.4997+0i,3.2568+0i,-8.35764615-9.76844592i
235+0i,1.51839+0i,3.3044+0i,-8.6135511679-10.034735832i
236+0i,1.53707+0i,3.352+0i,-8.8733198151-10.30451728i
237+0i,1.56143+0i,3.40488+0i,-9.1551441695-10.6329635568i
238+0i,1.58714+0i,3.45902+0i,-9.4458059808-10.9798980056i
239+0i,1.61721+0i,3.51929+0i,-9.77003392-11.3828619618i
240+0i,1.65104+0i,3.58484+0i,-10.125144744-11.8374284672i
241+0i,1.68911+0i,3.65081+0i,-10.475321064-12.3332393582i
242+0i,1.74193+0i,3.71828+0i,-10.7912860335-12.9539669608i
243+0i,1.79475+0i,3.78574+0i,-11.1106997851-13.58891373i
244+0i,1.87713+0i,3.85458+0i,-11.3341699395-14.4710955108i
245+0i,1.96421+0i,3.92364+0i,-11.5368299255-15.4137058488i
246+0i,2.06011+0i,3.98402+0i,-11.6283621483-16.4150388844i
247+0i,2.16655+0i,4.03401+0i,-11.5792977776-17.479768731i
248+0i,2.273+0i,4.084+0i,-11.512527-18.565864i
249+0i,2.39663+0i,4.09074+0i,-10.9903183907-19.6079804124i
250+0i,2.52025+0i,4.09747+0i,-10.4376003384-20.653297535i
251+0i,2.64219+0i,4.09044+0i,-9.7505313975-21.6154393272i
252+0i,2.76242+0i,4.06937+0i,-8.9288079405-22.4826181508i
253+0i,2.88264+0i,4.04829+0i,-8.0790385545-23.3395253712i
254+0i,2.97944+0i,4.00348+0i,-7.1507893968-23.8562569024i
255+0i,3.07472+0i,3.95713+0i,-6.2049747585-24.3341335072i
256+0i,3.16376+0i,3.90673+0i,-5.2531619553-24.7199122096i
257+0i,3.24015+0i,3.84813+0i,-4.3095324744-24.937036839i
258+0i,3.31654+0i,3.78953+0i,-3.3611000493-25.1362556524i
259+0i,3.37769+0i,3.73111+0i,-2.512392096-25.2050658718i
260+0i,3.43122+0i,3.67278+0i,-1.71604224-25.2042323832i
261+0i,3.48475+0i,3.61445+0i,-0.920766240000001-25.190909275i
262+0i,3.52524+0i,3.55701+0i,-0.225003082499999-25.0786278648i
263+0i,3.565+0i,3.49962+0i,0.461884855599999-24.9522906i
264+0i,3.60355+0i,3.44326+0i,1.1295331749-24.815919146i
265+0i,3.63616+0i,3.39188+0i,1.7168096112-24.6668367616i
266+0i,3.66876+0i,3.3405+0i,2.3008596876-24.51098556i
267+0i,3.69953+0i,3.29047+0i,2.8593294-24.3463849582i
268+0i,3.72661+0i,3.24312+0i,3.3697947577-24.1716868464i
269+0i,3.75369+0i,3.19576+0i,3.8773066385-23.9917847088i
270+0i,3.7802+0i,3.15132+0i,4.3590942976-23.825239728i
271+0i,3.80596+0i,3.11067+0i,4.8090636727-23.6781711864i
272+0i,3.83172+0i,3.07001+0i,5.2571167583-23.5268374344i
273+0i,3.85587+0i,3.02834+0i,5.6968903013-23.3537707116i
274+0i,3.87823+0i,2.98556+0i,6.1270994193-23.1573767176i
275+0i,3.90058+0i,2.94277+0i,6.5546290635-22.9570196132i
276+0i,3.92229+0i,2.89392+0i,7.0095858777-22.7015869536i
277+0i,3.94321+0i,2.8375+0i,7.4974988541-22.37771675i
278+0i,3.96412+0i,2.78108+0i,7.979841408-22.0490696992i
279+0i,3.98185+0i,2.72437+0i,8.4329375256-21.696065369i
280+0i,3.99361+0i,2.66711+0i,8.83544508-21.3027943342i
281+0i,4.00538+0i,2.60985+0i,9.2317519219-20.906881986i
282+0i,4.01368+0i,2.55392+0i,9.587119776-20.5012352512i
283+0i,4.0064+0i,2.50396+0i,9.7814252784-20.063730688i
284+0i,3.99913+0i,2.45401+0i,9.9708756768-19.6278100226i
285+0i,3.99186+0i,2.40406+0i,10.155441776-19.1933419032i
286+0i,3.97653+0i,2.36104+0i,10.2382809593-18.7774927824i
287+0i,3.96071+0i,2.31844+0i,10.3120596705-18.3653369848i
288+0i,3.94489+0i,2.27585+0i,10.3826638896-17.955955813i
289+0i,3.92755+0i,2.23998+0i,10.4081386021-17.595266898i
290+0i,3.90931+0i,2.20809+0i,10.407043228-17.2642166358i
291+0i,3.89107+0i,2.1762+0i,10.4045793049-16.935493068i
292+0i,3.87258+0i,2.1462+0i,10.3907014164-16.622662392i
293+0i,3.85325+0i,2.12236+0i,10.3431235929-16.35596734i
294+0i,3.83393+0i,2.09852+0i,10.2952330545-16.0911575672i
295+0i,3.8146+0i,2.07468+0i,10.2468760576-15.828148656i
296+0i,3.79685+0i,2.05639+0i,10.1873300904-15.615608743i
297+0i,3.7796+0i,2.03984+0i,10.1244289344-15.419558528i
298+0i,3.76235+0i,2.02329+0i,10.0615750984-15.224650263i
299+0i,3.74544+0i,2.00781+0i,9.9970197975-15.0402637728i
300+0i,3.7299+0i,1.99653+0i,9.9260219691-14.893714494i
301+0i,3.71436+0i,1.98524+0i,9.855292352-14.7477920928i
302+0i,3.69882+0i,1.97395+0i,9.7847907899-14.602571478i
303+0i,3.68465+0i,1.96453+0i,9.7172675016-14.477210929i
304+0i,3.67154+0i,1.95656+0i,9.652078938-14.3671766048i
305+0i,3.65843+0i,1.94859+0i,9.5871070768-14.2575602274i
306+0i,3.64533+0i,1.94063+0i,9.522386012-14.1484735158i
307+0i,3.63397+0i,1.93509+0i,9.4611646528-14.0641180146i
308+0i,3.62298+0i,1.93006+0i,9.4008524768-13.9851375576i
309+0i,3.61199+0i,1.92503+0i,9.3407312592-13.9063782194i
310+0i,3.601+0i,1.92+0i,9.280801-13.82784i
311+0i,3.59211+0i,1.9171+0i,9.2279818421-13.772868162i
312+0i,3.58322+0i,1.9142+0i,9.1753039284-13.717999448i
313+0i,3.57434+0i,1.9113+0i,9.1228387456-13.663272084i
314+0i,3.56559+0i,1.90854+0i,9.0709071165-13.6101422772i
315+0i,3.55861+0i,1.90739+0i,9.02556852-13.5753142558i
316+0i,3.55162+0i,1.90624+0i,8.9802536868-13.5404802176i
317+0i,3.54463+0i,1.90509+0i,8.9350339288-13.5056783334i
318+0i,3.53773+0i,1.904+0i,8.8903175529-13.47167584i
319+0i,3.53254+0i,1.90403+0i,8.8535086107-13.4521242724i
320+0i,3.52735+0i,1.90406+0i,8.8167535389-13.432572082i
321+0i,3.52216+0i,1.90409+0i,8.7800523375-13.4130192688i
322+0i,3.51697+0i,1.90412+0i,8.7434050065-13.3934658328i
323+0i,3.51318+0i,1.90519+0i,8.7126847763-13.3865508084i
324+0i,3.5095+0i,1.90634+0i,8.6824580544-13.38060046i
325+0i,3.50583+0i,1.90749+0i,8.6523258888-13.3746713334i
326+0i,3.50216+0i,1.90864+0i,8.622218016-13.3687253248i
327+0i,3.49928+0i,1.91044+0i,8.5951795248-13.3703289664i
328+0i,3.49677+0i,1.91256+0i,8.5695146793-13.3755648624i
329+0i,3.49425+0i,1.91467+0i,8.5438218536-13.380671295i
330+0i,3.49174+0i,1.91678+0i,8.5182026592-13.3857947944i
331+0i,3.48968+0i,1.91914+0i,8.4947681628-13.3943689504i
332+0i,3.48855+0i,1.92201+0i,8.4758586624-13.410055971i
333+0i,3.48742+0i,1.92488+0i,8.456935242-13.4257300192i
334+0i,3.48629+0i,1.92775+0i,8.4379979016-13.441391095i
335+0i,3.48515+0i,1.93061+0i,8.4190155504-13.456930883i
336+0i,3.48533+0i,1.9339+0i,8.4075559989-13.480559374i
337+0i,3.48571+0i,1.93725+0i,8.3972366416-13.505383395i
338+0i,3.48609+0i,1.94059+0i,8.38693394-13.5301427862i
339+0i,3.48647+0i,1.94394+0i,8.3765703373-13.5549769836i
340+0i,3.48723+0i,1.94746+0i,8.3681726213-13.5824818716i
341+0i,3.48898+0i,1.9514+0i,8.3650194804-13.616791144i
342+0i,3.49073+0i,1.95535+0i,8.3618023104-13.651197811i
343+0i,3.49247+0i,1.9593+0i,8.3584902109-13.685592942i
344+0i,3.49422+0i,1.96325+0i,8.3552228459-13.72005483i
345+0i,3.49667+0i,1.96754+0i,8.3554874373-13.7596761836i
346+0i,3.49967+0i,1.97211+0i,8.3584722568-13.8034684074i
347+0i,3.50267+0i,1.97669+0i,8.3613937728-13.8473855246i
348+0i,3.50567+0i,1.98126+0i,8.3643309613-13.8912874884i
349+0i,3.50867+0i,1.98584+0i,8.3672046633-13.9353144656i
350+0i,3.51259+0i,1.99083+0i,8.3748844192-13.9859390994i
351+0i,3.51688+0i,1.996+0i,8.3844289344-14.03938496i
352+0i,3.52118+0i,2.00118+0i,8.3939872-14.0930299848i
353+0i,3.52548+0i,2.00635+0i,8.4035689079-14.146693596i
354+0i,3.52977+0i,2.01152+0i,8.4130635425-14.2004059008i
355+0i,3.53485+0i,2.01705+0i,8.42667382-14.259938385i
356+0i,3.54024+0i,2.02272+0i,8.4419030592-14.3218285056i
357+0i,3.54564+0i,2.0284+0i,8.4571564496-14.383952352i
358+0i,3.55103+0i,2.03407+0i,8.472373296-14.4460871842i
359+0i,3.55642+0i,2.03974+0i,8.4875839488-14.5083442616i
360+0i,3.56278+0i,2.04584+0i,8.5079400228-14.5777556704i
361+0i,3.56984+0i,2.05225+0i,8.5320275631-14.65240828i
362+0i,3.5769+0i,2.05866+0i,8.5561326144-14.727241908i
363+0i,3.58396+0i,2.06507+0i,8.5802551767-14.8022565544i
364+0i,3.59102+0i,2.07148+0i,8.60439525-14.8774522192i
365+0i,3.5985+0i,2.07811+0i,8.6306610779-14.95615767i
366+0i,3.607+0i,2.08529+0i,8.6620146159-15.04328206i
367+0i,3.61549+0i,2.09246+0i,8.6933790885-15.1305364108i
368+0i,3.62399+0i,2.09964+0i,8.7248153905-15.2181487272i
369+0i,3.63249+0i,2.10681+0i,8.756335224-15.3059325138i
370+0i,3.64098+0i,2.11399+0i,8.7877816403-15.3939906204i
371+0i,3.65238+0i,2.12218+0i,8.836231712-15.5020155768i
372+0i,3.66428+0i,2.13055+0i,8.8877046159-15.613863508i
373+0i,3.67618+0i,2.13892+0i,8.939320626-15.7261098512i
374+0i,3.68808+0i,2.14729+0i,8.9910797423-15.8387546064i
375+0i,3.69998+0i,2.15566+0i,9.0429819648-15.9517977736i
376+0i,3.71296+0i,2.16524+0i,9.097807704-16.0788990208i
377+0i,3.72928+0i,2.1786+0i,9.1612313584-16.249218816i
378+0i,3.74561+0i,2.19197+0i,9.2248617912-16.4205295034i
379+0i,3.76193+0i,2.20533+0i,9.288636916-16.5925941738i
380+0i,3.77826+0i,2.21869+0i,9.3526633115-16.7655753588i
381+0i,3.79458+0i,2.23205+0i,9.4167901739-16.939384578i
382+0i,3.8138+0i,2.24302+0i,9.5139317196-17.108859352i
383+0i,3.83638+0i,2.2512+0i,9.6499100644-17.272917312i
384+0i,3.85896+0i,2.25938+0i,9.7867742972-17.4377140896i
385+0i,3.88154+0i,2.26756+0i,9.924524418-17.6032496848i
386+0i,3.90413+0i,2.27573+0i,10.063284024-17.7694915298i
387+0i,3.92671+0i,2.28391+0i,10.202806536-17.9365044722i
388+0i,3.95615+0i,2.28387+0i,10.4350606456-18.070664601i
389+0i,3.99246+0i,2.27562+0i,10.7612904672-18.1706436504i
390+0i,4.02877+0i,2.26737+0i,11.090020996-18.2694244698i
391+0i,4.06507+0i,2.25912+0i,11.4211709305-18.3669618768i
392+0i,4.10138+0i,2.25087+0i,11.7549021475-18.4633464012i
393+0i,4.13768+0i,2.24262+0i,12.091051318-18.5584878432i
394+0i,4.17295+0i,2.23223+0i,12.4306609296-18.629968357i
395+0i,4.2063+0i,2.21786+0i,12.7740567104-18.657969036i
396+0i,4.23964+0i,2.20349+0i,13.1191791495-18.6840086872i
397+0i,4.27298+0i,2.18912+0i,13.466111706-18.7081319552i
398+0i,4.30632+0i,2.17474+0i,13.8148978748-18.7302527136i
399+0i,4.33966+0i,2.16037+0i,14.1654503787-18.7505425484i
400+0i,4.373+0i,2.146+0i,14.517813-18.768916i
401+0i,4.38234+0i,2.13171+0i,14.6607163515-18.6837560028i
402+0i,4.39168+0i,2.11743+0i,14.8033434175-18.5981499648i
403+0i,4.40102+0i,2.10314+0i,14.9457791808-18.5119224056i
404+0i,4.41036+0i,2.08885+0i,15.0879810071-18.425160972i
405+0i,4.4197+0i,2.07456+0i,15.2299488964-18.337865664i
406+0i,4.42904+0i,2.06028+0i,15.3716416432-18.2501250624i
407+0i,4.43913+0i,2.0455+0i,15.5218049069-18.16048083i
408+0i,4.45016+0i,2.0301+0i,15.6826180156-18.068539632i
409+0i,4.4612+0i,2.01471+0i,15.8432490559-17.976048504i
410+0i,4.47223+0i,1.99932+0i,16.0035607105-17.8828377672i
411+0i,4.48326+0i,1.98392+0i,16.1636816612-17.7888583584i
412+0i,4.49429+0i,1.96853+0i,16.3235322432-17.6942893874i
413+0i,4.50532+0i,1.95313+0i,16.4831915055-17.5989513032i
414+0i,4.5362+0i,1.94036+0i,16.8121135104-17.603722064i
415+0i,4.577+0i,1.92891+0i,17.2282352119-17.65724214i
416+0i,4.61779+0i,1.91745+0i,17.6473699816-17.708762871i
417+0i,4.65859+0i,1.906+0i,18.0696247881-17.75854508i
418+0i,4.69939+0i,1.89454+0i,18.4949845605-17.8063646612i
419+0i,4.74019+0i,1.88309+0i,18.923373288-17.8524087742i
420+0i,4.78098+0i,1.87163+0i,19.3547709035-17.8964511948i
421+0i,4.81827+0i,1.85436+0i,19.7770747833-17.8696143144i
422+0i,4.85376+0i,1.83412+0i,20.1949899632-17.8047565824i
423+0i,4.88925+0i,1.81387+0i,20.6146411856-17.736927795i
424+0i,4.92473+0i,1.79362+0i,21.0358928685-17.6661884452i
425+0i,4.96022+0i,1.77337+0i,21.4589412915-17.5926106828i
426+0i,4.99571+0i,1.75312+0i,21.8836886697-17.5161582304i
427+0i,5.0312+0i,1.73287+0i,22.3101350031-17.436831088i
428+0i,5.05222+0i,1.7011+0i,22.6311857184-17.188662884i
429+0i,5.05275+0i,1.65301+0i,22.7978405024-16.704492555i
430+0i,5.05329+0i,1.60492+0i,22.9599716177-16.2202523736i
431+0i,5.05382+0i,1.55683+0i,23.1173769435-15.7358771812i
432+0i,5.05435+0i,1.50874+0i,23.2701575349-15.251400038i
433+0i,5.05489+0i,1.46065+0i,23.4184144896-14.766850157i
434+0i,5.05542+0i,1.41256+0i,23.5619456228-14.2821681504i
435+0i,5.05595+0i,1.36447+0i,23.7008520216-13.797384193i
436+0i,5.04461+0i,1.31689+0i,23.71389078-13.2863929258i
437+0i,5.03213+0i,1.26937+0i,23.71103214-12.7752697162i
438+0i,5.01964+0i,1.22184+0i,23.703892744-12.2663938752i
439+0i,5.00716+0i,1.17431+0i,23.6926472895-11.7599161192i
440+0i,4.99467+0i,1.12679+0i,23.6770727048-11.2558884186i
441+0i,4.98219+0i,1.07926+0i,23.6574150485-10.7541567588i
442+0i,4.9697+0i,1.03174+0i,23.6334306624-10.254876556i
443+0i,4.95677+0i,0.98775+0i,23.5939187704-9.792099135i
444+0i,4.94116+0i,0.96498+0i,23.4838757452-9.5362411536i
445+0i,4.92555+0i,0.94222+0i,23.3732642741-9.281903442i
446+0i,4.90994+0i,0.91945+0i,23.2621225011-9.028888666i
447+0i,4.89433+0i,0.89668+0i,23.1504311265-8.7772956488i
448+0i,4.87872+0i,0.87392+0i,23.038172672-8.5272219648i
449+0i,4.86311+0i,0.85115+0i,22.9253825496-8.278472153i
450+0i,4.8475+0i,0.82838+0i,22.8120428256-8.0311441i
451+0i,4.8318+0i,0.80647+0i,22.6958973791-7.793403492i
452+0i,4.81511+0i,0.7931+0i,22.5562767021-7.637727482i
453+0i,4.79843+0i,0.77972+0i,22.4169671865-7.4828636792i
454+0i,4.78174+0i,0.76635+0i,22.2777451051-7.328972898i
455+0i,4.76506+0i,0.75297+0i,22.1388329827-7.1758944564i
456+0i,4.74838+0i,0.73959+0i,22.0001192563-7.0237087284i
457+0i,4.73169+0i,0.72622+0i,21.8614947677-6.8724958236i
458+0i,4.71501+0i,0.71284+0i,21.7231784345-6.7220954568i
459+0i,4.69833+0i,0.69947+0i,21.585046508-6.5726817702i
460+0i,4.6848+0i,0.68824+0i,21.4736767424-6.448533504i
461+0i,4.67238+0i,0.67776+0i,21.3717762468-6.3335045376i
462+0i,4.65996+0i,0.66728+0i,21.2699646032-6.2189962176i
463+0i,4.64754+0i,0.6568+0i,21.1682418116-6.105008544i
464+0i,4.63512+0i,0.64632+0i,21.066607872-5.9915415168i
465+0i,4.6227+0i,0.63584+0i,20.9650627844-5.878595136i
466+0i,4.61028+0i,0.62536+0i,20.8636065488-5.7661694016i
467+0i,4.59786+0i,0.61488+0i,20.7622391652-5.6542643136i
468+0i,4.58558+0i,0.60463+0i,20.6619664995-5.5451584708i
469+0i,4.5751+0i,0.59728+0i,20.5747966116-5.465231456i
470+0i,4.56461+0i,0.58992+0i,20.4876588457-5.3855094624i
471+0i,4.55412+0i,0.58257+0i,20.4006211695-5.3061873768i
472+0i,4.54363+0i,0.57521+0i,20.3137070328-5.2270828246i
473+0i,4.53314+0i,0.56786+0i,20.22689328-5.1483777608i
474+0i,4.52266+0i,0.5605+0i,20.1402932256-5.06990186i
475+0i,4.51217+0i,0.55315+0i,20.0537031864-4.991813671i
476+0i,4.50168+0i,0.54579+0i,19.9672360983-4.9139438544i
477+0i,4.49131+0i,0.53855+0i,19.8818294136-4.837590001i
478+0i,4.48231+0i,0.53273+0i,19.8073016832-4.7757220126i
479+0i,4.47332+0i,0.52691+0i,19.7329576743-4.7140740824i
480+0i,4.46432+0i,0.52109+0i,19.6586182743-4.6526250176i
481+0i,4.45532+0i,0.51527+0i,19.5843731295-4.5913854728i
482+0i,4.44633+0i,0.50945+0i,19.5103111664-4.530365637i
483+0i,4.43733+0i,0.50362+0i,19.4362644245-4.4694562692i
484+0i,4.42834+0i,0.4978+0i,19.3623903156-4.408855304i
485+0i,4.41934+0i,0.49198+0i,19.2885217152-4.3484537864i
486+0i,4.41035+0i,0.48616+0i,19.2148355769-4.288271512i
487+0i,4.40229+0i,0.48131+0i,19.148497928-4.2377323998i
488+0i,4.39459+0i,0.47683+0i,19.0850544192-4.1909446994i
489+0i,4.38689+0i,0.47235+0i,19.0216893496-4.144294983i
490+0i,4.37919+0i,0.46788+0i,18.9583933617-4.0978708344i
491+0i,4.37149+0i,0.4634+0i,18.8951852601-4.051496932i
492+0i,4.3638+0i,0.45892+0i,18.8321428736-4.005270192i
493+0i,4.3561+0i,0.45444+0i,18.7690914964-3.959172168i
494+0i,4.3484+0i,0.44996+0i,18.7061185584-3.913212128i
495+0i,4.3407+0i,0.44548+0i,18.6432240596-3.867390072i
496+0i,4.333+0i,0.441+0i,18.580408-3.821706i
497+0i,4.32634+0i,0.43725+0i,18.5260302331-3.78338433i
498+0i,4.31969+0i,0.4335+0i,18.4717994461-3.74517123i
499+0i,4.31303+0i,0.42976+0i,18.4175341233-3.7071355456i
500+0i,4.30638+0i,0.42601+0i,18.3634241843-3.6691218876i
501+0i,4.29972+0i,0.42226+0i,18.3092885708-3.6311995344i
502+0i,4.29306+0i,0.41851+0i,18.2552135435-3.5933770812i
503+0i,4.28641+0i,0.41477+0i,18.2012765352-3.5557485514i
504+0i,4.27975+0i,0.41102+0i,18.1473226221-3.51812569i
505+0i,4.2731+0i,0.40727+0i,18.0935147571-3.480610874i
506+0i,4.26644+0i,0.40352+0i,18.0396818832-3.4431877376i
507+0i,4.26058+0i,0.40039+0i,17.9922297843-3.4117872524i
508+0i,4.25483+0i,0.39735+0i,17.9456913064-3.381313401i
509+0i,4.24908+0i,0.39431+0i,17.8992004703-3.3509094696i
510+0i,4.24333+0i,0.39127+0i,17.852757276-3.3205754582i
511+0i,4.23758+0i,0.38823+0i,17.8063617235-3.2903113668i
512+0i,4.23183+0i,0.38519+0i,17.7600138128-3.2601171954i
513+0i,4.22608+0i,0.38215+0i,17.7137135439-3.229992944i
514+0i,4.22033+0i,0.37911+0i,17.6674609168-3.1999386126i
515+0i,4.21458+0i,0.37607+0i,17.6212559315-3.1699542012i
516+0i,4.20883+0i,0.37303+0i,17.575098588-3.1400397098i
517+0i,4.20333+0i,0.37018+0i,17.5309498565-3.1119773988i
518+0i,4.19832+0i,0.36771+0i,17.4906801783-3.0875284944i
519+0i,4.19331+0i,0.36524+0i,17.4504484985-3.0631290888i
520+0i,4.1883+0i,0.36277+0i,17.4102548171-3.038779182i
521+0i,4.18329+0i,0.36031+0i,17.370091928-3.0145624398i
522+0i,4.17829+0i,0.35784+0i,17.3300578585-2.9903185872i
523+0i,4.17328+0i,0.35537+0i,17.2899781215-2.9661170272i
524+0i,4.16827+0i,0.3529+0i,17.2499363829-2.941964966i
525+0i,4.16326+0i,0.35044+0i,17.209925634-2.9179456688i
526+0i,4.15825+0i,0.34797+0i,17.1699599416-2.893892505i
527+0i,4.15324+0i,0.3455+0i,17.1300322476-2.86988884i
528+0i,4.14845+0i,0.34317+0i,17.0918717536-2.847247173i
529+0i,4.1441+0i,0.34109+0i,17.0572224219-2.827022138i
530+0i,4.13975+0i,0.339+0i,17.0226090625-2.8067505i
531+0i,4.13539+0i,0.33692+0i,16.9879353657-2.7865911976i
532+0i,4.13104+0i,0.33484+0i,16.953373656-2.7664748672i
533+0i,4.12669+0i,0.33276+0i,16.9188411385-2.7463947288i
534+0i,4.12233+0i,0.33068+0i,16.8842553665-2.7263441688i
535+0i,4.11798+0i,0.3286+0i,16.8497813204-2.706336456i
536+0i,4.11363+0i,0.32652+0i,16.8153364665-2.6863649352i
537+0i,4.10927+0i,0.32443+0i,16.780845108-2.6663409322i
538+0i,4.10492+0i,0.32235+0i,16.7464586839-2.646441924i
539+0i,4.10057+0i,0.32027+0i,16.712101452-2.6265791078i
540+0i,4.0967+0i,0.31834+0i,16.6816105344-2.608286956i
541+0i,4.0929+0i,0.31642+0i,16.6517087936-2.590150836i
542+0i,4.0891+0i,0.31451+0i,16.6218222699-2.572125682i
543+0i,4.0853+0i,0.31259+0i,16.5919635819-2.554047854i
544+0i,4.08151+0i,0.31068+0i,16.5622018177-2.5360870536i
545+0i,4.07771+0i,0.30876+0i,16.5323861065-2.5180674792i
546+0i,4.07391+0i,0.30685+0i,16.5025857656-2.500158567i
547+0i,4.07011+0i,0.30493+0i,16.4728131072-2.4821972846i
548+0i,4.06632+0i,0.30302+0i,16.443137222-2.4643525728i
549+0i,4.06252+0i,0.3011+0i,16.4134075404-2.446449544i
550+0i,4.05872+0i,0.29919+0i,16.3836933823-2.4286568736i
551+0i,4.05492+0i,0.29728+0i,16.354000808-2.4108932352i
552+0i,4.05155+0i,0.29557+0i,16.3276957776-2.395033267i
553+0i,4.04824+0i,0.29389+0i,16.3018757655-2.3794745072i
554+0i,4.04493+0i,0.2922+0i,16.2760778649-2.363857092i
555+0i,4.04161+0i,0.29052+0i,16.2502095217-2.3483370744i
556+0i,4.0383+0i,0.28884+0i,16.2244383444-2.332845144i
557+0i,4.03499+0i,0.28716+0i,16.1986834345-2.3173754568i
558+0i,4.03167+0i,0.28548+0i,16.1728641585-2.3019223032i
559+0i,4.02836+0i,0.2838+0i,16.1471418496-2.286497136i
560+0i,4.02505+0i,0.28212+0i,16.1214358081-2.271094212i
561+0i,4.02174+0i,0.28043+0i,16.0957516427-2.2556330964i
562+0i,4.01842+0i,0.27875+0i,16.0699977339-2.24026915i
563+0i,4.01511+0i,0.27707+0i,16.0443405272-2.2249330554i
564+0i,4.01194+0i,0.27547+0i,16.0197788427-2.2103382236i
565+0i,4.00904+0i,0.27403+0i,15.9973092807-2.1971944624i
566+0i,4.00614+0i,0.27259+0i,15.9748523915-2.1840674052i
567+0i,4.00323+0i,0.27114+0i,15.9523335333-2.1708715644i
568+0i,4.00033+0i,0.2697+0i,15.9299020189-2.157778002i
569+0i,3.99742+0i,0.26825+0i,15.9074085939-2.14461583i
570+0i,3.99452+0i,0.26681+0i,15.8850024543-2.1315557624i
571+0i,3.99162+0i,0.26536+0i,15.8626142948-2.1184325664i
572+0i,3.98871+0i,0.26392+0i,15.8401536977-2.1054006864i
573+0i,3.98581+0i,0.26247+0i,15.8177908552-2.0923111014i
574+0i,3.98291+0i,0.26103+0i,15.7954354072-2.0793179946i
575+0i,3.98+0i,0.25958+0i,15.7730182236-2.0662568i
576+0i,3.9771+0i,0.25814+0i,15.7506881504-2.053297188i
577+0i,3.97429+0i,0.25675+0i,15.7290604416-2.040797915i
578+0i,3.97174+0i,0.2555+0i,15.7094383776-2.02955914i
579+0i,3.9692+0i,0.25426+0i,15.6899004924-2.018417584i
580+0i,3.96665+0i,0.25302+0i,15.6702931021-2.007283566i
581+0i,3.96411+0i,0.25177+0i,15.6507799592-1.9960879494i
582+0i,3.96157+0i,0.25053+0i,15.631271584-1.9849842642i
583+0i,3.95902+0i,0.24929+0i,15.6116938563-1.9738881916i
584+0i,3.95648+0i,0.24805+0i,15.5922051879-1.962809728i
585+0i,3.95393+0i,0.2468+0i,15.5726522049-1.951659848i
586+0i,3.95139+0i,0.24556+0i,15.5531832185-1.9406066568i
587+0i,3.94884+0i,0.24432+0i,15.5336450832-1.9295611776i
588+0i,3.9463+0i,0.24308+0i,15.5141958036-1.918533208i
589+0i,3.94376+0i,0.24183+0i,15.4947611887-1.9074389616i
590+0i,3.94121+0i,0.24059+0i,15.475252716-1.8964314278i
591+0i,3.93882+0i,0.23946+0i,15.4569619008-1.8863796744i
592+0i,3.93658+0i,0.23844+0i,15.4398084628-1.8772762704i
593+0i,3.93434+0i,0.23742+0i,15.4226629792-1.8681820056i
594+0i,3.93209+0i,0.23639+0i,15.405451536-1.8590135102i
595+0i,3.92985+0i,0.23537+0i,15.3883219856-1.849937589i
596+0i,3.92761+0i,0.23434+0i,15.3712050765-1.8407922548i
597+0i,3.92536+0i,0.23332+0i,15.3540129072-1.8317299904i
598+0i,3.92312+0i,0.23229+0i,15.3369118903-1.8226030896i
599+0i,3.92088+0i,0.23127+0i,15.3198141615-1.8135638352i
600+0i,3.91863+0i,0.23025+0i,15.3026460144-1.804529115i
601+0i,3.91639+0i,0.22922+0i,15.2855688237-1.7954298316i
602+0i,3.91414+0i,0.2282+0i,15.2684166996-1.786413496i
603+0i,3.9119+0i,0.22717+0i,15.2513554011-1.777332646i
604+0i,3.90966+0i,0.22615+0i,15.2342974931-1.768339218i
605+0i,3.90745+0i,0.22514+0i,15.2174774829-1.759446586i
606+0i,3.90548+0i,0.22419+0i,15.2025128743-1.7511391224i
607+0i,3.90352+0i,0.22325+0i,15.1876278279-1.74292168i
608+0i,3.90156+0i,0.22231+0i,15.1727486975-1.7347116072i
609+0i,3.89959+0i,0.22137+0i,15.1577974912-1.7265044766i
610+0i,3.89763+0i,0.22042+0i,15.1429346405-1.7182312092i
611+0i,3.89567+0i,0.21948+0i,15.1280732785-1.7100433032i
612+0i,3.89371+0i,0.21854+0i,15.1132178325-1.7018627668i
613+0i,3.89174+0i,0.2176+0i,15.0982904676-1.693685248i
614+0i,3.88978+0i,0.21665+0i,15.0834512259-1.685441674i
615+0i,3.88782+0i,0.21571+0i,15.0686135483-1.6772833044i
616+0i,3.88585+0i,0.21477+0i,15.0537040696-1.669128009i
617+0i,3.88389+0i,0.21383+0i,15.0388782632-1.6609843974i
618+0i,3.88193+0i,0.21288+0i,15.0240626305-1.6527705168i
619+0i,3.87996+0i,0.21194+0i,15.009171038-1.6446374448i
620+0i,3.878+0i,0.211+0i,14.994363-1.636516i
621+0i,3.87628+0i,0.20999+0i,14.9814508383-1.6279600744i
622+0i,3.87456+0i,0.20898+0i,14.9685425532-1.6194110976i
623+0i,3.87285+0i,0.20797+0i,14.9557156016-1.610873229i
624+0i,3.87113+0i,0.20696+0i,14.9428150353-1.6023381296i
625+0i,3.86941+0i,0.20595+0i,14.9299183456-1.593809979i
626+0i,3.86769+0i,0.20494+0i,14.9170255325-1.5852887772i
627+0i,3.86597+0i,0.20393+0i,14.904136596-1.5767745242i
628+0i,3.86426+0i,0.20292+0i,14.8913288212-1.5682712784i
629+0i,3.86254+0i,0.20191+0i,14.8784476035-1.5597709028i
630+0i,3.86082+0i,0.2009+0i,14.8655702624-1.551277476i
631+0i,3.8591+0i,0.19989+0i,14.8526967979-1.542790998i
632+0i,3.85738+0i,0.19888+0i,14.83982721-1.5343114688i
633+0i,3.85567+0i,0.19787+0i,14.827038612-1.5258428458i
634+0i,3.85395+0i,0.19686+0i,14.8141767429-1.517377194i
635+0i,3.85223+0i,0.19584+0i,14.8013226673-1.5088414464i
636+0i,3.85054+0i,0.19484+0i,14.788695666-1.5004784272i
637+0i,3.84906+0i,0.19389+0i,14.7776695515-1.4925884868i
638+0i,3.84759+0i,0.19294+0i,14.7667229645-1.4847080292i
639+0i,3.84611+0i,0.19198+0i,14.7557058117-1.4767523956i
640+0i,3.84464+0i,0.19103+0i,14.7447642687-1.4688831584i
641+0i,3.84316+0i,0.19008+0i,14.7337483792-1.4610157056i
642+0i,3.84168+0i,0.18913+0i,14.7227350655-1.4531538768i
643+0i,3.84021+0i,0.18817+0i,14.7118048952-1.4452246314i
644+0i,3.83873+0i,0.18722+0i,14.7007966845-1.4373740612i
645+0i,3.83726+0i,0.18627+0i,14.6898677947-1.4295328404i
646+0i,3.83578+0i,0.18532+0i,14.678864706-1.4216934992i
647+0i,3.83431+0i,0.18436+0i,14.6679445665-1.4137867832i
648+0i,3.83283+0i,0.18341+0i,14.6569465808-1.4059587006i
649+0i,3.83136+0i,0.18246+0i,14.646027798-1.3981398912i
650+0i,3.82988+0i,0.18151+0i,14.6350349343-1.3903230376i
651+0i,3.82841+0i,0.18055+0i,14.6241248256-1.382438851i
652+0i,3.82693+0i,0.1796+0i,14.6131370649-1.374633256i
653+0i,3.82556+0i,0.17872+0i,14.6029684752-1.3674081664i
654+0i,3.82437+0i,0.17795+0i,14.5941396944-1.361093283i
655+0i,3.82317+0i,0.17718+0i,14.5852360965-1.3547785212i
656+0i,3.82198+0i,0.17641+0i,14.5764106323-1.3484709836i
657+0i,3.82078+0i,0.17564+0i,14.5675103988-1.3421635984i
658+0i,3.81959+0i,0.17487+0i,14.5586882512-1.3358634066i
659+0i,3.8184+0i,0.1741+0i,14.54986775-1.32956688i
660+0i,3.8172+0i,0.17333+0i,14.5409725511-1.323270552i
661+0i,3.81601+0i,0.17257+0i,14.5321519152-1.3170576914i
662+0i,3.81481+0i,0.1718+0i,14.5232600961-1.310768716i
663+0i,3.81362+0i,0.17103+0i,14.5144462435-1.3044868572i
664+0i,3.81243+0i,0.17026+0i,14.5056340373-1.2982086636i
665+0i,3.81123+0i,0.16949+0i,14.4967472528-1.2919307454i
666+0i,3.81004+0i,0.16872+0i,14.4879383632-1.2856598976i
667+0i,3.80884+0i,0.16795+0i,14.4790549431-1.279389356i
668+0i,3.80765+0i,0.16718+0i,14.4702493701-1.273125854i
669+0i,3.80645+0i,0.16641+0i,14.4613693144-1.266862689i
670+0i,3.80526+0i,0.16565+0i,14.4525637451-1.260682638i
671+0i,3.80416+0i,0.16487+0i,14.4444511887-1.2543837184i
672+0i,3.80309+0i,0.1641+0i,14.4365647381-1.248174138i
673+0i,3.80201+0i,0.16332+0i,14.4286066177-1.2418885464i
674+0i,3.80094+0i,0.16255+0i,14.4207223811-1.235685594i
675+0i,3.79987+0i,0.16177+0i,14.412842484-1.2294099398i
676+0i,3.7988+0i,0.16099+0i,14.4049636599-1.223137624i
677+0i,3.79773+0i,0.16022+0i,14.3970827045-1.2169446012i
678+0i,3.79666+0i,0.15944+0i,14.389206042-1.2106789408i
679+0i,3.79559+0i,0.15867+0i,14.3813272792-1.2044925306i
680+0i,3.79452+0i,0.15789+0i,14.3734527783-1.1982335256i
681+0i,3.79345+0i,0.15712+0i,14.3655762081-1.192053728i
682+0i,3.79238+0i,0.156837916+0i,14.3575479325048-1.18957795176016i
683+0i,3.79131+0i,0.156554167+0i,14.3495223088949-1.18709075777754i
684+0i,3.79024+0i,0.156268744+0i,14.3414993372487-1.18459208851712i
685+0i,3.78916+0i,0.155981638+0i,14.3334032342068-1.18207876688816i
686+0i,3.78809+0i,0.15569284+0i,14.3253855876727-1.1795569805512i
687+0i,3.78702+0i,0.155402339+0i,14.3173705934333-1.17702353167956i
688+0i,3.78595+0i,0.155110127+0i,14.309358251002-1.1744783706313i
689+0i,3.78488+0i,0.154816194+0i,14.3013485604754-1.17192143269344i
690+0i,3.78379+0i,0.154520529+0i,14.2931901702176-1.16934646484982i
691+0i,3.7827+0i,0.154223124+0i,14.2850345180237-1.1667596223096i
692+0i,3.78161+0i,0.153923967+0i,14.276881604483-1.16416082569374i
693+0i,3.78052+0i,0.153623049+0i,14.2687314292159-1.16155001841096i
694+0i,3.77943+0i,0.153320359+0i,14.2605839924161-1.15892712883074i
695+0i,3.77834+0i,0.153015886+0i,14.2524392942316-1.15629208541848i
696+0i,3.77725+0i,0.15270962+0i,14.2442973344595-1.15364482429i
697+0i,3.77617+0i,0.152401551+0i,14.2362336361528-1.15098832967934i
698+0i,3.77508+0i,0.152091666+0i,14.2280971315333-1.14831641296656i
699+0i,3.77399+0i,0.151779956+0i,14.2199633650566-1.14563207228888i
700+0i,3.7729+0i,0.151466408+0i,14.2118323372476-1.1429352214864i
701+0i,3.77181+0i,0.151151011+0i,14.2037040479737-1.14022578959982i
702+0i,3.77072+0i,0.150833753+0i,14.1955784973559-1.13750369822432i
703+0i,3.76963+0i,0.150514624+0i,14.1874556848621-1.13476888413824i
704+0i,3.76854+0i,0.15019361+0i,14.1793356111152-1.1320212540588i
705+0i,3.76745+0i,0.1498707+0i,14.1712182757815-1.12926073743i
706+0i,3.76636+0i,0.149545881+0i,14.1631036790759-1.12648724872632i
707+0i,3.76527+0i,0.149219141+0i,14.1549918208592-1.12370071006614i
708+0i,3.76418+0i,0.148890467+0i,14.1468827012365-1.12090103614412i
709+0i,3.76312+0i,0.148559847+0i,14.1390021062593-1.11809706288528i
710+0i,3.76208+0i,0.148227266+0i,14.1312746040142-1.11528566574656i
711+0i,3.76105+0i,0.147892713+0i,14.1236248479415-1.1124637764573i
712+0i,3.76001+0i,0.147556173+0i,14.1159023759096-1.10962537208346i
713+0i,3.75898+0i,0.147217633+0i,14.1082576089339-1.10677627618868i
714+0i,3.75795+0i,0.146877079+0i,14.1006153261644-1.1039134380561i
715+0i,3.75691+0i,0.146534497+0i,14.092900389289-1.10103383424854i
716+0i,3.75588+0i,0.146189872+0i,14.0852630957246-1.09814323289472i
717+0i,3.75484+0i,0.145843191+0i,14.0775531892389-1.09523569458888i
718+0i,3.75381+0i,0.145494437+0i,14.0699208849021-1.09231694510994i
719+0i,3.75277+0i,0.145143597+0i,14.0622160091499-1.08938107302738i
720+0i,3.75174+0i,0.144790656+0i,14.0545886935351-1.08643379148288i
721+0i,3.7507+0i,0.144435597+0i,14.0468888483193-1.0834691873358i
722+0i,3.74967+0i,0.144078404+0i,14.0392665224008-1.08049293825336i
723+0i,3.74863+0i,0.143719063+0i,14.0315717078304-1.07749918226738i
724+0i,3.7476+0i,0.143357557+0i,14.023954370851-1.0744935612264i
725+0i,3.74656+0i,0.142993869+0i,14.0162645870284-1.07147021968128i
726+0i,3.74553+0i,0.142627983+0i,14.0086522393654-1.06843477833198i
727+0i,3.7445+0i,0.142259881+0i,14.0010423762579-1.065384248809i
728+0i,3.74346+0i,0.141889546+0i,13.9933601283359-1.06231567973832i
729+0i,3.74243+0i,0.141516961+0i,13.9857552546493-1.05923464071046i
730+0i,3.74143+0i,0.141142108+0i,13.9783773502493-1.05614663426888i
731+0i,3.74045+0i,0.140764969+0i,13.9711514260024-1.0530486565921i
732+0i,3.73948+0i,0.140385524+0i,13.9640025750512-1.04993771857504i
733+0i,3.7385+0i,0.140003756+0i,13.9567811983059-1.046808083612i
734+0i,3.73752+0i,0.139619646+0i,13.9495621048508-1.04366243863584i
735+0i,3.73655+0i,0.139233173+0i,13.9424200260364-1.0405034251463i
736+0i,3.73557+0i,0.138844317+0i,13.9352054805368-1.03732533051138i
737+0i,3.7346+0i,0.13845306+0i,13.9280679101766-1.034133595752i
738+0i,3.73362+0i,0.13805938+0i,13.920857911994-1.0309225247112i
739+0i,3.73265+0i,0.137663257+0i,13.9137248501722-1.0276975124821i
740+0i,3.73167+0i,0.137264668+0i,13.9065193998188-1.02445288727112i
741+0i,3.7307+0i,0.136863593+0i,13.8993908469111-1.0211940128102i
742+0i,3.72972+0i,0.13646001+0i,13.8921899440708-1.0179152569944i
743+0i,3.72874+0i,0.136053896+0i,13.8849913249832-1.01461920834208i
744+0i,3.72777+0i,0.135645229+0i,13.8778695447495-1.01130843061866i
745+0i,3.72679+0i,0.135233984+0i,13.8706754736715-1.00797731846272i
746+0i,3.72582+0i,0.134820139+0i,13.86355820252-1.00463114057796i
747+0i,3.72484+0i,0.134403669+0i,13.8563686793593-1.00126432487592i
748+0i,3.72387+0i,0.13398455+0i,13.8492559172613-0.997882092417i
749+0i,3.72289+0i,0.133562757+0i,13.8420709420426-0.99447890481546i
750+0i,3.72192+0i,0.133138263+0i,13.8349626893253-0.99105992764992i
751+0i,3.72094+0i,0.132711044+0i,13.8277822624004-0.98761966412272i
752+0i,3.72002+0i,0.132281073+0i,13.821050518126-0.98417647436292i
753+0i,3.71915+0i,0.131848322+0i,13.8146927424858-0.9807273735326i
754+0i,3.71828+0i,0.131412764+0i,13.8083368438579-0.97725890425184i
755+0i,3.71741+0i,0.130974371+0i,13.8019828222412-0.97377087299822i
756+0i,3.71654+0i,0.130533114+0i,13.7956306777495-0.97026307901112i
757+0i,3.71566+0i,0.130088964+0i,13.7892060970454-0.96673271995248i
758+0i,3.71479+0i,0.129641891+0i,13.7828577241979-0.96318480053578i
759+0i,3.71392+0i,0.129191865+0i,13.7765112284178-0.9596165025216i
760+0i,3.71305+0i,0.128738854+0i,13.7701666099708-0.9560276036894i
761+0i,3.71218+0i,0.128282826+0i,13.7638238689535-0.95241788204136i
762+0i,3.71131+0i,0.12782375+0i,13.7574830050359-0.948787123225i
763+0i,3.71044+0i,0.127361591+0i,13.7511440187379-0.94513508342008i
764+0i,3.70957+0i,0.126896317+0i,13.7448069096318-0.94146154130738i
765+0i,3.7087+0i,0.126427893+0i,13.7384716778716-0.9377662535382i
766+0i,3.70783+0i,0.125956282+0i,13.7321383239247-0.93404896217612i
767+0i,3.70696+0i,0.12548145+0i,13.7258068473059-0.930309431784i
768+0i,3.70609+0i,0.125003359+0i,13.7194772483387-0.92654739751262i
769+0i,3.70522+0i,0.124521972+0i,13.7131495268892-0.92276260218768i
770+0i,3.70435+0i,0.124037249+0i,13.7068236833605-0.9189547666663i
771+0i,3.70348+0i,0.123549152+0i,13.7004997174401-0.91512362689792i
772+0i,3.70261+0i,0.123057639+0i,13.6941776295837-0.91126888947558i
773+0i,3.70174+0i,0.122562671+0i,13.6878574192773-0.90739028349508i
774+0i,3.70087+0i,0.122064203+0i,13.681539087246-0.90348749391322i
775+0i,3.7+0i,0.121562194+0i,13.6752226329899-0.8995602356i
776+0i,3.69934+0i,0.121056599+0i,13.6704617354386-0.89565903788932i
777+0i,3.69869+0i,0.120547371+0i,13.665776047445-0.89173471128798i
778+0i,3.69804+0i,0.120034466+0i,13.6610915685721-0.88778451329328i
779+0i,3.69738+0i,0.119517835+0i,13.6563343515169-0.8838057055446i
780+0i,3.69672+0i,0.118997428+0i,13.6515783705294-0.87980034407232i
781+0i,3.69607+0i,0.118473198+0i,13.6468975462557-0.87577046586372i
782+0i,3.69541+0i,0.11794509+0i,13.6421440238449-0.8717109300738i
783+0i,3.69476+0i,0.117413054+0i,13.6374656323504-0.86762611079408i
784+0i,3.69411+0i,0.116877035+0i,13.6327884507896-0.8635132475277i
785+0i,3.69345+0i,0.116336978+0i,13.6280386100498-0.8593696227882i
786+0i,3.69279+0i,0.115792825+0i,13.6232900057785-0.8551971724635i
787+0i,3.69214+0i,0.115244519+0i,13.6186164804405-0.85099779676132i
788+0i,3.69148+0i,0.114691998+0i,13.6138703359948-0.84676643355408i
789+0i,3.69083+0i,0.114135202+0i,13.6091992445644-0.84250725519532i
790+0i,3.69018+0i,0.113574068+0i,13.6045293634779-0.83821750850448i
791+0i,3.68952+0i,0.113008529+0i,13.5997869027733-0.83389445583216i
792+0i,3.68886+0i,0.112438519+0i,13.5950456790451-0.82953991039668i
793+0i,3.68821+0i,0.111863969+0i,13.5903794565396-0.82515561821098i
794+0i,3.68755+0i,0.111284808+0i,13.5856406940084-0.8207365874808i
795+0i,3.6869+0i,0.110700963+0i,13.5809769067909-0.8162867609694i
796+0i,3.68625+0i,0.110112359+0i,13.5763143308955-0.8118033667275i
797+0i,3.68559+0i,0.109518918+0i,13.5715792547001-0.80728365798324i
798+0i,3.68493+0i,0.108920561+0i,13.5668454162914-0.80272928569146i
799+0i,3.68428+0i,0.108317205+0i,13.562186501501-0.7981418240748i
800+0i,3.68362+0i,0.107708765+0i,13.5574551263422-0.7935163218586i
801+0i,3.68296+0i,0.107095154+0i,13.5527249895897-0.78885433675168i
802+0i,3.6823+0i,0.106476282+0i,13.5479960913715-0.7841552264172i
803+0i,3.68164+0i,0.105852055+0i,13.5432684320523-0.7794183195404i
804+0i,3.68098+0i,0.105222377+0i,13.5385420117785-0.77464293057892i
805+0i,3.68032+0i,0.104587148+0i,13.5338168308732-0.76982834505472i
806+0i,3.67966+0i,0.103946265+0i,13.5290928895926-0.7649738269398i
807+0i,3.679+0i,0.103299623+0i,13.5243701878881-0.760078626034i
808+0i,3.67834+0i,0.10264711+0i,13.5196487264086-0.7551419411948i
809+0i,3.67768+0i,0.101988613+0i,13.5149285052183-0.75016296451568i
810+0i,3.67702+0i,0.101324013+0i,13.5102095247896-0.74514084456252i
811+0i,3.67635+0i,0.100653188+0i,13.5054182582454-0.7400726954076i
812+0i,3.67569+0i,0.099976012+0i,13.5007017731246-0.73496165509656i
813+0i,3.67503+0i,0.099292351+0i,13.4959865299329-0.72980473739106i
814+0i,3.67437+0i,0.09860207+0i,13.4912725286917-0.7246009758918i
815+0i,3.67371+0i,0.097905027+0i,13.4865597697881-0.71934935348034i
816+0i,3.67305+0i,0.097201074+0i,13.4818482537132-0.7140488097114i
817+0i,3.67239+0i,0.096490056+0i,13.4771379811931-0.70869823350768i
818+0i,3.67173+0i,0.095771815+0i,13.4724289523516-0.7032964925799i
819+0i,3.67107+0i,0.095046185+0i,13.4677211676169-0.6978423967359i
820+0i,3.67041+0i,0.09431299+0i,13.4630146280173-0.6923346832518i
821+0i,3.66975+0i,0.093572052+0i,13.4583093335845-0.686772075654i
822+0i,3.66908+0i,0.09282318+0i,13.4535319036547-0.6811513465488i
823+0i,3.66842+0i,0.092066179+0i,13.4488291150843-0.67547482473436i
824+0i,3.66776+0i,0.091300841+0i,13.4441275740327-0.66973914517232i
825+0i,3.6671+0i,0.090526952+0i,13.4394272809616-0.6639427713584i
826+0i,3.66644+0i,0.089744285+0i,13.4347282369098-0.6580840725908i
827+0i,3.66573+0i,0.088952605+0i,13.4296638669637-0.6521524654533i
828+0i,3.6649+0i,0.088151663+0i,13.4237212943103-0.6461340594574i
829+0i,3.66408+0i,0.087341198+0i,13.4178537615319-0.64005027353568i
830+0i,3.66326+0i,0.086520938+0i,13.4119879548876-0.63389738267576i
831+0i,3.66244+0i,0.085690593+0i,13.4061238758713-0.62767331085384i
832+0i,3.66162+0i,0.084849861+0i,13.4002615254883-0.62137589606964i
833+0i,3.6608+0i,0.083998421+0i,13.3944009052695-0.6150028391936i
834+0i,3.65997+0i,0.083135937+0i,13.3884688168791-0.60855007068378i
835+0i,3.65915+0i,0.082262051+0i,13.3826116774653-0.6020183678333i
836+0i,3.65833+0i,0.081376385+0i,13.3767562728643-0.5954033410741i
837+0i,3.65751+0i,0.080478539+0i,13.3709026048604-0.58870212235578i
838+0i,3.65669+0i,0.079568087+0i,13.3650506756312-0.58191165610406i
839+0i,3.65586+0i,0.078644579+0i,13.3591273697939-0.57502714116588i
840+0i,3.65504+0i,0.077707531+0i,13.3532789412259-0.56804826821248i
841+0i,3.65422+0i,0.076756432+0i,13.3474322585466-0.56096977788608i
842+0i,3.6534+0i,0.075790733+0i,13.3415873247913-0.5537877278844i
843+0i,3.65258+0i,0.074809846+0i,13.3357441433415-0.54649789460536i
844+0i,3.65176+0i,0.073813141+0i,13.3299027178157-0.53909575155632i
845+0i,3.65093+0i,0.072799942+0i,13.3239900333448-0.53157498449212i
846+0i,3.65011+0i,0.071769518+0i,13.318152148386-0.52393327069396i
847+0i,3.64929+0i,0.070721081+0i,13.3123160328022-0.51616346736498i
848+0i,3.64847+0i,0.069653778+0i,13.3064816921103-0.50825943883932i
849+0i,3.64765+0i,0.068566681+0i,13.3006491327566-0.5002145078993i
850+0i,3.64683+0i,0.067458781+0i,13.294818361766-0.49202141262846i
851+0i,3.646+0i,0.066328973+0i,13.2889164673408-0.483670871116i
852+0i,3.64518+0i,0.065176049+0i,13.2830893150367-0.47515686058764i
853+0i,3.64436+0i,0.063998674+0i,13.2772639793262-0.46646841515728i
854+0i,3.64354+0i,0.062795378+0i,13.2714404721018-0.45759494311624i
855+0i,3.64272+0i,0.061564524+0i,13.2656188077847-0.44852464573056i
856+0i,3.6418+0i,0.060304288+0i,13.2590706328488-0.4392323120768i
857+0i,3.64087+0i,0.059012623+0i,13.2524518672267-0.42971457740402i
858+0i,3.63993+0i,0.057687218+0i,13.2457625897794-0.41995487082948i
859+0i,3.63899+0i,0.056325445+0i,13.2390756643456-0.4099354622011i
860+0i,3.63806+0i,0.054924298+0i,13.2324638850892-0.39963578316376i
861+0i,3.63712+0i,0.053480302+0i,13.225781751698-0.38902855202048i
862+0i,3.63619+0i,0.051989404+0i,13.2191748179717-0.37808670186152i
863+0i,3.63525+0i,0.050446823+0i,13.2124976805492-0.3667736266215i
864+0i,3.63432+0i,0.048846841+0i,13.2058958485243-0.35505010236624i
865+0i,3.63338+0i,0.047182516+0i,13.1992240345839-0.34286401996816i
866+0i,3.63244+0i,0.045445252+0i,13.1925550826707-0.33015430234976i
867+0i,3.63151+0i,0.04362416+0i,13.1859618127643-0.3168431465632i
868+0i,3.63057+0i,0.04170503+0i,13.1792992153727-0.3028260615342i
869+0i,3.62964+0i,0.039668584+0i,13.1727129330434-0.28796535845952i
870+0i,3.6287+0i,0.037487248+0i,13.1660583962374-0.2720599536352i
871+0i,3.62777+0i,0.035118363+0i,13.1594818734802-0.25480268748102i
872+0i,3.62683+0i,0.032486847+0i,13.152840453672-0.23564854261002i
873+0i,3.6259+0i,0.02942012+0i,13.1462852665392-0.213348826216i
874+0i,3.62496+0i,0.025122596+0i,13.1397038567702-0.18213681119232i
875+0i,3.62402+0i,0.021460687+0i,13.1330603993135-0.15554791780348i
876+0i,3.62309+0i,0.018339234+0i,13.1264448205963-0.13288939062612i
877+0i,3.62215+0i,0.015677496+0i,13.1197248386192-0.1135724842728i
878+0i,3.62122+0i,0.013406938+0i,13.1130545424135-0.09709894404872i
879+0i,3.62028+0i,0.011469364+0i,13.1062957320894-0.08304461820384i
880+0i,3.61935+0i,0.009815341+0i,13.0995980815811-0.0710503088967i
881+0i,3.61841+0i,0.008402862+0i,13.0928203200102-0.06080999977884i
882+0i,3.61748+0i,0.007196218+0i,13.0861097648465-0.05206434938128i
883+0i,3.61654+0i,0.006165043+0i,13.0793235638448-0.04459224922244i
884+0i,3.6156+0i,0.005283504+0i,13.0725354445855-0.0382060741248i
885+0i,3.61467+0i,0.004529619+0i,13.0658186914517-0.03274615582146i
886+0i,3.61367+0i,0.003884673+0i,13.0585957782157-0.02807585255982i
887+0i,3.61251+0i,0.003332728+0i,13.0502173930241-0.02407902645456i
888+0i,3.61136+0i,0.002860206+0i,13.0419128688216-0.02065846708032i
889+0i,3.6102+0i,0.002455537+0i,13.033538010338-0.0177299593548i
890+0i,3.60905+0i,0.002108854+0i,13.0252374552348-0.0152219190574i
891+0i,3.60789+0i,0.001811746+0i,13.0168669696764-0.01307316055188i
892+0i,3.60673+0i,0.001557034+0i,13.0084988685451-0.01123160247764i
893+0i,3.60558+0i,0.001338593+0i,13.0002053445688-0.00965280829788i
894+0i,3.60442+0i,0.001151192+0i,12.991842211157-0.00829875893728i
895+0i,3.60326+0i,0.000990366+0i,12.9834816467752-0.00713709238632i
896+0i,3.60211+0i,0.000852298+0i,12.9751957256881-0.00614014229756i
897+0i,3.60095+0i,0.000733728+0i,12.9668403641432-0.0052842356832i
898+0i,3.5998+0i,0.000631867+0i,12.9585596407441-0.0045491896532i
899+0i,3.59864+0i,0.000544331+0i,12.9502095533038-0.00391770261968i
900+0i,3.59748+0i,0.000469079+0i,12.9418621303649-0.00337500464184i
901+0i,3.59633+0i,0.000404366+0i,12.9335893053881-0.00290846715356i
902+0i,3.59517+0i,0.000348697+0i,12.9252472073104-0.00250724998698i
903+0i,3.59402+0i,0.000300792+0i,12.9169796699242-0.00216210492768i
904+0i,3.59286+0i,0.000259555+0i,12.9086429122312-0.0018650895546i
905+0i,3.5917+0i,0.000224045+0i,12.9003088398038-0.001609404853i
906+0i,3.59055+0i,0.000193457+0i,12.8920492650744-0.0013892340627i
907+0i,3.58939+0i,0.0001671+0i,12.8837205441776-0.001199574138i
908+0i,3.58824+0i,0.000144381+0i,12.8754662767541-0.00103614735888i
909+0i,3.58708+0i,0.000124792+0i,12.867142910827-0.00089527777472i
910+0i,3.58592+0i,0.000107896+0i,12.8588222347585-0.00077381284864i
911+0i,3.58477+0i,9.33e-05+0i,12.8505759441951-0.000668918082i
912+0i,3.58361+0i,8.07e-05+0i,12.8422606255875-0.000578394654i
913+0i,3.58245+0i,6.99e-05+0i,12.833947997614-0.00050082651i
914+0i,3.5813+0i,6.05e-05+0i,12.8257096863398-0.0004333373i
915+0i,3.58014+0i,5.24e-05+0i,12.8174024168542-0.000375198672i
916+0i,3.57899+0i,4.54e-05+0i,12.8091694180388-0.000324972292i
917+0i,3.57783+0i,3.93e-05+0i,12.8008675073555-0.000281217438i
918+0i,3.57667+0i,3.41e-05+0i,12.7925682877372-0.000243928894i
919+0i,3.57557+0i,2.96e-05+0i,12.7847008240238-0.000211673744i
920+0i,3.57451+0i,2.56e-05+0i,12.7771217394446-0.000183014912i
921+0i,3.57346+0i,2.22e-05+0i,12.7696163711072-0.000158661624i
922+0i,3.5724+0i,1.93e-05+0i,12.7620417596275-0.00013789464i
923+0i,3.57135+0i,1.68e-05+0i,12.7545408222178-0.00011999736i
924+0i,3.57029+0i,1.46e-05+0i,12.7469706838868-0.000104252468i
925+0i,3.56924+0i,1.26e-05+0i,12.7394741774412-8.9944848e-05i
926+0i,3.56818+0i,1.1e-05+0i,12.731908512279-7.849996e-05i
927+0i,3.56713+0i,9.55e-06+0i,12.7244164368088-6.8132183e-05i
928+0i,3.56607+0i,8.31e-06+0i,12.7168552448309-5.92680834e-05i
929+0i,3.56502+0i,7.22e-06+0i,12.7093676003479-5.14788888e-05i
930+0i,3.56396+0i,6.29e-06+0i,12.7018108815604-4.48346168e-05i
931+0i,3.56291+0i,5.47e-06+0i,12.6943276680701-3.89782354e-05i
932+0i,3.56185+0i,4.76e-06+0i,12.6867754224773-3.3908812e-05i
933+0i,3.5608+0i,4.15e-06+0i,12.6792966399828-2.955464e-05i
934+0i,3.55974+0i,3.61e-06+0i,12.671748867587-2.57013228e-05i
935+0i,3.55869+0i,3.15e-06+0i,12.6642745160901-2.2419747e-05i
936+0i,3.55763+0i,2.74e-06+0i,12.6567312168925-1.94958124e-05i
937+0i,3.55657+0i,2.39e-06+0i,12.6491901648943-1.70004046e-05i
938+0i,3.55552+0i,2.09e-06+0i,12.6417224703956-1.48620736e-05i
939+0i,3.55446+0i,1.82e-06+0i,12.6341858915967-1.29382344e-05i
940+0i,3.55341+0i,1.59e-06+0i,12.6267226280975-1.12998438e-05i
941+0i,3.55235+0i,1.39e-06+0i,12.6191905224981-9.875533e-06i
942+0i,3.5513+0i,1.21e-06+0i,12.6117316899985-8.594146e-06i
943+0i,3.55024+0i,1.06e-06+0i,12.6042040575989-7.5265088e-06i
944+0i,3.54919+0i,9.24e-07+0i,12.5967496560991-6.55890312e-06i
945+0i,3.54813+0i,8.07e-07+0i,12.5892264968993-5.72668182e-06i
946+0i,3.54708+0i,7.06e-07+0i,12.5817765263995-5.00847696e-06i
947+0i,3.54602+0i,6.17e-07+0i,12.5742578403996-4.37578868e-06i
948+0i,3.54497+0i,5.4e-07+0i,12.5668123008997-3.8285676e-06i
949+0i,3.54391+0i,4.72e-07+0i,12.5592980880998-3.34545104e-06i
950+0i,3.54286+0i,4.13e-07+0i,12.5518569795998-2.92640236e-06i
951+0i,3.5418+0i,3.62e-07+0i,12.5443472399999-2.5642632e-06i
952+0i,3.54075+0i,3.17e-07+0i,12.5369105624999-2.2448355e-06i
953+0i,3.53969+0i,2.78e-07+0i,12.5294052960999-1.96806764e-06i
954+0i,3.5387+0i,2.43e-07+0i,12.5223976899999-1.7198082e-06i
955+0i,3.53802+0i,2.13e-07+0i,12.5175855204-1.50719652e-06i
956+0i,3.53735+0i,1.87e-07+0i,12.5128450225-1.3229689e-06i
957+0i,3.53667+0i,1.64e-07+0i,12.5080346889-1.16002776e-06i
958+0i,3.536+0i,1.44e-07+0i,12.503296-1.018368e-06i
959+0i,3.53532+0i,1.26e-07+0i,12.4984875024-8.9090064e-07i
960+0i,3.53464+0i,1.11e-07+0i,12.4936799296-7.8469008e-07i
961+0i,3.53397+0i,9.72e-08+0i,12.4889439609-6.87003768e-07i
962+0i,3.53329+0i,8.54e-08+0i,12.4841382241-6.03485932e-07i
963+0i,3.53262+0i,7.5e-08+0i,12.4794040644-5.29893e-07i
964+0i,3.53194+0i,6.59e-08+0i,12.4746001636-4.65509692e-07i
965+0i,3.53127+0i,5.79e-08+0i,12.4698678129-4.08921066e-07i
966+0i,3.53059+0i,5.09e-08+0i,12.4650657481-3.59414062e-07i
967+0i,3.52992+0i,4.48e-08+0i,12.4603352064-3.16280832e-07i
968+0i,3.52924+0i,3.94e-08+0i,12.4555349776-2.78104112e-07i
969+0i,3.52857+0i,3.46e-08+0i,12.4508062449-2.44177044e-07i
970+0i,3.52789+0i,3.05e-08+0i,12.4460078521-2.1520129e-07i
971+0i,3.52722+0i,2.68e-08+0i,12.4412809284-1.89058992e-07i
972+0i,3.52654+0i,2.36e-08+0i,12.4364843716-1.66452688e-07i
973+0i,3.52587+0i,2.08e-08+0i,12.4317592569-1.46676192e-07i
974+0i,3.52519+0i,1.83e-08+0i,12.4269645361-1.29021954e-07i
975+0i,3.52452+0i,1.62e-08+0i,12.4222412304-1.14194448e-07i
976+0i,3.52384+0i,1.42e-08+0i,12.4174483456-1.00077056e-07i
977+0i,3.52317+0i,1.26e-08+0i,12.4127268489-8.8783884e-08i
978+0i,3.52249+0i,1.11e-08+0i,12.4079358001-7.8199278e-08i
979+0i,3.52182+0i,9.77e-09+0i,12.4032161124-6.88163628e-08i
980+0i,3.52114+0i,8.62e-09+0i,12.3984268996-6.07044536e-08i
981+0i,3.52046+0i,7.61e-09+0i,12.3936386116-5.35814012e-08i
982+0i,3.51979+0i,6.71e-09+0i,12.3889216441-4.72355818e-08i
983+0i,3.51911+0i,5.93e-09+0i,12.3841351921-4.17366446e-08i
984+0i,3.51844+0i,5.24e-09+0i,12.3794200336-3.68732512e-08i
985+0i,3.51776+0i,4.63e-09+0i,12.3746354176-3.25744576e-08i
986+0i,3.51709+0i,4.09e-09+0i,12.3699220681-2.87697962e-08i
987+0i,3.51641+0i,3.61e-09+0i,12.3651392881-2.53884802e-08i
988+0i,3.51574+0i,3.2e-09+0i,12.3604277476-2.2500736e-08i
989+0i,3.51506+0i,2.83e-09+0i,12.3556468036-1.98952396e-08i
990+0i,3.51439+0i,2.5e-09+0i,12.3509370721-1.757195e-08i
991+0i,3.51371+0i,2.21e-09+0i,12.3461579641-1.55305982e-08i
992+0i,3.51304+0i,1.96e-09+0i,12.3414500416-1.37711168e-08i
993+0i,3.51253+0i,1.73e-09+0i,12.3378670009-1.21533538e-08i
994+0i,3.51202+0i,1.54e-09+0i,12.3342844804-1.08170216e-08i
995+0i,3.51151+0i,1.36e-09+0i,12.3307024801-9.5513072e-09i
996+0i,3.511+0i,1.2e-09+0i,12.327121-8.4264e-09i
997+0i,3.51049+0i,1.07e-09+0i,12.3235400401-7.5124486e-09i
998+0i,3.50998+0i,9.46e-10+0i,12.3199596004-6.64088216e-09i
999+0i,3.50947+0i,8.39e-10+0i,12.3163796809-5.88889066e-09i
1000+0i,3.50897+0i,7.44e-10+0i,12.3128704609-5.22134736e-09i
1001+0i,3.50846+0i,6.6e-10+0i,12.3092915716-4.6311672e-09i
1002+0i,3.50795+0i,5.86e-10+0i,12.3057132025-4.1113174e-09i
1003+0i,3.50744+0i,5.2e-10+0i,12.3021353536-3.6477376e-09i
1004+0i,3.50693+0i,4.61e-10+0i,12.2985580249-3.23338946e-09i
1005+0i,3.50642+0i,4.1e-10+0i,12.2949812164-2.8752644e-09i
1006+0i,3.50591+0i,3.64e-10+0i,12.2914049281-2.55230248e-09i
1007+0i,3.5054+0i,3.23e-10+0i,12.28782916-2.2644884e-09i
1008+0i,3.50489+0i,2.87e-10+0i,12.2842539121-2.01180686e-09i
1009+0i,3.50438+0i,2.55e-10+0i,12.2806791844-1.7872338e-09i
1010+0i,3.50388+0i,2.27e-10+0i,12.2771750544-1.59076152e-09i
1011+0i,3.50337+0i,2.02e-10+0i,12.2736013569-1.41536148e-09i
1012+0i,3.50286+0i,1.79e-10+0i,12.2700281796-1.25402388e-09i
1013+0i,3.50235+0i,1.6e-10+0i,12.2664555225-1.120752e-09i
1014+0i,3.50184+0i,1.42e-10+0i,12.2628833856-9.9452256e-10i
1015+0i,3.50133+0i,1.26e-10+0i,12.2593117689-8.8233516e-10i
1016+0i,3.50082+0i,1.13e-10+0i,12.2557406724-7.9118532e-10i
1017+0i,3.50031+0i,1e-10+0i,12.2521700961-7.00062e-10i
1018+0i,3.4998+0i,8.92e-11+0i,12.24860004-6.2436432e-10i
1019+0i,3.4993+0i,7.95e-11+0i,12.24510049-5.563887e-10i
1020+0i,3.49879+0i,7.08e-11+0i,12.2415314641-4.95428664e-10i
1021+0i,3.49828+0i,6.31e-11+0i,12.2379629584-4.41482936e-10i
1022+0i,3.49777+0i,5.63e-11+0i,12.2343949729-3.93848902e-10i
1023+0i,3.49726+0i,5.02e-11+0i,12.2308275076-3.51124904e-10i
1024+0i,3.49675+0i,4.48e-11+0i,12.2272605625-3.133088e-10i
1025+0i,3.49624+0i,3.99e-11+0i,12.2236941376-2.78999952e-10i
1026+0i,3.49573+0i,3.56e-11+0i,12.2201282329-2.48895976e-10i
1027+0i,3.49522+0i,3.18e-11+0i,12.2165628484-2.22295992e-10i
1028+0i,3.49471+0i,2.84e-11+0i,12.2129979841-1.98499528e-10i
1029+0i,3.49421+0i,2.53e-11+0i,12.2095035241-1.76807026e-10i
1030+0i,3.4937+0i,2.26e-11+0i,12.20593969-1.5791524e-10i
1031+0i,3.49319+0i,2.02e-11+0i,12.2023763761-1.41124876e-10i
1032+0i,3.49268+0i,1.81e-11+0i,12.1988135824-1.26435016e-10i
1033+0i,3.49217+0i,1.61e-11+0i,12.1952513089-1.12447874e-10i
1034+0i,3.49171+0i,1.44e-11+0i,12.1920387241-1.00561248e-10i
1035+0i,3.49127+0i,1.29e-11+0i,12.1889662129-9.0074766e-11i
1036+0i,3.49083+0i,1.15e-11+0i,12.1858940889-8.028909e-11i
1037+0i,3.4904+0i,1.03e-11+0i,12.18289216-7.190224e-11i
1038+0i,3.48996+0i,9.23e-12+0i,12.1798208016-6.44246616e-11i
1039+0i,3.48952+0i,8.26e-12+0i,12.1767498304-5.76468704e-11i
1040+0i,3.48908+0i,7.39e-12+0i,12.1736792464-5.15686024e-11i
1041+0i,3.48864+0i,6.62e-12+0i,12.1706090496-4.61895936e-11i
1042+0i,3.48821+0i,5.93e-12+0i,12.1676090041-4.13701706e-11i
1043+0i,3.48777+0i,5.31e-12+0i,12.1645395729-3.70401174e-11i
1044+0i,3.48733+0i,4.76e-12+0i,12.1614705289-3.31993816e-11i
1045+0i,3.48689+0i,4.26e-12+0i,12.1584018721-2.97083028e-11i
1046+0i,3.48646+0i,3.82e-12+0i,12.1554033316-2.66365544e-11i
1047+0i,3.48602+0i,3.42e-12+0i,12.1523354404-2.38443768e-11i
1048+0i,3.48558+0i,3.07e-12+0i,12.1492679364-2.14014612e-11i
1049+0i,3.48514+0i,2.75e-12+0i,12.1462008196-1.916827e-11i
1050+0i,3.48471+0i,2.47e-12+0i,12.1432037841-1.72144674e-11i
1051+0i,3.48427+0i,2.21e-12+0i,12.1401374329-1.54004734e-11i
1052+0i,3.48383+0i,1.99e-12+0i,12.1370714689-1.38656434e-11i
1053+0i,3.48339+0i,1.78e-12+0i,12.1340058921-1.24008684e-11i
1054+0i,3.48296+0i,1.6e-12+0i,12.1310103616-1.1145472e-11i
1055+0i,3.48252+0i,1.44e-12+0i,12.1279455504-1.00296576e-11i
1056+0i,3.48208+0i,1.29e-12+0i,12.1248811264-8.9837664e-12i
1057+0i,3.48164+0i,1.16e-12+0i,12.1218170896-8.0774048e-12i
1058+0i,3.4812+0i,1.04e-12+0i,12.11875344-7.240896e-12i
1059+0i,3.48077+0i,9.36e-13+0i,12.1157597929-6.51600144e-12i
1060+0i,3.48033+0i,8.42e-13+0i,12.1126969089-5.86087572e-12i
1061+0i,3.47989+0i,7.56e-13+0i,12.1096344121-5.26159368e-12i
1062+0i,3.47945+0i,6.8e-13+0i,12.1065723025-4.732052e-12i
1063+0i,3.47902+0i,6.12e-13+0i,12.1035801604-4.25832048e-12i
1064+0i,3.47858+0i,5.5e-13+0i,12.1005188164-3.826438e-12i
1065+0i,3.47814+0i,4.95e-13+0i,12.0974578596-3.4433586e-12i
1066+0i,3.4777+0i,4.46e-13+0i,12.09439729-3.1021084e-12i
1067+0i,3.47727+0i,4.01e-13+0i,12.0914066529-2.78877054e-12i
1068+0i,3.47683+0i,3.61e-13+0i,12.0883468489-2.51027126e-12i
1069+0i,3.47639+0i,3.25e-13+0i,12.0852874321-2.2596535e-12i
1070+0i,3.47595+0i,2.93e-13+0i,12.0822284025-2.0369067e-12i
1071+0i,3.47552+0i,2.64e-13+0i,12.0792392704-1.83507456e-12i
1072+0i,3.47508+0i,2.38e-13+0i,12.0761810064-1.65413808e-12i
1073+0i,3.47464+0i,2.14e-13+0i,12.0731231296-1.48714592e-12i
1074+0i,3.4742+0i,1.93e-13+0i,12.07006564-1.3410412e-12i
1075+0i,3.47377+0i,1.74e-13+0i,12.0670780129-1.20887196e-12i
1076+0i,3.47333+0i,1.57e-13+0i,12.0640212889-1.09062562e-12i
1077+0i,3.47289+0i,1.41e-13+0i,12.0609649521-9.7935498e-13i
1078+0i,3.47245+0i,1.28e-13+0i,12.0579090025-8.889472e-13i
1079+0i,3.47207+0i,1.15e-13+0i,12.0552700849-7.985761e-13i
1080+0i,3.47171+0i,1.04e-13+0i,12.0527703241-7.2211568e-13i
1081+0i,3.47135+0i,9.37e-14+0i,12.0502708225-6.5053099e-13i
1082+0i,3.47098+0i,8.45e-14+0i,12.0477021604-5.8659562e-13i
1083+0i,3.47062+0i,7.63e-14+0i,12.0452031844-5.29616612e-13i
1084+0i,3.47026+0i,6.89e-14+0i,12.0427044676-4.78201828e-13i
1085+0i,3.4699+0i,6.22e-14+0i,12.04020601-4.3165556e-13i
1086+0i,3.46954+0i,5.62e-14+0i,12.0377078116-3.89976296e-13i
1087+0i,3.46918+0i,5.08e-14+0i,12.0352098724-3.52468688e-13i
1088+0i,3.46881+0i,4.59e-14+0i,12.0326428161-3.18436758e-13i
1089+0i,3.46845+0i,4.14e-14+0i,12.0301454025-2.8718766e-13i
1090+0i,3.46809+0i,3.75e-14+0i,12.0276482481-2.6010675e-13i
1091+0i,3.46773+0i,3.39e-14+0i,12.0251513529-2.35112094e-13i
1092+0i,3.46737+0i,3.06e-14+0i,12.0226547169-2.12203044e-13i
1093+0i,3.467+0i,2.77e-14+0i,12.020089-1.920718e-13i
1094+0i,3.46664+0i,2.5e-14+0i,12.0175928896-1.73332e-13i
1095+0i,3.46628+0i,2.26e-14+0i,12.0150970384-1.56675856e-13i
1096+0i,3.46592+0i,2.05e-14+0i,12.0126014464-1.4210272e-13i
1097+0i,3.46556+0i,1.85e-14+0i,12.0101061136-1.2822572e-13i
1098+0i,3.46519+0i,1.67e-14+0i,12.0075417361-1.15737346e-13i
1099+0i,3.46483+0i,1.51e-14+0i,12.0050469289-1.04637866e-13i
1100+0i,3.46447+0i,1.37e-14+0i,12.0025523809-9.4926478e-14i
1101+0i,3.46411+0i,1.24e-14+0i,12.0000580921-8.5909928e-14i
1102+0i,3.46375+0i,1.12e-14+0i,11.9975640625-7.7588e-14i
1103+0i,3.46338+0i,1.02e-14+0i,11.9950010244-7.0652952e-14i
1104+0i,3.46302+0i,9.19e-15+0i,11.9925075204-6.36503076e-14i
1105+0i,3.46266+0i,8.32e-15+0i,11.9900142756-5.76186624e-14i
1106+0i,3.4623+0i,7.53e-15+0i,11.98752129-5.2142238e-14i
1107+0i,3.46194+0i,6.82e-15+0i,11.9850285636-4.72208616e-14i
1108+0i,3.46158+0i,6.17e-15+0i,11.9825360964-4.27158972e-14i
1109+0i,3.46121+0i,5.58e-15+0i,11.9799746641-3.86271036e-14i
1110+0i,3.46085+0i,5.05e-15+0i,11.9774827225-3.4954585e-14i
1111+0i,3.46049+0i,4.57e-15+0i,11.9749910401-3.16288786e-14i
1112+0i,3.46013+0i,4.14e-15+0i,11.9724996169-2.86498764e-14i
1113+0i,3.45977+0i,3.74e-15+0i,11.9700084529-2.58790796e-14i
1114+0i,3.4594+0i,3.39e-15+0i,11.96744836-2.3454732e-14i
1115+0i,3.45904+0i,3.06e-15+0i,11.9649577216-2.11693248e-14i
1116+0i,3.45868+0i,2.77e-15+0i,11.9624673424-1.91610872e-14i
1117+0i,3.45832+0i,2.5e-15+0i,11.9599772224-1.72916e-14i
1118+0i,3.45796+0i,2.26e-15+0i,11.9574873616-1.56299792e-14i
1119+0i,3.45759+0i,2.04e-15+0i,11.9549286081-1.41069672e-14i
1120+0i,3.45723+0i,1.85e-15+0i,11.9524392729-1.2791751e-14i
1121+0i,3.45687+0i,1.67e-15+0i,11.9499501969-1.15459458e-14i
1122+0i,3.45651+0i,1.5e-15+0i,11.9474613801-1.036953e-14i
1123+0i,3.45615+0i,1.36e-15+0i,11.9449728225-9.400728e-15i
1124+0i,3.45578+0i,1.22e-15+0i,11.9424154084-8.4321032e-15i
1125+0i,3.45542+0i,1.1e-15+0i,11.9399273764-7.601924e-15i
1126+0i,3.45506+0i,9.91e-16+0i,11.9374396036-6.84792892e-15i
1127+0i,3.4547+0i,8.91e-16+0i,11.93495209-6.1562754e-15i
1128+0i,3.45438+0i,8e-16+0i,11.9327411844-5.527008e-15i
1129+0i,3.45407+0i,7.18e-16+0i,11.9305995649-4.96004452e-15i
1130+0i,3.45377+0i,6.44e-16+0i,11.9285272129-4.44845576e-15i
1131+0i,3.45346+0i,5.76e-16+0i,11.9263859716-3.97838592e-15i
1132+0i,3.45316+0i,5.15e-16+0i,11.9243139856-3.5567548e-15i
1133+0i,3.45285+0i,4.6e-16+0i,11.9221731225-3.176622e-15i
1134+0i,3.45255+0i,4.1e-16+0i,11.9201015025-2.831091e-15i
1135+0i,3.45224+0i,3.64e-16+0i,11.9179610176-2.51323072e-15i
1136+0i,3.45194+0i,3.23e-16+0i,11.9158897636-2.22995324e-15i
1137+0i,3.45163+0i,2.86e-16+0i,11.9137496569-1.97433236e-15i
1138+0i,3.45133+0i,2.52e-16+0i,11.9116787689-1.73947032e-15i
1139+0i,3.45102+0i,2.21e-16+0i,11.9095390404-1.52535084e-15i
1140+0i,3.45072+0i,1.94e-16+0i,11.9074685184-1.33887936e-15i
1141+0i,3.45041+0i,1.69e-16+0i,11.9053291681-1.16623858e-15i
1142+0i,3.45011+0i,1.47e-16+0i,11.9032590121-1.01433234e-15i
1143+0i,3.4498+0i,1.26e-16+0i,11.90112004-8.693496e-16i
1144+0i,3.4495+0i,1.08e-16+0i,11.89905025-7.45092e-16i
1145+0i,3.44919+0i,9.21e-17+0i,11.8969116561-6.35340798e-16i
1146+0i,3.44889+0i,7.76e-17+0i,11.8948422321-5.35267728e-16i
1147+0i,3.44858+0i,6.46e-17+0i,11.8927040164-4.45556536e-16i
1148+0i,3.44828+0i,5.31e-17+0i,11.8906349584-3.66207336e-16i
1149+0i,3.44797+0i,4.29e-17+0i,11.8884971209-2.95835826e-16i
1150+0i,3.44767+0i,3.39e-17+0i,11.8864284289-2.33752026e-16i
1151+0i,3.44736+0i,2.61e-17+0i,11.8842909696-1.79952192e-16i
1152+0i,3.44706+0i,1.93e-17+0i,11.8822226436-1.33056516e-16i
1153+0i,3.44675+0i,1.35e-17+0i,11.8800855625-9.306225e-17i
1154+0i,3.44645+0i,8.67e-18+0i,11.8780176025-5.9761443e-17i
1155+0i,3.44614+0i,4.78e-18+0i,11.8758808996-3.29450984e-17i
1156+0i,3.44584+0i,1.85e-18+0i,11.8738133056-1.2749608e-17i
1157+0i,3.44554+0i,0+0i,11.8717458916+0i
