300,1.6191,0.5912,-10000
301,1.612,0.5579,-10000
302,1.6023,0.5233,-10000
303,1.5896,0.4873,-10000
304,1.5735,0.4504,-10000
305,1.5539,0.4128,-10000
306,1.5301,0.3748,-10000
307,1.5021,0.337,-10000
308,1.4693,0.2999,-10000
309,1.4317,0.2644,-10000
310,1.3892,0.2313,-10000
311,1.3417,0.2016,-10000
312,1.2897,0.1766,-10000
313,1.2339,0.1575,-10000
314,1.1756,0.1458,-10000
315,1.1173,0.1431,-10000
316,1.065,0.1485,-10000
317,1.0185,0.1546,-10000
318,0.9745,0.1609,-10000
319,0.932,0.1674,-10000
320,0.8904,0.1744,-10000
321,0.8492,0.182,-10000
322,0.8083,0.1904,-10000
323,0.7673,0.1996,-10000
324,0.7261,0.2099,-10000
325,0.6845,0.2216,-10000
326,0.6424,0.2349,-10000
327,0.5999,0.2503,-10000
328,0.5571,0.2682,-10000
329,0.5143,0.2891,-10000
330,0.472,0.3135,-10000
331,0.431,0.3415,-10000
332,0.3924,0.3732,-10000
333,0.3572,0.408,-10000
334,0.3259,0.4448,-10000
335,0.2988,0.4827,-10000
336,0.2756,0.5207,-10000
337,0.2559,0.558,-10000
338,0.239,0.5944,-10000
339,0.2245,0.6296,-10000
340,0.212,0.6634,-10000
341,0.201,0.696,-10000
342,0.1914,0.7274,-10000
343,0.1828,0.7576,-10000
344,0.1752,0.7867,-10000
345,0.1683,0.8148,-10000
346,0.162,0.842,-10000
347,0.1564,0.8683,-10000
348,0.1511,0.8939,-10000
349,0.1463,0.9186,-10000
350,0.1419,0.9427,-10000
351,0.1378,0.9662,-10000
352,0.134,0.989,-10000
353,0.1304,1.0113,-10000
354,0.127,1.0331,-10000
355,0.1239,1.0544,-10000
356,0.1209,1.0752,-10000
357,0.1181,1.0956,-10000
358,0.1154,1.1156,-10000
359,0.1129,1.1352,-10000
360,0.1105,1.1545,-10000
361,0.1083,1.1734,-10000
362,0.1061,1.192,-10000
363,0.104,1.2103,-10000
364,0.1021,1.2283,-10000
365,0.1002,1.246,-10000
366,0.0984,1.2635,-10000
367,0.0967,1.2807,-10000
368,0.095,1.2977,-10000
369,0.0934,1.3144,-10000
370,0.0919,1.3309,-10000
371,0.0904,1.3473,-10000
372,0.089,1.3634,-10000
373,0.0876,1.3793,-10000
374,0.0863,1.395,-10000
375,0.085,1.4106,-10000
376,0.0838,1.426,-10000
377,0.0826,1.4412,-10000
378,0.0815,1.4563,-10000
379,0.0804,1.4712,-10000
380,0.0793,1.486,-10000
381,0.0783,1.5006,-10000
382,0.0773,1.5151,-10000
383,0.0763,1.5295,-10000
384,0.0754,1.5437,-10000
385,0.0745,1.5579,-10000
386,0.0736,1.5718,-10000
387,0.0727,1.5857,-10000
388,0.0719,1.5995,-10000
389,0.0711,1.6132,-10000
390,0.0703,1.6267,-10000
391,0.0696,1.6402,-10000
392,0.0688,1.6535,-10000
393,0.0681,1.6668,-10000
394,0.0674,1.6799,-10000
395,0.0668,1.693,-10000
396,0.0661,1.706,-10000
397,0.0655,1.7189,-10000
398,0.0649,1.7317,-10000
399,0.0643,1.7444,-10000
400,0.0637,1.7571,-10000
401,0.0631,1.7697,-10000
402,0.0626,1.7821,-10000
403,0.062,1.7946,-10000
404,0.0615,1.8069,-10000
405,0.061,1.8192,-10000
406,0.0605,1.8314,-10000
407,0.06,1.8436,-10000
408,0.0596,1.8557,-10000
409,0.0591,1.8677,-10000
410,0.0587,1.8796,-10000
411,0.0582,1.8915,-10000
412,0.0578,1.9034,-10000
413,0.0574,1.9151,-10000
414,0.057,1.9269,-10000
415,0.0566,1.9385,-10000
416,0.0563,1.9502,-10000
417,0.0559,1.9617,-10000
418,0.0556,1.9732,-10000
419,0.0552,1.9847,-10000
420,0.0549,1.9961,-10000
421,0.0546,2.0074,-10000
422,0.0542,2.0187,-10000
423,0.0539,2.03,-10000
424,0.0536,2.0412,-10000
425,0.0533,2.0524,-10000
426,0.0531,2.0635,-10000
427,0.0528,2.0746,-10000
428,0.0525,2.0856,-10000
429,0.0523,2.0966,-10000
430,0.052,2.1076,-10000
431,0.0518,2.1185,-10000
432,0.0515,2.1294,-10000
433,0.0513,2.1402,-10000
434,0.0511,2.151,-10000
435,0.0509,2.1618,-10000
436,0.0507,2.1725,-10000
437,0.0505,2.1832,-10000
438,0.0503,2.1938,-10000
439,0.0501,2.2045,-10000
440,0.0499,2.215,-10000
441,0.0497,2.2256,-10000
442,0.0495,2.2361,-10000
443,0.0494,2.2466,-10000
444,0.0492,2.257,-10000
445,0.049,2.2675,-10000
446,0.0489,2.2778,-10000
447,0.0487,2.2882,-10000
448,0.0486,2.2985,-10000
449,0.0485,2.3088,-10000
450,0.0483,2.3191,-10000
451,0.0482,2.3293,-10000
452,0.0481,2.3395,-10000
453,0.048,2.3497,-10000
454,0.0478,2.3599,-10000
455,0.0477,2.37,-10000
456,0.0476,2.3801,-10000
457,0.0475,2.3902,-10000
458,0.0474,2.4002,-10000
459,0.0473,2.4103,-10000
460,0.0472,2.4203,-10000
461,0.0472,2.4302,-10000
462,0.0471,2.4402,-10000
463,0.047,2.4501,-10000
464,0.0469,2.46,-10000
465,0.0468,2.4699,-10000
466,0.0468,2.4797,-10000
467,0.0467,2.4896,-10000
468,0.0467,2.4994,-10000
469,0.0466,2.5092,-10000
470,0.0465,2.5189,-10000
471,0.0465,2.5287,-10000
472,0.0464,2.5384,-10000
473,0.0464,2.5481,-10000
474,0.0464,2.5578,-10000
475,0.0463,2.5675,-10000
476,0.0463,2.5771,-10000
477,0.0462,2.5867,-10000
478,0.0462,2.5963,-10000
479,0.0462,2.6059,-10000
480,0.0462,2.6155,-10000
481,0.0461,2.625,-10000
482,0.0461,2.6345,-10000
483,0.0461,2.644,-10000
484,0.0461,2.6535,-10000
485,0.0461,2.663,-10000
486,0.0461,2.6725,-10000
487,0.0461,2.6819,-10000
488,0.046,2.6913,-10000
489,0.046,2.7007,-10000
490,0.046,2.7101,-10000
491,0.046,2.7195,-10000
492,0.046,2.7288,-10000
493,0.0461,2.7381,-10000
494,0.0461,2.7475,-10000
495,0.0461,2.7568,-10000
496,0.0461,2.7661,-10000
497,0.0461,2.7753,-10000
498,0.0461,2.7846,-10000
499,0.0461,2.7938,-10000
500,0.0461,2.8031,-10000
501,0.0462,2.8123,-10000
502,0.0462,2.8215,-10000
503,0.0462,2.8306,-10000
504,0.0462,2.8398,-10000
505,0.0463,2.849,-10000
506,0.0463,2.8581,-10000
507,0.0463,2.8672,-10000
508,0.0464,2.8763,-10000
509,0.0464,2.8854,-10000
510,0.0464,2.8945,-10000
511,0.0465,2.9036,-10000
512,0.0465,2.9127,-10000
513,0.0466,2.9217,-10000
514,0.0466,2.9307,-10000
515,0.0467,2.9398,-10000
516,0.0467,2.9488,-10000
517,0.0467,2.9578,-10000
518,0.0468,2.9667,-10000
519,0.0468,2.9757,-10000
520,0.0469,2.9847,-10000
521,0.047,2.9936,-10000
522,0.047,3.0026,-10000
523,0.0471,3.0115,-10000
524,0.0471,3.0204,-10000
525,0.0472,3.0293,-10000
526,0.0472,3.0382,-10000
527,0.0473,3.0471,-10000
528,0.0474,3.0559,-10000
529,0.0474,3.0648,-10000
530,0.0475,3.0736,-10000
531,0.0476,3.0825,-10000
532,0.0476,3.0913,-10000
533,0.0477,3.1001,-10000
534,0.0478,3.1089,-10000
535,0.0478,3.1177,-10000
536,0.0479,3.1265,-10000
537,0.048,3.1353,-10000
538,0.0481,3.144,-10000
539,0.0481,3.1528,-10000
540,0.0482,3.1615,-10000
541,0.0483,3.1702,-10000
542,0.0484,3.179,-10000
543,0.0485,3.1877,-10000
544,0.0485,3.1964,-10000
545,0.0486,3.2051,-10000
546,0.0487,3.2138,-10000
547,0.0488,3.2224,-10000
548,0.0489,3.2311,-10000
549,0.049,3.2398,-10000
550,0.049,3.2484,-10000
551,0.0491,3.2571,-10000
552,0.0492,3.2657,-10000
553,0.0493,3.2743,-10000
554,0.0494,3.2829,-10000
555,0.0495,3.2915,-10000
556,0.0496,3.3001,-10000
557,0.0497,3.3087,-10000
558,0.0498,3.3173,-10000
559,0.0499,3.3259,-10000
560,0.05,3.3344,-10000
561,0.0501,3.343,-10000
562,0.0502,3.3515,-10000
563,0.0503,3.3601,-10000
564,0.0504,3.3686,-10000
565,0.0505,3.3771,-10000
566,0.0506,3.3857,-10000
567,0.0507,3.3942,-10000
568,0.0508,3.4027,-10000
569,0.0509,3.4112,-10000
570,0.051,3.4196,-10000
571,0.0511,3.4281,-10000
572,0.0512,3.4366,-10000
573,0.0513,3.4451,-10000
574,0.0514,3.4535,-10000
575,0.0515,3.462,-10000
576,0.0516,3.4704,-10000
577,0.0517,3.4789,-10000
578,0.0518,3.4873,-10000
579,0.052,3.4957,-10000
580,0.0521,3.5041,-10000
581,0.0522,3.5125,-10000
582,0.0523,3.5209,-10000
583,0.0524,3.5293,-10000
584,0.0525,3.5377,-10000
585,0.0526,3.5461,-10000
586,0.0527,3.5545,-10000
587,0.0529,3.5628,-10000
588,0.053,3.5712,-10000
589,0.0531,3.5796,-10000
590,0.0532,3.5879,-10000
591,0.0533,3.5962,-10000
592,0.0535,3.6046,-10000
593,0.0536,3.6129,-10000
594,0.0537,3.6212,-10000
595,0.0538,3.6296,-10000
596,0.0539,3.6379,-10000
597,0.0541,3.6462,-10000
598,0.0542,3.6545,-10000
599,0.0543,3.6628,-10000
600,0.0544,3.6711,-10000
601,0.0546,3.6793,-10000
602,0.0547,3.6876,-10000
603,0.0548,3.6959,-10000
604,0.0549,3.7042,-10000
605,0.0551,3.7124,-10000
606,0.0552,3.7207,-10000
607,0.0553,3.7289,-10000
608,0.0554,3.7372,-10000
609,0.0556,3.7454,-10000
610,0.0557,3.7536,-10000
611,0.0558,3.7619,-10000
612,0.056,3.7701,-10000
613,0.0561,3.7783,-10000
614,0.0562,3.7865,-10000
615,0.0564,3.7947,-10000
616,0.0565,3.8029,-10000
617,0.0566,3.8111,-10000
618,0.0568,3.8193,-10000
619,0.0569,3.8275,-10000
620,0.057,3.8357,-10000
621,0.0572,3.8438,-10000
622,0.0573,3.852,-10000
623,0.0574,3.8602,-10000
624,0.0576,3.8683,-10000
625,0.0577,3.8765,-10000
626,0.0579,3.8847,-10000
627,0.058,3.8928,-10000
628,0.0581,3.9009,-10000
629,0.0583,3.9091,-10000
630,0.0584,3.9172,-10000
631,0.0586,3.9253,-10000
632,0.0587,3.9335,-10000
633,0.0588,3.9416,-10000
634,0.059,3.9497,-10000
635,0.0591,3.9578,-10000
636,0.0593,3.9659,-10000
637,0.0594,3.974,-10000
638,0.0595,3.9821,-10000
639,0.0597,3.9902,-10000
640,0.0598,3.9983,-10000
641,0.06,4.0064,-10000
642,0.0601,4.0144,-10000
643,0.0603,4.0225,-10000
644,0.0604,4.0306,-10000
645,0.0606,4.0387,-10000
646,0.0607,4.0467,-10000
647,0.0609,4.0548,-10000
648,0.061,4.0628,-10000
649,0.0612,4.0709,-10000
650,0.0613,4.0789,-10000
651,0.0614,4.087,-10000
652,0.0616,4.095,-10000
653,0.0617,4.103,-10000
654,0.0619,4.1111,-10000
655,0.062,4.1191,-10000
656,0.0622,4.1271,-10000
657,0.0624,4.1351,-10000
658,0.0625,4.1431,-10000
659,0.0627,4.1511,-10000
660,0.0628,4.1592,-10000
661,0.063,4.1672,-10000
662,0.0631,4.1752,-10000
663,0.0633,4.1831,-10000
664,0.0634,4.1911,-10000
665,0.0636,4.1991,-10000
666,0.0637,4.2071,-10000
667,0.0639,4.2151,-10000
668,0.064,4.2231,-10000
669,0.0642,4.231,-10000
670,0.0644,4.239,-10000
671,0.0645,4.247,-10000
672,0.0647,4.2549,-10000
673,0.0648,4.2629,-10000
674,0.065,4.2708,-10000
675,0.0651,4.2788,-10000
676,0.0653,4.2867,-10000
677,0.0655,4.2947,-10000
678,0.0656,4.3026,-10000
679,0.0658,4.3106,-10000
680,0.0659,4.3185,-10000
681,0.0661,4.3264,-10000
682,0.0663,4.3344,-10000
683,0.0664,4.3423,-10000
684,0.0666,4.3502,-10000
685,0.0667,4.3581,-10000
686,0.0669,4.366,-10000
687,0.0671,4.3739,-10000
688,0.0672,4.3819,-10000
689,0.0674,4.3898,-10000
690,0.0676,4.3977,-10000
691,0.0677,4.4056,-10000
692,0.0679,4.4135,-10000
693,0.0681,4.4214,-10000
694,0.0682,4.4292,-10000
695,0.0684,4.4371,-10000
696,0.0686,4.445,-10000
697,0.0687,4.4529,-10000
698,0.0689,4.4608,-10000
699,0.0691,4.4686,-10000
700,0.0692,4.4765,-10000
701,0.0694,4.4844,-10000
702,0.0696,4.4922,-10000
703,0.0697,4.5001,-10000
704,0.0699,4.508,-10000
705,0.0701,4.5158,-10000
706,0.0702,4.5237,-10000
707,0.0704,4.5315,-10000
708,0.0706,4.5394,-10000
709,0.0707,4.5472,-10000
710,0.0709,4.5551,-10000
711,0.0711,4.5629,-10000
712,0.0713,4.5707,-10000
713,0.0714,4.5786,-10000
714,0.0716,4.5864,-10000
715,0.0718,4.5942,-10000
716,0.0719,4.6021,-10000
717,0.0721,4.6099,-10000
718,0.0723,4.6177,-10000
719,0.0725,4.6255,-10000
720,0.0726,4.6333,-10000
721,0.0728,4.6412,-10000
722,0.073,4.649,-10000
723,0.0732,4.6568,-10000
724,0.0733,4.6646,-10000
725,0.0735,4.6724,-10000
726,0.0737,4.6802,-10000
727,0.0739,4.688,-10000
728,0.074,4.6958,-10000
729,0.0742,4.7036,-10000
730,0.0744,4.7113,-10000
731,0.0746,4.7191,-10000
732,0.0747,4.7269,-10000
733,0.0749,4.7347,-10000
734,0.0751,4.7425,-10000
735,0.0753,4.7503,-10000
736,0.0755,4.758,-10000
737,0.0756,4.7658,-10000
738,0.0758,4.7736,-10000
739,0.076,4.7813,-10000
740,0.0762,4.7891,-10000
741,0.0764,4.7969,-10000
742,0.0765,4.8046,-10000
743,0.0767,4.8124,-10000
744,0.0769,4.8201,-10000
745,0.0771,4.8279,-10000
746,0.0773,4.8356,-10000
747,0.0775,4.8434,-10000
748,0.0776,4.8511,-10000
749,0.0778,4.8589,-10000
750,0.078,4.8666,-10000
751,0.0782,4.8744,-10000
752,0.0784,4.8821,-10000
753,0.0786,4.8898,-10000
754,0.0787,4.8976,-10000
755,0.0789,4.9053,-10000
756,0.0791,4.913,-10000
757,0.0793,4.9208,-10000
758,0.0795,4.9285,-10000
759,0.0797,4.9362,-10000
760,0.0798,4.9439,-10000
761,0.08,4.9516,-10000
762,0.0802,4.9594,-10000
763,0.0804,4.9671,-10000
764,0.0806,4.9748,-10000
765,0.0808,4.9825,-10000
766,0.081,4.9902,-10000
767,0.0812,4.9979,-10000
768,0.0813,5.0056,-10000
769,0.0815,5.0133,-10000
770,0.0817,5.021,-10000
771,0.0819,5.0287,-10000
772,0.0821,5.0364,-10000
773,0.0823,5.0441,-10000
774,0.0825,5.0518,-10000
775,0.0827,5.0595,-10000
776,0.0829,5.0672,-10000
777,0.0831,5.0749,-10000
778,0.0833,5.0825,-10000
779,0.0834,5.0902,-10000
780,0.0836,5.0979,-10000
781,0.0838,5.1056,-10000
782,0.084,5.1132,-10000
783,0.0842,5.1209,-10000
784,0.0844,5.1286,-10000
785,0.0846,5.1363,-10000
786,0.0848,5.1439,-10000
787,0.085,5.1516,-10000
788,0.0852,5.1593,-10000
789,0.0854,5.1669,-10000
790,0.0856,5.1746,-10000
791,0.0858,5.1822,-10000
792,0.086,5.1899,-10000
793,0.0862,5.1976,-10000
794,0.0864,5.2052,-10000
795,0.0866,5.2129,-10000
796,0.0867,5.2205,-10000
797,0.0869,5.2282,-10000
798,0.0871,5.2358,-10000
799,0.0873,5.2434,-10000
800,0.0875,5.2511,-10000
801,0.0877,5.2587,-10000
802,0.0879,5.2664,-10000
803,0.0881,5.274,-10000
804,0.0883,5.2816,-10000
805,0.0885,5.2893,-10000
806,0.0887,5.2969,-10000
807,0.0889,5.3045,-10000
808,0.0891,5.3122,-10000
809,0.0893,5.3198,-10000
810,0.0895,5.3274,-10000
811,0.0897,5.335,-10000
812,0.0899,5.3427,-10000
813,0.0901,5.3503,-10000
814,0.0903,5.3579,-10000
815,0.0905,5.3655,-10000
816,0.0907,5.3731,-10000
817,0.0909,5.3808,-10000
818,0.0911,5.3884,-10000
819,0.0914,5.396,-10000
820,0.0916,5.4036,-10000
821,0.0918,5.4112,-10000
822,0.092,5.4188,-10000
823,0.0922,5.4264,-10000
824,0.0924,5.434,-10000
825,0.0926,5.4416,-10000
826,0.0928,5.4492,-10000
827,0.093,5.4568,-10000
828,0.0932,5.4644,-10000
829,0.0934,5.472,-10000
830,0.0936,5.4796,-10000
831,0.0938,5.4872,-10000
832,0.094,5.4948,-10000
833,0.0942,5.5024,-10000
834,0.0944,5.5099,-10000
835,0.0946,5.5175,-10000
836,0.0948,5.5251,-10000
837,0.0951,5.5327,-10000
838,0.0953,5.5403,-10000
839,0.0955,5.5479,-10000
840,0.0957,5.5554,-10000
841,0.0959,5.563,-10000
842,0.0961,5.5706,-10000
843,0.0963,5.5782,-10000
844,0.0965,5.5857,-10000
845,0.0967,5.5933,-10000
846,0.0969,5.6009,-10000
847,0.0972,5.6084,-10000
848,0.0974,5.616,-10000
849,0.0976,5.6236,-10000
850,0.0978,5.6311,-10000
851,0.098,5.6387,-10000
852,0.0982,5.6463,-10000
853,0.0984,5.6538,-10000
854,0.0986,5.6614,-10000
855,0.0988,5.6689,-10000
856,0.0991,5.6765,-10000
857,0.0993,5.6841,-10000
858,0.0995,5.6916,-10000
859,0.0997,5.6992,-10000
860,0.0999,5.7067,-10000
861,0.1001,5.7143,-10000
862,0.1003,5.7218,-10000
863,0.1006,5.7294,-10000
864,0.1008,5.7369,-10000
865,0.101,5.7444,-10000
866,0.1012,5.752,-10000
867,0.1014,5.7595,-10000
868,0.1016,5.7671,-10000
869,0.1019,5.7746,-10000
870,0.1021,5.7821,-10000
871,0.1023,5.7897,-10000
872,0.1025,5.7972,-10000
873,0.1027,5.8048,-10000
874,0.1029,5.8123,-10000
875,0.1032,5.8198,-10000
876,0.1034,5.8273,-10000
877,0.1036,5.8349,-10000
878,0.1038,5.8424,-10000
879,0.104,5.8499,-10000
880,0.1043,5.8575,-10000
881,0.1045,5.865,-10000
882,0.1047,5.8725,-10000
883,0.1049,5.88,-10000
884,0.1051,5.8875,-10000
885,0.1054,5.8951,-10000
886,0.1056,5.9026,-10000
887,0.1058,5.9101,-10000
888,0.106,5.9176,-10000
889,0.1063,5.9251,-10000
890,0.1065,5.9326,-10000
891,0.1067,5.9401,-10000
892,0.1069,5.9477,-10000
893,0.1071,5.9552,-10000
894,0.1074,5.9627,-10000
895,0.1076,5.9702,-10000
896,0.1078,5.9777,-10000
897,0.108,5.9852,-10000
898,0.1083,5.9927,-10000
899,0.1085,6.0002,-10000
900,0.1087,6.0077,-10000
901,0.1089,6.0152,-10000
902,0.1092,6.0227,-10000
903,0.1094,6.0302,-10000
904,0.1096,6.0377,-10000
905,0.1098,6.0452,-10000
906,0.1101,6.0527,-10000
907,0.1103,6.0602,-10000
908,0.1105,6.0677,-10000
909,0.1108,6.0752,-10000
910,0.111,6.0826,-10000
911,0.1112,6.0901,-10000
912,0.1114,6.0976,-10000
913,0.1117,6.1051,-10000
914,0.1119,6.1126,-10000
915,0.1121,6.1201,-10000
916,0.1124,6.1276,-10000
917,0.1126,6.135,-10000
918,0.1128,6.1425,-10000
919,0.113,6.15,-10000
920,0.1133,6.1575,-10000
921,0.1135,6.165,-10000
922,0.1137,6.1724,-10000
923,0.114,6.1799,-10000
924,0.1142,6.1874,-10000
925,0.1144,6.1949,-10000
926,0.1147,6.2023,-10000
927,0.1149,6.2098,-10000
928,0.1151,6.2173,-10000
929,0.1154,6.2248,-10000
930,0.1156,6.2322,-10000
931,0.1158,6.2397,-10000
932,0.1161,6.2472,-10000
933,0.1163,6.2546,-10000
934,0.1165,6.2621,-10000
935,0.1168,6.2696,-10000
936,0.117,6.277,-10000
937,0.1172,6.2845,-10000
938,0.1175,6.2919,-10000
939,0.1177,6.2994,-10000
940,0.1179,6.3069,-10000
941,0.1182,6.3143,-10000
942,0.1184,6.3218,-10000
943,0.1186,6.3292,-10000
944,0.1189,6.3367,-10000
945,0.1191,6.3441,-10000
946,0.1194,6.3516,-10000
947,0.1196,6.359,-10000
948,0.1198,6.3665,-10000
949,0.1201,6.3739,-10000
950,0.1203,6.3814,-10000
951,0.1205,6.3888,-10000
952,0.1208,6.3963,-10000
953,0.121,6.4037,-10000
954,0.1213,6.4112,-10000
955,0.1215,6.4186,-10000
956,0.1217,6.4261,-10000
957,0.122,6.4335,-10000
958,0.1222,6.441,-10000
959,0.1225,6.4484,-10000
960,0.1227,6.4558,-10000
961,0.1229,6.4633,-10000
962,0.1232,6.4707,-10000
963,0.1234,6.4782,-10000
964,0.1237,6.4856,-10000
965,0.1239,6.493,-10000
966,0.1242,6.5005,-10000
967,0.1244,6.5079,-10000
968,0.1246,6.5153,-10000
969,0.1249,6.5228,-10000
970,0.1251,6.5302,-10000
971,0.1254,6.5376,-10000
972,0.1256,6.545,-10000
973,0.1259,6.5525,-10000
974,0.1261,6.5599,-10000
975,0.1263,6.5673,-10000
976,0.1266,6.5748,-10000
977,0.1268,6.5822,-10000
978,0.1271,6.5896,-10000
979,0.1273,6.597,-10000
980,0.1276,6.6045,-10000
981,0.1278,6.6119,-10000
982,0.1281,6.6193,-10000
983,0.1283,6.6267,-10000
984,0.1286,6.6341,-10000
985,0.1288,6.6416,-10000
986,0.1291,6.649,-10000
987,0.1293,6.6564,-10000
988,0.1296,6.6638,-10000
989,0.1298,6.6712,-10000
990,0.1301,6.6786,-10000
991,0.1303,6.686,-10000
992,0.1306,6.6935,-10000
993,0.1308,6.7009,-10000
994,0.131,6.7083,-10000
995,0.1313,6.7157,-10000
996,0.1315,6.7231,-10000
997,0.1318,6.7305,-10000
998,0.1321,6.7379,-10000
999,0.1323,6.7453,-10000
1000,0.1326,6.7527,-10000
1001,0.1328,6.7601,-10000
1002,0.1331,6.7675,-10000
1003,0.1333,6.7749,-10000
1004,0.1336,6.7823,-10000
1005,0.1338,6.7897,-10000
1006,0.1341,6.7971,-10000
1007,0.1343,6.8046,-10000
1008,0.1346,6.812,-10000
1009,0.1348,6.8193,-10000
1010,0.1351,6.8267,-10000
1011,0.1353,6.8341,-10000
1012,0.1356,6.8415,-10000
1013,0.1358,6.8489,-10000
1014,0.1361,6.8563,-10000
1015,0.1364,6.8637,-10000
1016,0.1366,6.8711,-10000
1017,0.1369,6.8785,-10000
1018,0.1371,6.8859,-10000
1019,0.1374,6.8933,-10000
1020,0.1376,6.9007,-10000
1021,0.1379,6.9081,-10000
1022,0.1381,6.9155,-10000
1023,0.1384,6.9229,-10000
1024,0.1387,6.9302,-10000
1025,0.1389,6.9376,-10000
1026,0.1392,6.945,-10000
1027,0.1394,6.9524,-10000
1028,0.1397,6.9598,-10000
1029,0.14,6.9672,-10000
1030,0.1402,6.9746,-10000
1031,0.1405,6.9819,-10000
1032,0.1407,6.9893,-10000
1033,0.141,6.9967,-10000
1034,0.1412,7.0041,-10000
1035,0.1415,7.0115,-10000
1036,0.1418,7.0188,-10000
1037,0.142,7.0262,-10000
1038,0.1423,7.0336,-10000
1039,0.1426,7.041,-10000
1040,0.1428,7.0484,-10000
1041,0.1431,7.0557,-10000
1042,0.1433,7.0631,-10000
1043,0.1436,7.0705,-10000
1044,0.1439,7.0777,-10000
1045,0.1441,7.0852,-10000
1046,0.1444,7.0926,-10000
1047,0.1447,7.1,-10000
1048,0.1449,7.1073,-10000
1049,0.1452,7.1147,-10000
1050,0.1454,7.1221,-10000
1051,0.1457,7.1295,-10000
1052,0.146,7.1368,-10000
1053,0.1462,7.1442,-10000
1054,0.1465,7.1516,-10000
1055,0.1468,7.1589,-10000
1056,0.147,7.1663,-10000
1057,0.1473,7.1737,-10000
1058,0.1476,7.181,-10000
1059,0.1478,7.1884,-10000
1060,0.1481,7.1957,-10000
1061,0.1484,7.2031,-10000
1062,0.1486,7.2105,-10000
1063,0.1489,7.2178,-10000
1064,0.1492,7.2252,-10000
1065,0.1494,7.2326,-10000
1066,0.1497,7.2399,-10000
1067,0.15,7.2473,-10000
1068,0.1502,7.2546,-10000
1069,0.1505,7.262,-10000
1070,0.1508,7.2693,-10000
1071,0.1511,7.2767,-10000
1072,0.1513,7.2841,-10000
1073,0.1516,7.2914,-10000
1074,0.1519,7.2988,-10000
1075,0.1521,7.3061,-10000
1076,0.1524,7.3135,-10000
1077,0.1527,7.3208,-10000
1078,0.1529,7.3282,-10000
1079,0.1532,7.3355,-10000
1080,0.1535,7.3429,-10000
1081,0.1538,7.3502,-10000
1082,0.154,7.3576,-10000
1083,0.1543,7.3649,-10000
1084,0.1546,7.3723,-10000
1085,0.1549,7.3796,-10000
1086,0.1551,7.387,-10000
1087,0.1554,7.3943,-10000
1088,0.1557,7.4017,-10000
1089,0.1559,7.409,-10000
1090,0.1562,7.4163,-10000
1091,0.1565,7.4237,-10000
1092,0.1568,7.431,-10000
1093,0.157,7.4384,-10000
1094,0.1573,7.4457,-10000
1095,0.1576,7.4531,-10000
1096,0.1579,7.4604,-10000
1097,0.1581,7.4677,-10000
1098,0.1584,7.4751,-10000
1099,0.1587,7.4824,-10000
1100,0.159,7.4898,-10000
1101,0.1593,7.4971,-10000
1102,0.1595,7.5044,-10000
1103,0.1598,7.5118,-10000
1104,0.1601,7.5191,-10000
1105,0.1604,7.5264,-10000
1106,0.1606,7.5338,-10000
1107,0.1609,7.5411,-10000
1108,0.1612,7.5485,-10000
1109,0.1615,7.5558,-10000
1110,0.1618,7.5631,-10000
1111,0.162,7.5705,-10000
1112,0.1623,7.5778,-10000
1113,0.1626,7.5851,-10000
1114,0.1629,7.5924,-10000
1115,0.1632,7.5998,-10000
1116,0.1634,7.6071,-10000
1117,0.1637,7.6144,-10000
1118,0.164,7.6218,-10000
1119,0.1643,7.6291,-10000
1120,0.1646,7.6364,-10000
1121,0.1649,7.6437,-10000
1122,0.1651,7.6511,-10000
1123,0.1654,7.6584,-10000
1124,0.1657,7.6655,-10000
1125,0.166,7.673,-10000
1126,0.1663,7.6804,-10000
1127,0.1666,7.6877,-10000
1128,0.1668,7.695,-10000
1129,0.1671,7.7023,-10000
1130,0.1674,7.7097,-10000
1131,0.1677,7.717,-10000
1132,0.168,7.7243,-10000
1133,0.1683,7.7316,-10000
1134,0.1685,7.7389,-10000
1135,0.1688,7.7463,-10000
1136,0.1691,7.7536,-10000
1137,0.1694,7.7609,-10000
1138,0.1697,7.7682,-10000
1139,0.17,7.7755,-10000
1140,0.1703,7.7829,-10000
1141,0.1706,7.7902,-10000
1142,0.1708,7.7975,-10000
1143,0.1711,7.8048,-10000
1144,0.1714,7.8121,-10000
1145,0.1717,7.8194,-10000
1146,0.172,7.8267,-10000
1147,0.1723,7.8341,-10000
1148,0.1726,7.8414,-10000
1149,0.1729,7.8487,-10000
1150,0.1732,7.856,-10000
1151,0.1734,7.8633,-10000
1152,0.1737,7.8706,-10000
1153,0.174,7.8779,-10000
1154,0.1743,7.8852,-10000
1155,0.1746,7.8925,-10000
1156,0.1749,7.8999,-10000
1157,0.1752,7.9072,-10000
1158,0.1755,7.9145,-10000
1159,0.1758,7.9218,-10000
1160,0.1761,7.9291,-10000
1161,0.1764,7.9364,-10000
1162,0.1766,7.9437,-10000
1163,0.1769,7.951,-10000
1164,0.1772,7.9583,-10000
1165,0.1775,7.9656,-10000
1166,0.1778,7.9729,-10000
1167,0.1781,7.9802,-10000
1168,0.1784,7.9875,-10000
1169,0.1787,7.9948,-10000
1170,0.179,8.0021,-10000
1171,0.1793,8.0094,-10000
1172,0.1796,8.0167,-10000
1173,0.1799,8.024,-10000
1174,0.1802,8.0313,-10000
1175,0.1805,8.0386,-10000
1176,0.1808,8.0459,-10000
1177,0.1811,8.0532,-10000
1178,0.1814,8.0605,-10000
1179,0.1817,8.0678,-10000
1180,0.182,8.0751,-10000
1181,0.1823,8.0824,-10000
1182,0.1826,8.0897,-10000
1183,0.1829,8.097,-10000
1184,0.1832,8.1043,-10000
1185,0.1835,8.1116,-10000
1186,0.1838,8.1189,-10000
1187,0.184,8.1262,-10000
1188,0.1843,8.1335,-10000
1189,0.1846,8.1408,-10000
1190,0.1849,8.1481,-10000
1191,0.1852,8.1554,-10000
1192,0.1855,8.1627,-10000
1193,0.1858,8.1699,-10000
1194,0.1862,8.1772,-10000
1195,0.1865,8.1845,-10000
1196,0.1868,8.1918,-10000
1197,0.1871,8.1991,-10000
1198,0.1874,8.2064,-10000
1199,0.1877,8.2137,-10000
1200,0.188,8.221,-10000
1201,0.1883,8.2283,-10000
1202,0.1886,8.2356,-10000
1203,0.1889,8.2428,-10000
1204,0.1892,8.2501,-10000
1205,0.1895,8.2574,-10000
1206,0.1898,8.2647,-10000
1207,0.1901,8.272,-10000
1208,0.1904,8.2793,-10000
1209,0.1907,8.2866,-10000
1210,0.191,8.2938,-10000
1211,0.1913,8.3011,-10000
1212,0.1916,8.3084,-10000
1213,0.1919,8.3157,-10000
1214,0.1922,8.323,-10000
1215,0.1925,8.3303,-10000
1216,0.1928,8.3375,-10000
1217,0.1931,8.3448,-10000
1218,0.1934,8.3521,-10000
1219,0.1938,8.3594,-10000
1220,0.1941,8.3667,-10000
1221,0.1944,8.3739,-10000
1222,0.1947,8.3812,-10000
1223,0.195,8.3885,-10000
1224,0.1953,8.3958,-10000
1225,0.1956,8.403,-10000
1226,0.1959,8.4103,-10000
1227,0.1962,8.4176,-10000
1228,0.1965,8.4249,-10000
1229,0.1968,8.4322,-10000
1230,0.1972,8.4394,-10000
1231,0.1975,8.4467,-10000
1232,0.1978,8.454,-10000
1233,0.1981,8.4613,-10000
1234,0.1984,8.4685,-10000
1235,0.1987,8.4758,-10000
1236,0.199,8.4831,-10000
1237,0.1993,8.4903,-10000
1238,0.1996,8.4976,-10000
1239,0.2,8.5049,-10000
1240,0.2003,8.5122,-10000
1241,0.2006,8.5194,-10000
1242,0.2009,8.5267,-10000
1243,0.2012,8.534,-10000
1244,0.2015,8.5412,-10000
1245,0.2018,8.5485,-10000
1246,0.2021,8.5558,-10000
1247,0.2025,8.5631,-10000
1248,0.2028,8.5703,-10000
1249,0.2031,8.5776,-10000
1250,0.2034,8.5849,-10000
1251,0.2037,8.5921,-10000
1252,0.204,8.5994,-10000
1253,0.2044,8.6067,-10000
1254,0.2047,8.6139,-10000
1255,0.205,8.6212,-10000
1256,0.2053,8.6285,-10000
1257,0.2056,8.6357,-10000
1258,0.2059,8.643,-10000
1259,0.2063,8.6503,-10000
1260,0.2066,8.6575,-10000
1261,0.2069,8.6648,-10000
1262,0.2072,8.672,-10000
1263,0.2075,8.6793,-10000
1264,0.2078,8.6864,-10000
1265,0.2082,8.6938,-10000
1266,0.2085,8.7011,-10000
1267,0.2088,8.7084,-10000
1268,0.2091,8.7156,-10000
1269,0.2094,8.7229,-10000
1270,0.2098,8.7302,-10000
1271,0.2101,8.7374,-10000
1272,0.2104,8.7447,-10000
1273,0.2107,8.7519,-10000
1274,0.211,8.7592,-10000
1275,0.2114,8.7664,-10000
1276,0.2117,8.7738,-10000
1277,0.212,8.7809,-10000
1278,0.2123,8.7882,-10000
1279,0.2127,8.7955,-10000
1280,0.213,8.8027,-10000
1281,0.2133,8.81,-10000
1282,0.2136,8.8172,-10000
1283,0.2139,8.8245,-10000
1284,0.2143,8.8317,-10000
1285,0.2146,8.839,-10000
1286,0.2149,8.8463,-10000
1287,0.2152,8.8535,-10000
1288,0.2156,8.8608,-10000
1289,0.2159,8.868,-10000
1290,0.2162,8.8753,-10000
1291,0.2165,8.8825,-10000
1292,0.2169,8.8898,-10000
1293,0.2172,8.897,-10000
1294,0.2175,8.9043,-10000
1295,0.2178,8.9115,-10000
1296,0.2182,8.9188,-10000
1297,0.2185,8.926,-10000
1298,0.2188,8.9333,-10000
1299,0.2192,8.9405,-10000
1300,0.2195,8.9478,-10000
1301,0.2198,8.955,-10000
1302,0.2201,8.9623,-10000
1303,0.2205,8.9695,-10000
1304,0.2208,8.9768,-10000
1305,0.2211,8.984,-10000
1306,0.2215,8.9913,-10000
1307,0.2218,8.9985,-10000
1308,0.2221,9.0058,-10000
1309,0.2224,9.013,-10000
1310,0.2228,9.0203,-10000
1311,0.2231,9.0275,-10000
1312,0.2234,9.0347,-10000
1313,0.2238,9.042,-10000
1314,0.2241,9.0492,-10000
1315,0.2244,9.0565,-10000
1316,0.2248,9.0637,-10000
1317,0.2251,9.071,-10000
1318,0.2254,9.0782,-10000
1319,0.2258,9.0855,-10000
1320,0.2261,9.0927,-10000
1321,0.2264,9.0999,-10000
1322,0.2268,9.1072,-10000
1323,0.2271,9.1144,-10000
1324,0.2274,9.1217,-10000
1325,0.2278,9.1289,-10000
1326,0.2281,9.1361,-10000
1327,0.2284,9.1434,-10000
1328,0.2288,9.1506,-10000
1329,0.2291,9.1579,-10000
1330,0.2294,9.1651,-10000
1331,0.2298,9.1723,-10000
1332,0.2301,9.1796,-10000
1333,0.2304,9.1868,-10000
1334,0.2308,9.1941,-10000
1335,0.2311,9.2013,-10000
1336,0.2314,9.2085,-10000
1337,0.2318,9.2158,-10000
1338,0.2321,9.223,-10000
1339,0.2325,9.2303,-10000
1340,0.2328,9.2375,-10000
1341,0.2331,9.2447,-10000
1342,0.2335,9.252,-10000
1343,0.2338,9.2592,-10000
1344,0.2341,9.2664,-10000
1345,0.2345,9.2737,-10000
1346,0.2348,9.2809,-10000
1347,0.2352,9.2881,-10000
1348,0.2355,9.2954,-10000
1349,0.2358,9.3026,-10000
1350,0.2362,9.3098,-10000
1351,0.2365,9.3171,-10000
1352,0.2369,9.3243,-10000
1353,0.2372,9.3315,-10000
1354,0.2376,9.3388,-10000
1355,0.2379,9.346,-10000
1356,0.2382,9.3532,-10000
1357,0.2386,9.3605,-10000
1358,0.2389,9.3677,-10000
1359,0.2393,9.3749,-10000
1360,0.2396,9.3822,-10000
1361,0.2399,9.3894,-10000
1362,0.2403,9.3966,-10000
1363,0.2406,9.4038,-10000
1364,0.241,9.4111,-10000
1365,0.2413,9.4183,-10000
1366,0.2417,9.4257,-10000
1367,0.242,9.4328,-10000
1368,0.2424,9.44,-10000
1369,0.2427,9.4472,-10000
1370,0.243,9.4544,-10000
1371,0.2434,9.4617,-10000
1372,0.2437,9.4689,-10000
1373,0.2441,9.4761,-10000
1374,0.2444,9.4833,-10000
1375,0.2448,9.4906,-10000
1376,0.2451,9.4978,-10000
1377,0.2455,9.505,-10000
1378,0.2458,9.5121,-10000
1379,0.2462,9.5195,-10000
1380,0.2465,9.5267,-10000
1381,0.2469,9.5339,-10000
1382,0.2472,9.5411,-10000
1383,0.2476,9.5484,-10000
1384,0.2479,9.5556,-10000
1385,0.2483,9.5628,-10000
1386,0.2486,9.57,-10000
1387,0.249,9.5773,-10000
1388,0.2493,9.5845,-10000
1389,0.2497,9.5917,-10000
1390,0.25,9.5989,-10000
1391,0.2504,9.6061,-10000
1392,0.2507,9.6134,-10000
1393,0.2511,9.6206,-10000
1394,0.2514,9.6278,-10000
1395,0.2518,9.635,-10000
1396,0.2521,9.6422,-10000
1397,0.2525,9.6495,-10000
1398,0.2528,9.6567,-10000
1399,0.2532,9.6639,-10000
1400,0.2535,9.6711,-10000
1401,0.2539,9.6783,-10000
1402,0.2542,9.6856,-10000
1403,0.2546,9.6928,-10000
1404,0.2549,9.7,-10000
1405,0.2553,9.7072,-10000
1406,0.2556,9.7144,-10000
1407,0.256,9.7216,-10000
1408,0.2564,9.7289,-10000
1409,0.2567,9.7361,-10000
1410,0.2571,9.7433,-10000
1411,0.2574,9.7505,-10000
1412,0.2578,9.7577,-10000
1413,0.2581,9.7649,-10000
1414,0.2585,9.7722,-10000
1415,0.2589,9.7794,-10000
1416,0.2592,9.7866,-10000
1417,0.2596,9.7938,-10000
1418,0.2599,9.801,-10000
1419,0.2603,9.8082,-10000
1420,0.2606,9.8154,-10000
1421,0.261,9.8226,-10000
1422,0.2614,9.8299,-10000
1423,0.2617,9.8371,-10000
1424,0.2621,9.8443,-10000
1425,0.2624,9.8515,-10000
1426,0.2628,9.8587,-10000
1427,0.2632,9.8659,-10000
1428,0.2635,9.8731,-10000
1429,0.2639,9.8803,-10000
1430,0.2642,9.8876,-10000
1431,0.2646,9.8948,-10000
1432,0.265,9.902,-10000
1433,0.2653,9.9092,-10000
1434,0.2657,9.9164,-10000
1435,0.266,9.9236,-10000
1436,0.2664,9.9308,-10000
1437,0.2668,9.938,-10000
1438,0.2671,9.9452,-10000
1439,0.2675,9.9524,-10000
1440,0.2678,9.9596,-10000
1441,0.2682,9.9669,-10000
1442,0.2686,9.9741,-10000
1443,0.2689,9.9813,-10000
1444,0.2693,9.9885,-10000
1445,0.2697,9.9957,-10000
1446,0.27,10.003,-10000
1447,0.2704,10.01,-10000
1448,0.2708,10.017,-10000
1449,0.2711,10.024,-10000
1450,0.2715,10.032,-10000
1451,0.2719,10.039,-10000
1452,0.2722,10.046,-10000
1453,0.2726,10.053,-10000
1454,0.273,10.06,-10000
1455,0.2733,10.068,-10000
1456,0.2737,10.075,-10000
1457,0.2741,10.082,-10000
1458,0.2744,10.089,-10000
1459,0.2748,10.097,-10000
1460,0.2752,10.104,-10000
1461,0.2755,10.111,-10000
1462,0.2759,10.118,-10000
1463,0.2763,10.125,-10000
1464,0.2766,10.133,-10000
1465,0.277,10.14,-10000
1466,0.2774,10.147,-10000
1467,0.2777,10.154,-10000
1468,0.2781,10.161,-10000
1469,0.2785,10.169,-10000
1470,0.2789,10.176,-10000
1471,0.2792,10.183,-10000
1472,0.2796,10.19,-10000
1473,0.28,10.197,-10000
1474,0.2803,10.205,-10000
1475,0.2807,10.212,-10000
1476,0.2811,10.219,-10000
1477,0.2815,10.226,-10000
1478,0.2818,10.233,-10000
1479,0.2822,10.241,-10000
1480,0.2826,10.248,-10000
1481,0.2829,10.255,-10000
1482,0.2833,10.262,-10000
1483,0.2837,10.269,-10000
1484,0.2841,10.277,-10000
1485,0.2844,10.284,-10000
1486,0.2848,10.291,-10000
1487,0.2852,10.298,-10000
1488,0.2856,10.305,-10000
1489,0.2859,10.312,-10000
1490,0.2863,10.32,-10000
1491,0.2867,10.327,-10000
1492,0.2871,10.334,-10000
1493,0.2874,10.341,-10000
1494,0.2878,10.348,-10000
1495,0.2882,10.356,-10000
1496,0.2886,10.363,-10000
1497,0.289,10.37,-10000
1498,0.2893,10.377,-10000
1499,0.2897,10.384,-10000
1500,0.2901,10.392,-10000
1501,0.2905,10.399,-10000
1502,0.2908,10.406,-10000
1503,0.2912,10.413,-10000
1504,0.2916,10.42,-10000
1505,0.292,10.428,-10000
1506,0.2924,10.435,-10000
1507,0.2927,10.442,-10000
1508,0.2931,10.449,-10000
1509,0.2935,10.456,-10000
1510,0.2939,10.464,-10000
1511,0.2943,10.471,-10000
1512,0.2946,10.478,-10000
1513,0.295,10.485,-10000
1514,0.2954,10.492,-10000
1515,0.2958,10.499,-10000
1516,0.2962,10.507,-10000
1517,0.2966,10.514,-10000
1518,0.2969,10.521,-10000
1519,0.2973,10.528,-10000
1520,0.2977,10.536,-10000
1521,0.2981,10.543,-10000
1522,0.2985,10.55,-10000
1523,0.2989,10.557,-10000
1524,0.2992,10.564,-10000
1525,0.2996,10.571,-10000
1526,0.3,10.579,-10000
1527,0.3004,10.586,-10000
1528,0.3008,10.593,-10000
1529,0.3012,10.6,-10000
1530,0.3016,10.607,-10000
1531,0.3019,10.615,-10000
1532,0.3023,10.622,-10000
1533,0.3027,10.629,-10000
1534,0.3031,10.636,-10000
1535,0.3035,10.643,-10000
1536,0.3039,10.65,-10000
1537,0.3043,10.658,-10000
1538,0.3046,10.665,-10000
1539,0.305,10.672,-10000
1540,0.3054,10.679,-10000
1541,0.3058,10.686,-10000
1542,0.3062,10.694,-10000
1543,0.3066,10.701,-10000
1544,0.307,10.708,-10000
1545,0.3074,10.715,-10000
1546,0.3078,10.722,-10000
1547,0.3081,10.729,-10000
1548,0.3085,10.737,-10000
1549,0.3089,10.744,-10000
1550,0.3093,10.751,-10000
1551,0.3097,10.758,-10000
1552,0.3101,10.765,-10000
1553,0.3105,10.773,-10000
1554,0.3109,10.78,-10000
1555,0.3113,10.787,-10000
1556,0.3117,10.794,-10000
1557,0.3121,10.801,-10000
1558,0.3124,10.809,-10000
1559,0.3128,10.816,-10000
1560,0.3132,10.823,-10000
1561,0.3136,10.83,-10000
1562,0.314,10.837,-10000
1563,0.3144,10.844,-10000
1564,0.3148,10.852,-10000
1565,0.3152,10.859,-10000
1566,0.3156,10.866,-10000
1567,0.316,10.873,-10000
1568,0.3164,10.88,-10000
1569,0.3168,10.887,-10000
1570,0.3172,10.895,-10000
1571,0.3176,10.902,-10000
1572,0.318,10.909,-10000
1573,0.3184,10.916,-10000
1574,0.3188,10.923,-10000
1575,0.3192,10.931,-10000
1576,0.3196,10.938,-10000
1577,0.32,10.945,-10000
1578,0.3204,10.952,-10000
1579,0.3208,10.959,-10000
1580,0.3212,10.966,-10000
1581,0.3216,10.974,-10000
1582,0.3219,10.981,-10000
1583,0.3223,10.988,-10000
1584,0.3227,10.995,-10000
1585,0.3231,11.002,-10000
1586,0.3235,11.009,-10000
1587,0.3239,11.017,-10000
1588,0.3243,11.024,-10000
1589,0.3247,11.031,-10000
1590,0.3251,11.038,-10000
1591,0.3255,11.045,-10000
1592,0.3259,11.053,-10000
1593,0.3264,11.06,-10000
1594,0.3268,11.067,-10000
1595,0.3272,11.074,-10000
1596,0.3276,11.081,-10000
1597,0.328,11.088,-10000
1598,0.3284,11.096,-10000
1599,0.3288,11.103,-10000
1600,0.3292,11.11,-10000
1601,0.3296,11.117,-10000
1602,0.33,11.124,-10000
1603,0.3304,11.131,-10000
1604,0.3308,11.139,-10000
1605,0.3312,11.146,-10000
1606,0.3316,11.153,-10000
1607,0.332,11.16,-10000
1608,0.3324,11.167,-10000
1609,0.3328,11.175,-10000
1610,0.3332,11.182,-10000
1611,0.3336,11.189,-10000
1612,0.334,11.196,-10000
1613,0.3344,11.203,-10000
1614,0.3348,11.21,-10000
1615,0.3352,11.217,-10000
1616,0.3357,11.225,-10000
1617,0.3361,11.232,-10000
1618,0.3365,11.239,-10000
1619,0.3369,11.246,-10000
1620,0.3373,11.253,-10000
1621,0.3377,11.261,-10000
1622,0.3381,11.268,-10000
1623,0.3385,11.275,-10000
1624,0.3389,11.282,-10000
1625,0.3393,11.289,-10000
1626,0.3397,11.296,-10000
1627,0.3401,11.303,-10000
1628,0.3406,11.311,-10000
1629,0.341,11.318,-10000
1630,0.3414,11.325,-10000
1631,0.3418,11.332,-10000
1632,0.3422,11.339,-10000
1633,0.3426,11.347,-10000
1634,0.343,11.354,-10000
1635,0.3434,11.361,-10000
1636,0.3438,11.368,-10000
1637,0.3443,11.375,-10000
1638,0.3447,11.382,-10000
1639,0.3451,11.389,-10000
1640,0.3455,11.397,-10000
1641,0.3459,11.404,-10000
1642,0.3463,11.411,-10000
1643,0.3467,11.418,-10000
1644,0.3472,11.425,-10000
1645,0.3476,11.432,-10000
1646,0.348,11.44,-10000
1647,0.3484,11.447,-10000
1648,0.3488,11.454,-10000
1649,0.3492,11.461,-10000
1650,0.3496,11.468,-10000
1651,0.3501,11.475,-10000
1652,0.3505,11.483,-10000
1653,0.3509,11.49,-10000
1654,0.3513,11.497,-10000
1655,0.3517,11.504,-10000
1656,0.3521,11.511,-10000
1657,0.3526,11.518,-10000
1658,0.353,11.526,-10000
1659,0.3534,11.533,-10000
1660,0.3538,11.54,-10000
1661,0.3542,11.547,-10000
1662,0.3547,11.554,-10000
1663,0.3551,11.561,-10000
1664,0.3555,11.569,-10000
1665,0.3559,11.576,-10000
1666,0.3563,11.583,-10000
1667,0.3568,11.59,-10000
1668,0.3572,11.597,-10000
1669,0.3576,11.604,-10000
1670,0.358,11.611,-10000
1671,0.3584,11.619,-10000
1672,0.3589,11.626,-10000
1673,0.3593,11.633,-10000
1674,0.3597,11.64,-10000
1675,0.3601,11.647,-10000
1676,0.3605,11.654,-10000
1677,0.361,11.662,-10000
1678,0.3614,11.669,-10000
1679,0.3618,11.676,-10000
1680,0.3622,11.683,-10000
1681,0.3627,11.69,-10000
1682,0.3631,11.697,-10000
1683,0.3635,11.705,-10000
1684,0.3639,11.712,-10000
1685,0.3644,11.719,-10000
1686,0.3648,11.726,-10000
1687,0.3652,11.733,-10000
1688,0.3656,11.74,-10000
1689,0.3661,11.748,-10000
1690,0.3665,11.755,-10000
1691,0.3669,11.762,-10000
1692,0.3673,11.769,-10000
1693,0.3678,11.776,-10000
1694,0.3682,11.783,-10000
1695,0.3686,11.79,-10000
1696,0.369,11.798,-10000
1697,0.3695,11.805,-10000
1698,0.3699,11.812,-10000
1699,0.3703,11.819,-10000
1700,0.3708,11.826,-10000
1701,0.3712,11.833,-10000
1702,0.3716,11.841,-10000
1703,0.372,11.848,-10000
1704,0.3725,11.855,-10000
1705,0.3729,11.862,-10000
1706,0.3733,11.869,-10000
1707,0.3738,11.876,-10000
1708,0.3742,11.883,-10000
1709,0.3746,11.891,-10000
1710,0.375,11.898,-10000
1711,0.3755,11.905,-10000
1712,0.3759,11.912,-10000
1713,0.3763,11.919,-10000
1714,0.3768,11.926,-10000
1715,0.3772,11.934,-10000
1716,0.3776,11.941,-10000
1717,0.3781,11.948,-10000
1718,0.3785,11.955,-10000
1719,0.3789,11.962,-10000
1720,0.3794,11.969,-10000
1721,0.3798,11.976,-10000
1722,0.3802,11.983,-10000
1723,0.3807,11.991,-10000
1724,0.3811,11.998,-10000
1725,0.3815,12.005,-10000
1726,0.382,12.012,-10000
1727,0.3824,12.019,-10000
1728,0.3828,12.026,-10000
1729,0.3833,12.034,-10000
1730,0.3837,12.041,-10000
1731,0.3842,12.048,-10000
1732,0.3846,12.055,-10000
1733,0.385,12.062,-10000
1734,0.3855,12.069,-10000
1735,0.3859,12.076,-10000
1736,0.3863,12.084,-10000
1737,0.3868,12.091,-10000
1738,0.3872,12.098,-10000
1739,0.3876,12.105,-10000
1740,0.3881,12.112,-10000
1741,0.3885,12.119,-10000
1742,0.389,12.127,-10000
1743,0.3894,12.134,-10000
1744,0.3898,12.141,-10000
1745,0.3903,12.148,-10000
1746,0.3907,12.155,-10000
1747,0.3912,12.162,-10000
1748,0.3916,12.169,-10000
1749,0.392,12.177,-10000
1750,0.3925,12.184,-10000
1751,0.3929,12.191,-10000
1752,0.3934,12.198,-10000
1753,0.3938,12.205,-10000
1754,0.3942,12.212,-10000
1755,0.3947,12.219,-10000
1756,0.3951,12.227,-10000
1757,0.3956,12.234,-10000
1758,0.396,12.241,-10000
1759,0.3965,12.248,-10000
1760,0.3969,12.255,-10000
1761,0.3973,12.262,-10000
1762,0.3978,12.269,-10000
1763,0.3982,12.277,-10000
1764,0.3987,12.284,-10000
1765,0.3991,12.291,-10000
1766,0.3996,12.298,-10000
1767,0.4,12.305,-10000
1768,0.4005,12.312,-10000
1769,0.4009,12.319,-10000
1770,0.4014,12.327,-10000
1771,0.4018,12.334,-10000
1772,0.4022,12.341,-10000
1773,0.4027,12.348,-10000
1774,0.4031,12.355,-10000
1775,0.4036,12.362,-10000
1776,0.404,12.369,-10000
1777,0.4045,12.377,-10000
1778,0.4049,12.384,-10000
1779,0.4054,12.391,-10000
1780,0.4058,12.398,-10000
1781,0.4063,12.405,-10000
1782,0.4067,12.412,-10000
1783,0.4072,12.419,-10000
1784,0.4076,12.427,-10000
1785,0.4081,12.434,-10000
1786,0.4085,12.441,-10000
1787,0.409,12.448,-10000
1788,0.4094,12.455,-10000
1789,0.4099,12.462,-10000
1790,0.4103,12.469,-10000
1791,0.4108,12.476,-10000
1792,0.4112,12.484,-10000
1793,0.4117,12.491,-10000
1794,0.4121,12.498,-10000
1795,0.4126,12.505,-10000
1796,0.413,12.512,-10000
1797,0.4135,12.519,-10000
1798,0.4139,12.527,-10000
1799,0.4144,12.534,-10000
1800,0.4148,12.541,-10000
1801,0.4153,12.548,-10000
1802,0.4157,12.555,-10000
1803,0.4162,12.562,-10000
1804,0.4167,12.569,-10000
1805,0.4171,12.576,-10000
1806,0.4176,12.584,-10000
1807,0.418,12.591,-10000
1808,0.4185,12.598,-10000
1809,0.4189,12.605,-10000
1810,0.4194,12.612,-10000
1811,0.4198,12.619,-10000
1812,0.4203,12.626,-10000
1813,0.4208,12.634,-10000
1814,0.4212,12.641,-10000
1815,0.4217,12.648,-10000
1816,0.4221,12.655,-10000
1817,0.4226,12.662,-10000
1818,0.423,12.669,-10000
1819,0.4235,12.676,-10000
1820,0.424,12.684,-10000
1821,0.4244,12.691,-10000
1822,0.4249,12.698,-10000
1823,0.4253,12.705,-10000
1824,0.4258,12.712,-10000
1825,0.4262,12.719,-10000
1826,0.4267,12.726,-10000
1827,0.4272,12.733,-10000
1828,0.4276,12.741,-10000
1829,0.4281,12.748,-10000
1830,0.4286,12.755,-10000
1831,0.429,12.762,-10000
1832,0.4295,12.769,-10000
1833,0.4299,12.776,-10000
1834,0.4304,12.783,-10000
1835,0.4309,12.79,-10000
1836,0.4313,12.798,-10000
1837,0.4318,12.805,-10000
1838,0.4322,12.812,-10000
1839,0.4327,12.819,-10000
1840,0.4332,12.826,-10000
1841,0.4336,12.833,-10000
1842,0.4341,12.841,-10000
1843,0.4346,12.848,-10000
1844,0.435,12.855,-10000
1845,0.4355,12.862,-10000
1846,0.436,12.869,-10000
1847,0.4364,12.876,-10000
1848,0.4369,12.883,-10000
1849,0.4374,12.89,-10000
1850,0.4378,12.898,-10000
1851,0.4383,12.905,-10000
1852,0.4387,12.912,-10000
1853,0.4392,12.919,-10000
1854,0.4397,12.926,-10000
1855,0.4401,12.933,-10000
1856,0.4406,12.94,-10000
1857,0.4411,12.947,-10000
1858,0.4416,12.955,-10000
1859,0.442,12.962,-10000
1860,0.4425,12.969,-10000
1861,0.443,12.976,-10000
1862,0.4434,12.983,-10000
1863,0.4439,12.99,-10000
1864,0.4444,12.997,-10000
1865,0.4448,13.005,-10000
1866,0.4453,13.012,-10000
1867,0.4458,13.019,-10000
1868,0.4462,13.026,-10000
1869,0.4467,13.033,-10000
1870,0.4472,13.04,-10000
1871,0.4477,13.047,-10000
1872,0.4481,13.054,-10000
1873,0.4486,13.062,-10000
1874,0.4491,13.069,-10000
1875,0.4495,13.076,-10000
1876,0.45,13.083,-10000
1877,0.4505,13.09,-10000
1878,0.451,13.097,-10000
1879,0.4514,13.104,-10000
1880,0.4519,13.111,-10000
1881,0.4524,13.118,-10000
1882,0.4529,13.126,-10000
1883,0.4533,13.133,-10000
1884,0.4538,13.14,-10000
1885,0.4543,13.147,-10000
1886,0.4547,13.154,-10000
1887,0.4552,13.161,-10000
1888,0.4557,13.168,-10000
1889,0.4562,13.175,-10000
1890,0.4567,13.183,-10000
1891,0.4571,13.19,-10000
1892,0.4576,13.197,-10000
1893,0.4581,13.204,-10000
1894,0.4586,13.211,-10000
1895,0.459,13.218,-10000
1896,0.4595,13.225,-10000
1897,0.46,13.232,-10000
1898,0.4605,13.24,-10000
1899,0.4609,13.247,-10000
1900,0.4614,13.254,-10000
1901,0.4619,13.261,-10000
1902,0.4624,13.268,-10000
1903,0.4629,13.275,-10000
1904,0.4633,13.282,-10000
1905,0.4638,13.29,-10000
1906,0.4643,13.297,-10000
1907,0.4648,13.304,-10000
1908,0.4653,13.311,-10000
1909,0.4657,13.318,-10000
1910,0.4662,13.325,-10000
1911,0.4667,13.332,-10000
1912,0.4672,13.339,-10000
1913,0.4677,13.347,-10000
1914,0.4681,13.354,-10000
1915,0.4686,13.361,-10000
1916,0.4691,13.368,-10000
1917,0.4696,13.375,-10000
1918,0.4701,13.382,-10000
1919,0.4706,13.389,-10000
1920,0.471,13.396,-10000
1921,0.4715,13.403,-10000
1922,0.472,13.411,-10000
1923,0.4725,13.418,-10000
1924,0.473,13.425,-10000
1925,0.4735,13.432,-10000
1926,0.4739,13.439,-10000
1927,0.4744,13.446,-10000
1928,0.4749,13.453,-10000
1929,0.4754,13.46,-10000
1930,0.4759,13.468,-10000
1931,0.4764,13.475,-10000
1932,0.4769,13.482,-10000
1933,0.4773,13.489,-10000
1934,0.4778,13.496,-10000
1935,0.4783,13.503,-10000
1936,0.4788,13.51,-10000
1937,0.4793,13.517,-10000
1938,0.4798,13.524,-10000
1939,0.4803,13.532,-10000
1940,0.4808,13.539,-10000
1941,0.4812,13.546,-10000
1942,0.4817,13.553,-10000
1943,0.4822,13.56,-10000
1944,0.4827,13.567,-10000
1945,0.4832,13.574,-10000
1946,0.4837,13.582,-10000
1947,0.4842,13.589,-10000
1948,0.4847,13.596,-10000
1949,0.4852,13.603,-10000
1950,0.4856,13.61,-10000
1951,0.4861,13.617,-10000
1952,0.4866,13.624,-10000
1953,0.4871,13.631,-10000
1954,0.4876,13.638,-10000
1955,0.4881,13.646,-10000
1956,0.4886,13.653,-10000
1957,0.4891,13.66,-10000
1958,0.4896,13.667,-10000
1959,0.4901,13.674,-10000
1960,0.4906,13.681,-10000
1961,0.4911,13.688,-10000
1962,0.4916,13.695,-10000
1963,0.492,13.703,-10000
1964,0.4925,13.71,-10000
1965,0.493,13.717,-10000
1966,0.4935,13.724,-10000
1967,0.494,13.731,-10000
1968,0.4945,13.738,-10000
1969,0.495,13.745,-10000
1970,0.4955,13.752,-10000
1971,0.496,13.759,-10000
1972,0.4965,13.767,-10000
1973,0.497,13.774,-10000
1974,0.4975,13.781,-10000
1975,0.498,13.788,-10000
1976,0.4985,13.795,-10000
1977,0.499,13.802,-10000
1978,0.4995,13.809,-10000
1979,0.5,13.816,-10000
1980,0.5005,13.823,-10000
1981,0.501,13.831,-10000
1982,0.5015,13.838,-10000
1983,0.502,13.845,-10000
1984,0.5025,13.852,-10000
1985,0.503,13.859,-10000
1986,0.5035,13.866,-10000
1987,0.504,13.873,-10000
1988,0.5045,13.88,-10000
1989,0.505,13.887,-10000
1990,0.5055,13.895,-10000
1991,0.506,13.902,-10000
1992,0.5065,13.909,-10000
1993,0.507,13.916,-10000
1994,0.5075,13.923,-10000
1995,0.508,13.93,-10000
1996,0.5085,13.937,-10000
1997,0.509,13.944,-10000
1998,0.5095,13.951,-10000
1999,0.51,13.959,-10000
2000,0.5105,13.966,-10000
