207,1.2657,2.4814,-4.5553-6.2813i
208,1.2708,2.5096,-4.683-6.3782i
209,1.2779,2.5331,-4.7835-6.4744i
210,1.2865,2.5535,-4.8654-6.5705i
211,1.2936,2.5727,-4.9455-6.6562i
212,1.3003,2.5916,-5.0257-6.74i
213,1.3063,2.6102,-5.107-6.8194i
214,1.3118,2.6295,-5.1934-6.8985i
215,1.3155,2.6511,-5.2977-6.975i
216,1.3192,2.6734,-5.4068-7.0538i
217,1.323,2.6971,-5.5242-7.1364i
218,1.3276,2.7219,-5.6464-7.2269i
219,1.3331,2.748,-5.7743-7.3269i
220,1.3393,2.7751,-5.9073-7.4336i
221,1.3461,2.803,-6.045-7.5463i
222,1.3535,2.8316,-6.1864-7.6651i
223,1.3613,2.8608,-6.3311-7.7886i
224,1.3698,2.891,-6.4814-7.9201i
225,1.3789,2.9219,-6.6364-8.0579i
226,1.3886,2.9539,-6.7976-8.2038i
227,1.3989,2.9869,-6.9644-8.3568i
228,1.4101,3.021,-7.1382-8.5201i
229,1.4223,3.0566,-7.3198-8.6949i
230,1.4354,3.0933,-7.5079-8.88i
231,1.4499,3.1318,-7.7057-9.0816i
232,1.4651,3.1712,-7.9101-9.2921i
233,1.4824,3.2139,-8.1318-9.5283i
234,1.4997,3.2568,-8.3576-9.7684i
235,1.5184,3.3044,-8.6136-10.035i
236,1.5371,3.352,-8.8733-10.305i
237,1.5614,3.4049,-9.1551-10.633i
238,1.5871,3.459,-9.4458-10.98i
239,1.6172,3.5193,-9.77-11.383i
240,1.651,3.5848,-10.125-11.837i
241,1.6891,3.6508,-10.475-12.333i
242,1.7419,3.7183,-10.791-12.954i
243,1.7948,3.7857,-11.111-13.589i
244,1.8771,3.8546,-11.334-14.471i
245,1.9642,3.9236,-11.537-15.414i
246,2.0601,3.984,-11.628-16.415i
247,2.1665,4.034,-11.579-17.48i
248,2.273,4.084,-11.513-18.566i
249,2.3966,4.0907,-10.99-19.608i
250,2.5202,4.0975,-10.438-20.653i
251,2.6422,4.0904,-9.7505-21.615i
252,2.7624,4.0694,-8.9288-22.483i
253,2.8826,4.0483,-8.079-23.34i
254,2.9794,4.0035,-7.1508-23.856i
255,3.0747,3.9571,-6.205-24.334i
256,3.1638,3.9067,-5.2532-24.72i
257,3.2401,3.8481,-4.3095-24.937i
258,3.3165,3.7895,-3.3611-25.136i
259,3.3777,3.7311,-2.5124-25.205i
260,3.4312,3.6728,-1.716-25.204i
261,3.4848,3.6145,-0.92077-25.191i
262,3.5252,3.557,-0.225-25.079i
263,3.565,3.4996,0.46188-24.952i
264,3.6035,3.4433,1.1295-24.816i
265,3.6362,3.3919,1.7168-24.667i
266,3.6688,3.3405,2.3009-24.511i
267,3.6995,3.2905,2.8593-24.346i
268,3.7266,3.2431,3.3698-24.172i
269,3.7537,3.1958,3.8773-23.992i
270,3.7802,3.1513,4.3591-23.825i
271,3.806,3.1107,4.8091-23.678i
272,3.8317,3.07,5.2571-23.527i
273,3.8559,3.0283,5.6969-23.354i
274,3.8782,2.9856,6.1271-23.157i
275,3.9006,2.9428,6.5546-22.957i
276,3.9223,2.8939,7.0096-22.702i
277,3.9432,2.8375,7.4975-22.378i
278,3.9641,2.7811,7.9798-22.049i
279,3.9819,2.7244,8.4329-21.696i
280,3.9936,2.6671,8.8354-21.303i
281,4.0054,2.6098,9.2318-20.907i
282,4.0137,2.5539,9.5871-20.501i
283,4.0064,2.504,9.7814-20.064i
284,3.9991,2.454,9.9709-19.628i
285,3.9919,2.4041,10.155-19.193i
286,3.9765,2.361,10.238-18.777i
287,3.9607,2.3184,10.312-18.365i
288,3.9449,2.2759,10.383-17.956i
289,3.9276,2.24,10.408-17.595i
290,3.9093,2.2081,10.407-17.264i
291,3.8911,2.1762,10.405-16.935i
292,3.8726,2.1462,10.391-16.623i
293,3.8533,2.1224,10.343-16.356i
294,3.8339,2.0985,10.295-16.091i
295,3.8146,2.0747,10.247-15.828i
296,3.7969,2.0564,10.187-15.616i
297,3.7796,2.0398,10.124-15.42i
298,3.7624,2.0233,10.062-15.225i
299,3.7454,2.0078,9.997-15.04i
300,3.7299,1.9965,9.926-14.894i
301,3.7144,1.9852,9.8553-14.748i
302,3.6988,1.974,9.7848-14.603i
303,3.6846,1.9645,9.7173-14.477i
304,3.6715,1.9566,9.6521-14.367i
305,3.6584,1.9486,9.5871-14.258i
306,3.6453,1.9406,9.5224-14.148i
307,3.634,1.9351,9.4612-14.064i
308,3.623,1.9301,9.4009-13.985i
309,3.612,1.925,9.3407-13.906i
310,3.601,1.92,9.2808-13.828i
311,3.5921,1.9171,9.228-13.773i
312,3.5832,1.9142,9.1753-13.718i
313,3.5743,1.9113,9.1228-13.663i
314,3.5656,1.9085,9.0709-13.61i
315,3.5586,1.9074,9.0256-13.575i
316,3.5516,1.9062,8.9803-13.54i
317,3.5446,1.9051,8.935-13.506i
318,3.5377,1.904,8.8903-13.472i
319,3.5325,1.904,8.8535-13.452i
320,3.5274,1.9041,8.8168-13.433i
321,3.5222,1.9041,8.7801-13.413i
322,3.517,1.9041,8.7434-13.393i
323,3.5132,1.9052,8.7127-13.387i
324,3.5095,1.9063,8.6825-13.381i
325,3.5058,1.9075,8.6523-13.375i
326,3.5022,1.9086,8.6222-13.369i
327,3.4993,1.9104,8.5952-13.37i
328,3.4968,1.9126,8.5695-13.376i
329,3.4943,1.9147,8.5438-13.381i
330,3.4917,1.9168,8.5182-13.386i
331,3.4897,1.9191,8.4948-13.394i
332,3.4886,1.922,8.4759-13.41i
333,3.4874,1.9249,8.4569-13.426i
334,3.4863,1.9278,8.438-13.441i
335,3.4851,1.9306,8.419-13.457i
336,3.4853,1.9339,8.4076-13.481i
337,3.4857,1.9372,8.3972-13.505i
338,3.4861,1.9406,8.3869-13.53i
339,3.4865,1.9439,8.3766-13.555i
340,3.4872,1.9475,8.3682-13.582i
341,3.489,1.9514,8.365-13.617i
342,3.4907,1.9553,8.3618-13.651i
343,3.4925,1.9593,8.3585-13.686i
344,3.4942,1.9632,8.3552-13.72i
345,3.4967,1.9675,8.3555-13.76i
346,3.4997,1.9721,8.3585-13.803i
347,3.5027,1.9767,8.3614-13.847i
348,3.5057,1.9813,8.3643-13.891i
349,3.5087,1.9858,8.3672-13.935i
350,3.5126,1.9908,8.3749-13.986i
351,3.5169,1.996,8.3844-14.039i
352,3.5212,2.0012,8.394-14.093i
353,3.5255,2.0063,8.4036-14.147i
354,3.5298,2.0115,8.4131-14.2i
355,3.5349,2.017,8.4267-14.26i
356,3.5402,2.0227,8.4419-14.322i
357,3.5456,2.0284,8.4572-14.384i
358,3.551,2.0341,8.4724-14.446i
359,3.5564,2.0397,8.4876-14.508i
360,3.5628,2.0458,8.5079-14.578i
361,3.5698,2.0522,8.532-14.652i
362,3.5769,2.0587,8.5561-14.727i
363,3.584,2.0651,8.5803-14.802i
364,3.591,2.0715,8.6044-14.877i
365,3.5985,2.0781,8.6307-14.956i
366,3.607,2.0853,8.662-15.043i
367,3.6155,2.0925,8.6934-15.131i
368,3.624,2.0996,8.7248-15.218i
369,3.6325,2.1068,8.7563-15.306i
370,3.641,2.114,8.7878-15.394i
371,3.6524,2.1222,8.8362-15.502i
372,3.6643,2.1305,8.8877-15.614i
373,3.6762,2.1389,8.9393-15.726i
374,3.6881,2.1473,8.9911-15.839i
375,3.7,2.1557,9.043-15.952i
376,3.713,2.1652,9.0978-16.079i
377,3.7293,2.1786,9.1612-16.249i
378,3.7456,2.192,9.2249-16.421i
379,3.7619,2.2053,9.2886-16.593i
380,3.7783,2.2187,9.3527-16.766i
381,3.7946,2.2321,9.4168-16.939i
382,3.8138,2.243,9.5139-17.109i
383,3.8364,2.2512,9.6499-17.273i
384,3.859,2.2594,9.7868-17.438i
385,3.8815,2.2676,9.9245-17.603i
386,3.9041,2.2757,10.063-17.769i
387,3.9267,2.2839,10.203-17.937i
388,3.9562,2.2839,10.435-18.071i
389,3.9925,2.2756,10.761-18.171i
390,4.0288,2.2674,11.09-18.269i
391,4.0651,2.2591,11.421-18.367i
392,4.1014,2.2509,11.755-18.463i
393,4.1377,2.2426,12.091-18.558i
394,4.173,2.2322,12.431-18.63i
395,4.2063,2.2179,12.774-18.658i
396,4.2396,2.2035,13.119-18.684i
397,4.273,2.1891,13.466-18.708i
398,4.3063,2.1747,13.815-18.73i
399,4.3397,2.1604,14.165-18.751i
400,4.373,2.146,14.518-18.769i
401,4.3823,2.1317,14.661-18.684i
402,4.3917,2.1174,14.803-18.598i
403,4.401,2.1031,14.946-18.512i
404,4.4104,2.0888,15.088-18.425i
405,4.4197,2.0746,15.23-18.338i
406,4.429,2.0603,15.372-18.25i
407,4.4391,2.0455,15.522-18.16i
408,4.4502,2.0301,15.683-18.069i
409,4.4612,2.0147,15.843-17.976i
410,4.4722,1.9993,16.004-17.883i
411,4.4833,1.9839,16.164-17.789i
412,4.4943,1.9685,16.324-17.694i
413,4.5053,1.9531,16.483-17.599i
414,4.5362,1.9404,16.812-17.604i
415,4.577,1.9289,17.228-17.657i
416,4.6178,1.9175,17.647-17.709i
417,4.6586,1.906,18.07-17.759i
418,4.6994,1.8945,18.495-17.806i
419,4.7402,1.8831,18.923-17.852i
420,4.781,1.8716,19.355-17.896i
421,4.8183,1.8544,19.777-17.87i
422,4.8538,1.8341,20.195-17.805i
423,4.8892,1.8139,20.615-17.737i
424,4.9247,1.7936,21.036-17.666i
425,4.9602,1.7734,21.459-17.593i
426,4.9957,1.7531,21.884-17.516i
427,5.0312,1.7329,22.31-17.437i
428,5.0522,1.7011,22.631-17.189i
429,5.0527,1.653,22.798-16.704i
430,5.0533,1.6049,22.96-16.22i
431,5.0538,1.5568,23.117-15.736i
432,5.0544,1.5087,23.27-15.251i
433,5.0549,1.4607,23.418-14.767i
434,5.0554,1.4126,23.562-14.282i
435,5.056,1.3645,23.701-13.797i
436,5.0446,1.3169,23.714-13.286i
437,5.0321,1.2694,23.711-12.775i
438,5.0196,1.2218,23.704-12.266i
439,5.0072,1.1743,23.693-11.76i
440,4.9947,1.1268,23.677-11.256i
441,4.9822,1.0793,23.657-10.754i
442,4.9697,1.0317,23.633-10.255i
443,4.9568,0.98775,23.594-9.7921i
444,4.9412,0.96498,23.484-9.5362i
445,4.9256,0.94222,23.373-9.2819i
446,4.9099,0.91945,23.262-9.0289i
447,4.8943,0.89668,23.15-8.7773i
448,4.8787,0.87392,23.038-8.5272i
449,4.8631,0.85115,22.925-8.2785i
450,4.8475,0.82838,22.812-8.0311i
451,4.8318,0.80647,22.696-7.7934i
452,4.8151,0.7931,22.556-7.6377i
453,4.7984,0.77972,22.417-7.4829i
454,4.7817,0.76635,22.278-7.329i
455,4.7651,0.75297,22.139-7.1759i
456,4.7484,0.73959,22-7.0237i
457,4.7317,0.72622,21.861-6.8725i
458,4.715,0.71284,21.723-6.7221i
459,4.6983,0.69947,21.585-6.5727i
460,4.6848,0.68824,21.474-6.4485i
461,4.6724,0.67776,21.372-6.3335i
462,4.66,0.66728,21.27-6.219i
463,4.6475,0.6568,21.168-6.105i
464,4.6351,0.64632,21.067-5.9915i
465,4.6227,0.63584,20.965-5.8786i
466,4.6103,0.62536,20.864-5.7662i
467,4.5979,0.61488,20.762-5.6543i
468,4.5856,0.60463,20.662-5.5452i
469,4.5751,0.59728,20.575-5.4652i
470,4.5646,0.58992,20.488-5.3855i
471,4.5541,0.58257,20.401-5.3062i
472,4.5436,0.57521,20.314-5.2271i
473,4.5331,0.56786,20.227-5.1484i
474,4.5227,0.5605,20.14-5.0699i
475,4.5122,0.55315,20.054-4.9918i
476,4.5017,0.54579,19.967-4.9139i
477,4.4913,0.53855,19.882-4.8376i
478,4.4823,0.53273,19.807-4.7757i
479,4.4733,0.52691,19.733-4.7141i
480,4.4643,0.52109,19.659-4.6526i
481,4.4553,0.51527,19.584-4.5914i
482,4.4463,0.50945,19.51-4.5304i
483,4.4373,0.50362,19.436-4.4695i
484,4.4283,0.4978,19.362-4.4089i
485,4.4193,0.49198,19.289-4.3485i
486,4.4104,0.48616,19.215-4.2883i
487,4.4023,0.48131,19.148-4.2377i
488,4.3946,0.47683,19.085-4.1909i
489,4.3869,0.47235,19.022-4.1443i
490,4.3792,0.46788,18.958-4.0979i
491,4.3715,0.4634,18.895-4.0515i
492,4.3638,0.45892,18.832-4.0053i
493,4.3561,0.45444,18.769-3.9592i
494,4.3484,0.44996,18.706-3.9132i
495,4.3407,0.44548,18.643-3.8674i
496,4.333,0.441,18.58-3.8217i
497,4.3263,0.43725,18.526-3.7834i
498,4.3197,0.4335,18.472-3.7452i
499,4.313,0.42976,18.418-3.7071i
500,4.3064,0.42601,18.363-3.6691i
501,4.2997,0.42226,18.309-3.6312i
502,4.2931,0.41851,18.255-3.5934i
503,4.2864,0.41477,18.201-3.5557i
504,4.2797,0.41102,18.147-3.5181i
505,4.2731,0.40727,18.094-3.4806i
506,4.2664,0.40352,18.04-3.4432i
507,4.2606,0.40039,17.992-3.4118i
508,4.2548,0.39735,17.946-3.3813i
509,4.2491,0.39431,17.899-3.3509i
510,4.2433,0.39127,17.853-3.3206i
511,4.2376,0.38823,17.806-3.2903i
512,4.2318,0.38519,17.76-3.2601i
513,4.2261,0.38215,17.714-3.23i
514,4.2203,0.37911,17.667-3.1999i
515,4.2146,0.37607,17.621-3.17i
516,4.2088,0.37303,17.575-3.14i
517,4.2033,0.37018,17.531-3.112i
518,4.1983,0.36771,17.491-3.0875i
519,4.1933,0.36524,17.45-3.0631i
520,4.1883,0.36277,17.41-3.0388i
521,4.1833,0.36031,17.37-3.0146i
522,4.1783,0.35784,17.33-2.9903i
523,4.1733,0.35537,17.29-2.9661i
524,4.1683,0.3529,17.25-2.942i
525,4.1633,0.35044,17.21-2.9179i
526,4.1582,0.34797,17.17-2.8939i
527,4.1532,0.3455,17.13-2.8699i
528,4.1485,0.34317,17.092-2.8472i
529,4.1441,0.34109,17.057-2.827i
530,4.1398,0.339,17.023-2.8068i
531,4.1354,0.33692,16.988-2.7866i
532,4.131,0.33484,16.953-2.7665i
533,4.1267,0.33276,16.919-2.7464i
534,4.1223,0.33068,16.884-2.7263i
535,4.118,0.3286,16.85-2.7063i
536,4.1136,0.32652,16.815-2.6864i
537,4.1093,0.32443,16.781-2.6663i
538,4.1049,0.32235,16.746-2.6464i
539,4.1006,0.32027,16.712-2.6266i
540,4.0967,0.31834,16.682-2.6083i
541,4.0929,0.31642,16.652-2.5902i
542,4.0891,0.31451,16.622-2.5721i
543,4.0853,0.31259,16.592-2.554i
544,4.0815,0.31068,16.562-2.5361i
545,4.0777,0.30876,16.532-2.5181i
546,4.0739,0.30685,16.503-2.5002i
547,4.0701,0.30493,16.473-2.4822i
548,4.0663,0.30302,16.443-2.4644i
549,4.0625,0.3011,16.413-2.4464i
550,4.0587,0.29919,16.384-2.4287i
551,4.0549,0.29728,16.354-2.4109i
552,4.0515,0.29557,16.328-2.395i
553,4.0482,0.29389,16.302-2.3795i
554,4.0449,0.2922,16.276-2.3639i
555,4.0416,0.29052,16.25-2.3483i
556,4.0383,0.28884,16.224-2.3328i
557,4.035,0.28716,16.199-2.3174i
558,4.0317,0.28548,16.173-2.3019i
559,4.0284,0.2838,16.147-2.2865i
560,4.0251,0.28212,16.121-2.2711i
561,4.0217,0.28043,16.096-2.2556i
562,4.0184,0.27875,16.07-2.2403i
563,4.0151,0.27707,16.044-2.2249i
564,4.0119,0.27547,16.02-2.2103i
565,4.009,0.27403,15.997-2.1972i
566,4.0061,0.27259,15.975-2.1841i
567,4.0032,0.27114,15.952-2.1709i
568,4.0003,0.2697,15.93-2.1578i
569,3.9974,0.26825,15.907-2.1446i
570,3.9945,0.26681,15.885-2.1316i
571,3.9916,0.26536,15.863-2.1184i
572,3.9887,0.26392,15.84-2.1054i
573,3.9858,0.26247,15.818-2.0923i
574,3.9829,0.26103,15.795-2.0793i
575,3.98,0.25958,15.773-2.0663i
576,3.9771,0.25814,15.751-2.0533i
577,3.9743,0.25675,15.729-2.0408i
578,3.9717,0.2555,15.709-2.0296i
579,3.9692,0.25426,15.69-2.0184i
580,3.9667,0.25302,15.67-2.0073i
581,3.9641,0.25177,15.651-1.9961i
582,3.9616,0.25053,15.631-1.985i
583,3.959,0.24929,15.612-1.9739i
584,3.9565,0.24805,15.592-1.9628i
585,3.9539,0.2468,15.573-1.9517i
586,3.9514,0.24556,15.553-1.9406i
587,3.9488,0.24432,15.534-1.9296i
588,3.9463,0.24308,15.514-1.9185i
589,3.9438,0.24183,15.495-1.9074i
590,3.9412,0.24059,15.475-1.8964i
591,3.9388,0.23946,15.457-1.8864i
592,3.9366,0.23844,15.44-1.8773i
593,3.9343,0.23742,15.423-1.8682i
594,3.9321,0.23639,15.405-1.859i
595,3.9299,0.23537,15.388-1.8499i
596,3.9276,0.23434,15.371-1.8408i
597,3.9254,0.23332,15.354-1.8317i
598,3.9231,0.23229,15.337-1.8226i
599,3.9209,0.23127,15.32-1.8136i
600,3.9186,0.23025,15.303-1.8045i
601,3.9164,0.22922,15.286-1.7954i
602,3.9141,0.2282,15.268-1.7864i
603,3.9119,0.22717,15.251-1.7773i
604,3.9097,0.22615,15.234-1.7683i
605,3.9074,0.22514,15.217-1.7594i
606,3.9055,0.22419,15.203-1.7511i
607,3.9035,0.22325,15.188-1.7429i
608,3.9016,0.22231,15.173-1.7347i
609,3.8996,0.22137,15.158-1.7265i
610,3.8976,0.22042,15.143-1.7182i
611,3.8957,0.21948,15.128-1.71i
612,3.8937,0.21854,15.113-1.7019i
613,3.8917,0.2176,15.098-1.6937i
614,3.8898,0.21665,15.083-1.6854i
615,3.8878,0.21571,15.069-1.6773i
616,3.8859,0.21477,15.054-1.6691i
617,3.8839,0.21383,15.039-1.661i
618,3.8819,0.21288,15.024-1.6528i
619,3.88,0.21194,15.009-1.6446i
620,3.878,0.211,14.994-1.6365i
621,3.8763,0.20999,14.981-1.628i
622,3.8746,0.20898,14.969-1.6194i
623,3.8729,0.20797,14.956-1.6109i
624,3.8711,0.20696,14.943-1.6023i
625,3.8694,0.20595,14.93-1.5938i
626,3.8677,0.20494,14.917-1.5853i
627,3.866,0.20393,14.904-1.5768i
628,3.8643,0.20292,14.891-1.5683i
629,3.8625,0.20191,14.878-1.5598i
630,3.8608,0.2009,14.866-1.5513i
631,3.8591,0.19989,14.853-1.5428i
632,3.8574,0.19888,14.84-1.5343i
633,3.8557,0.19787,14.827-1.5258i
634,3.854,0.19686,14.814-1.5174i
635,3.8522,0.19584,14.801-1.5088i
636,3.8505,0.19484,14.789-1.5005i
637,3.8491,0.19389,14.778-1.4926i
638,3.8476,0.19294,14.767-1.4847i
639,3.8461,0.19198,14.756-1.4768i
640,3.8446,0.19103,14.745-1.4689i
641,3.8432,0.19008,14.734-1.461i
642,3.8417,0.18913,14.723-1.4532i
643,3.8402,0.18817,14.712-1.4452i
644,3.8387,0.18722,14.701-1.4374i
645,3.8373,0.18627,14.69-1.4295i
646,3.8358,0.18532,14.679-1.4217i
647,3.8343,0.18436,14.668-1.4138i
648,3.8328,0.18341,14.657-1.406i
649,3.8314,0.18246,14.646-1.3981i
650,3.8299,0.18151,14.635-1.3903i
651,3.8284,0.18055,14.624-1.3824i
652,3.8269,0.1796,14.613-1.3746i
653,3.8256,0.17872,14.603-1.3674i
654,3.8244,0.17795,14.594-1.3611i
655,3.8232,0.17718,14.585-1.3548i
656,3.822,0.17641,14.576-1.3485i
657,3.8208,0.17564,14.568-1.3422i
658,3.8196,0.17487,14.559-1.3359i
659,3.8184,0.1741,14.55-1.3296i
660,3.8172,0.17333,14.541-1.3233i
661,3.816,0.17257,14.532-1.3171i
662,3.8148,0.1718,14.523-1.3108i
663,3.8136,0.17103,14.514-1.3045i
664,3.8124,0.17026,14.506-1.2982i
665,3.8112,0.16949,14.497-1.2919i
666,3.81,0.16872,14.488-1.2857i
667,3.8088,0.16795,14.479-1.2794i
668,3.8077,0.16718,14.47-1.2731i
669,3.8064,0.16641,14.461-1.2669i
670,3.8053,0.16565,14.453-1.2607i
671,3.8042,0.16487,14.444-1.2544i
672,3.8031,0.1641,14.437-1.2482i
673,3.802,0.16332,14.429-1.2419i
674,3.8009,0.16255,14.421-1.2357i
675,3.7999,0.16177,14.413-1.2294i
676,3.7988,0.16099,14.405-1.2231i
677,3.7977,0.16022,14.397-1.2169i
678,3.7967,0.15944,14.389-1.2107i
679,3.7956,0.15867,14.381-1.2045i
680,3.7945,0.15789,14.373-1.1982i
681,3.7934,0.15712,14.366-1.1921i
682,3.7924,0.15634,14.358-1.1858i
683,3.7913,0.15557,14.35-1.1796i
684,3.7902,0.15479,14.342-1.1734i
685,3.7892,0.15402,14.334-1.1672i
686,3.7881,0.15324,14.326-1.161i
687,3.787,0.15246,14.318-1.1547i
688,3.786,0.15169,14.31-1.1486i
689,3.7849,0.15089,14.303-1.1422i
690,3.7838,0.14987,14.295-1.1342i
691,3.7827,0.14886,14.287-1.1262i
692,3.7816,0.14785,14.279-1.1182i
693,3.7805,0.14684,14.271-1.1103i
694,3.7794,0.14582,14.263-1.1022i
695,3.7783,0.14481,14.255-1.0943i
696,3.7772,0.1438,14.247-1.0863i
697,3.7762,0.14278,14.239-1.0783i
698,3.7751,0.14177,14.231-1.0704i
699,3.774,0.14076,14.223-1.0625i
700,3.7729,0.13975,14.215-1.0545i
701,3.7718,0.13873,14.207-1.0465i
702,3.7707,0.13772,14.199-1.0386i
703,3.7696,0.13671,14.191-1.0307i
704,3.7685,0.13569,14.183-1.0227i
705,3.7675,0.13468,14.176-1.0148i
706,3.7664,0.13367,14.168-1.0069i
707,3.7653,0.13265,14.16-0.99893i
708,3.7642,0.13164,14.152-0.99103i
709,3.7631,0.13067,14.144-0.98345i
710,3.7621,0.12976,14.136-0.97634i
711,3.7611,0.12884,14.129-0.96915i
712,3.76,0.12793,14.121-0.96204i
713,3.759,0.12701,14.114-0.95486i
714,3.758,0.1261,14.106-0.94775i
715,3.7569,0.12518,14.099-0.94058i
716,3.7559,0.12427,14.091-0.93349i
717,3.7548,0.12335,14.084-0.92632i
718,3.7538,0.12244,14.076-0.91923i
719,3.7528,0.12152,14.069-0.91207i
720,3.7517,0.12061,14.061-0.90499i
721,3.7507,0.11969,14.053-0.89784i
722,3.7497,0.11878,14.046-0.89077i
723,3.7486,0.11786,14.038-0.88363i
724,3.7476,0.11695,14.031-0.87656i
725,3.7466,0.11604,14.023-0.8695i
726,3.7455,0.11512,14.016-0.86237i
727,3.7445,0.11421,14.008-0.85532i
728,3.7435,0.11329,14.001-0.84819i
729,3.7424,0.11238,13.993-0.84115i
730,3.7414,0.11167,13.986-0.83561i
731,3.7405,0.11112,13.979-0.83128i
732,3.7395,0.11057,13.971-0.82695i
733,3.7385,0.11001,13.964-0.82254i
734,3.7375,0.10946,13.957-0.81822i
735,3.7365,0.1089,13.95-0.81382i
736,3.7356,0.10835,13.943-0.8095i
737,3.7346,0.10779,13.936-0.80511i
738,3.7336,0.10724,13.928-0.80079i
739,3.7327,0.10669,13.921-0.79647i
740,3.7317,0.10613,13.914-0.79208i
741,3.7307,0.10558,13.907-0.78777i
742,3.7297,0.10502,13.9-0.78339i
743,3.7287,0.10447,13.893-0.77908i
744,3.7278,0.10391,13.885-0.77471i
745,3.7268,0.10336,13.878-0.7704i
746,3.7258,0.10281,13.871-0.7661i
747,3.7248,0.10225,13.864-0.76173i
748,3.7239,0.1017,13.857-0.75744i
749,3.7229,0.10114,13.85-0.75307i
750,3.7219,0.10059,13.843-0.74878i
751,3.7209,0.10004,13.835-0.74449i
752,3.72,0.09957,13.829-0.7408i
753,3.7191,0.0992,13.822-0.73788i
754,3.7183,0.09882,13.816-0.73488i
755,3.7174,0.09845,13.809-0.73196i
756,3.7165,0.09808,13.803-0.72904i
757,3.7157,0.09771,13.797-0.72611i
758,3.7148,0.09733,13.79-0.72312i
759,3.7139,0.09696,13.784-0.7202i
760,3.713,0.09659,13.777-0.71729i
761,3.7122,0.09622,13.771-0.71437i
762,3.7113,0.09584,13.765-0.71138i
763,3.7104,0.09547,13.758-0.70847i
764,3.7096,0.0951,13.752-0.70556i
765,3.7087,0.09473,13.745-0.70265i
766,3.7078,0.09435,13.739-0.69967i
767,3.707,0.09398,13.733-0.69676i
768,3.7061,0.09361,13.726-0.69385i
769,3.7052,0.09324,13.72-0.69095i
770,3.7043,0.09286,13.714-0.68797i
771,3.7035,0.09249,13.707-0.68507i
772,3.7026,0.09212,13.701-0.68217i
773,3.7017,0.09175,13.694-0.67927i
774,3.7009,0.09137,13.688-0.6763i
775,3.7,0.091,13.682-0.6734i
776,3.6993,0.09092,13.677-0.67269i
777,3.6987,0.09085,13.672-0.67205i
778,3.698,0.09077,13.667-0.67134i
779,3.6974,0.09069,13.662-0.67063i
780,3.6967,0.09062,13.658-0.66999i
781,3.6961,0.09054,13.653-0.66928i
782,3.6954,0.09046,13.648-0.66857i
783,3.6948,0.09039,13.643-0.66794i
784,3.6941,0.09031,13.638-0.66723i
785,3.6934,0.09023,13.633-0.66652i
786,3.6928,0.09016,13.629-0.66588i
787,3.6921,0.09008,13.624-0.66518i
788,3.6915,0.09,13.619-0.66447i
789,3.6908,0.08993,13.614-0.66383i
790,3.6902,0.08985,13.609-0.66313i
791,3.6895,0.08977,13.604-0.66242i
792,3.6889,0.0897,13.6-0.66178i
793,3.6882,0.08962,13.595-0.66107i
794,3.6875,0.08954,13.59-0.66037i
795,3.6869,0.08947,13.585-0.65973i
796,3.6862,0.08939,13.58-0.65903i
797,3.6856,0.08931,13.576-0.65832i
798,3.6849,0.08924,13.571-0.65769i
799,3.6843,0.08916,13.566-0.65698i
800,3.6836,0.08908,13.561-0.65627i
801,3.683,0.08874,13.556-0.65365i
802,3.6823,0.0884,13.552-0.65103i
803,3.6816,0.08806,13.547-0.64841i
804,3.681,0.08772,13.542-0.64579i
805,3.6803,0.08738,13.537-0.64317i
806,3.6797,0.08704,13.532-0.64056i
807,3.679,0.0867,13.528-0.63794i
808,3.6783,0.08636,13.523-0.63532i
809,3.6777,0.08602,13.518-0.63271i
810,3.677,0.08568,13.513-0.63009i
811,3.6763,0.08534,13.508-0.62748i
812,3.6757,0.085,13.503-0.62487i
813,3.675,0.08465,13.499-0.62218i
814,3.6744,0.08431,13.494-0.61957i
815,3.6737,0.08397,13.489-0.61696i
816,3.673,0.08363,13.484-0.61435i
817,3.6724,0.08329,13.48-0.61175i
818,3.6717,0.08295,13.475-0.60914i
819,3.6711,0.08261,13.47-0.60653i
820,3.6704,0.08227,13.465-0.60393i
821,3.6698,0.08193,13.46-0.60133i
822,3.6691,0.08159,13.455-0.59872i
823,3.6684,0.08125,13.451-0.59612i
824,3.6678,0.08091,13.446-0.59352i
825,3.6671,0.08057,13.441-0.59092i
826,3.6664,0.08023,13.436-0.58832i
827,3.6657,0.07954,13.431-0.58314i
828,3.6649,0.07814,13.425-0.57275i
829,3.6641,0.07675,13.42-0.56244i
830,3.6633,0.07535,13.414-0.55205i
831,3.6624,0.07396,13.408-0.54175i
832,3.6616,0.07257,13.402-0.53145i
833,3.6608,0.07117,13.396-0.52108i
834,3.66,0.06978,13.391-0.51079i
835,3.6591,0.06838,13.385-0.50043i
836,3.6583,0.06699,13.379-0.49014i
837,3.6575,0.0656,13.373-0.47987i
838,3.6567,0.0642,13.367-0.46952i
839,3.6559,0.06281,13.361-0.45925i
840,3.655,0.06141,13.356-0.44891i
841,3.6542,0.06002,13.35-0.43865i
842,3.6534,0.05863,13.344-0.4284i
843,3.6526,0.05723,13.338-0.41807i
844,3.6518,0.05584,13.332-0.40783i
845,3.6509,0.05444,13.326-0.39751i
846,3.6501,0.05305,13.32-0.38728i
847,3.6493,0.05166,13.315-0.37704i
848,3.6485,0.05026,13.309-0.36674i
849,3.6477,0.04887,13.303-0.35652i
850,3.6468,0.04747,13.297-0.34623i
851,3.646,0.04608,13.291-0.33602i
852,3.6452,0.04469,13.285-0.32581i
853,3.6444,0.04329,13.279-0.31553i
854,3.6435,0.0419,13.274-0.30533i
855,3.6427,0.0405,13.268-0.29506i
856,3.6418,0.03922,13.261-0.28566i
857,3.6409,0.03795,13.254-0.27634i
858,3.6399,0.03669,13.248-0.2671i
859,3.639,0.03543,13.241-0.25786i
860,3.6381,0.03417,13.234-0.24863i
861,3.6371,0.0329,13.228-0.23932i
862,3.6362,0.03164,13.221-0.2301i
863,3.6353,0.03038,13.214-0.22088i
864,3.6343,0.02911,13.207-0.21159i
865,3.6334,0.02785,13.201-0.20238i
866,3.6324,0.02659,13.194-0.19317i
867,3.6315,0.02533,13.187-0.18397i
868,3.6306,0.02406,13.18-0.1747i
869,3.6296,0.0228,13.174-0.16551i
870,3.6287,0.02154,13.167-0.15632i
871,3.6278,0.02027,13.16-0.14707i
872,3.6268,0.01901,13.154-0.13789i
873,3.6259,0.01775,13.147-0.12872i
874,3.625,0.01648,13.14-0.11948i
875,3.624,0.01522,13.133-0.11032i
876,3.6231,0.01396,13.127-0.10116i
877,3.6221,0.0127,13.12-0.092003i
878,3.6212,0.01143,13.113-0.082781i
879,3.6203,0.01017,13.106-0.073636i
880,3.6193,0.00891,13.1-0.064497i
881,3.6184,0.00764,13.093-0.055289i
882,3.6175,0.00638,13.086-0.046159i
883,3.6165,0.00512,13.079-0.037033i
884,3.6156,0.00386,13.073-0.027912i
885,3.6147,0.00259,13.066-0.018724i
886,3.6137,0.00171,13.059-0.012359i
887,3.6125,0.00178,13.05-0.012861i
888,3.6114,0.0012,13.042-0.0086673i
889,3.6102,0.001,13.034-0.0072204i
890,3.609,0.0005,13.025-0.003609i
891,3.6079,0,13.017
892,3.6067,0,13.009
893,3.6056,0,13
894,3.6044,0,12.992
895,3.6033,0,12.983
896,3.6021,0,12.975
897,3.601,0,12.967
898,3.5998,0,12.959
899,3.5986,0,12.95
900,3.5975,0,12.942
901,3.5963,0,12.934
902,3.5952,0,12.925
903,3.594,0,12.917
904,3.5929,0,12.909
905,3.5917,0,12.9
906,3.5905,0,12.892
907,3.5894,0,12.884
908,3.5882,0,12.875
909,3.5871,0,12.867
910,3.5859,0,12.859
911,3.5848,0,12.851
912,3.5836,0,12.842
913,3.5825,0,12.834
914,3.5813,0,12.826
915,3.5801,0,12.817
916,3.579,0,12.809
917,3.5778,0,12.801
918,3.5767,0,12.793
919,3.5756,0,12.785
920,3.5745,0,12.777
921,3.5735,0,12.77
922,3.5724,0,12.762
923,3.5713,0,12.755
924,3.5703,0,12.747
925,3.5692,0,12.739
926,3.5682,0,12.732
927,3.5671,0,12.724
928,3.5661,0,12.717
929,3.565,0,12.709
930,3.564,0,12.702
931,3.5629,0,12.694
932,3.5619,0,12.687
933,3.5608,0,12.679
934,3.5597,0,12.672
935,3.5587,0,12.664
936,3.5576,0,12.657
937,3.5566,0,12.649
938,3.5555,0,12.642
939,3.5545,0,12.634
940,3.5534,0,12.627
941,3.5524,0,12.619
942,3.5513,0,12.612
943,3.5502,0,12.604
944,3.5492,0,12.597
945,3.5481,0,12.589
946,3.5471,0,12.582
947,3.546,0,12.574
948,3.545,0,12.567
949,3.5439,0,12.559
950,3.5429,0,12.552
951,3.5418,0,12.544
952,3.5408,0,12.537
953,3.5397,0,12.529
954,3.5387,0,12.522
955,3.538,0,12.518
956,3.5373,0,12.513
957,3.5367,0,12.508
958,3.536,0,12.503
959,3.5353,0,12.498
960,3.5346,0,12.494
961,3.534,0,12.489
962,3.5333,0,12.484
963,3.5326,0,12.479
964,3.5319,0,12.475
965,3.5313,0,12.47
966,3.5306,0,12.465
967,3.5299,0,12.46
968,3.5292,0,12.456
969,3.5286,0,12.451
970,3.5279,0,12.446
971,3.5272,0,12.441
972,3.5265,0,12.436
973,3.5259,0,12.432
974,3.5252,0,12.427
975,3.5245,0,12.422
976,3.5238,0,12.417
977,3.5232,0,12.413
978,3.5225,0,12.408
979,3.5218,0,12.403
980,3.5211,0,12.398
981,3.5205,0,12.394
982,3.5198,0,12.389
983,3.5191,0,12.384
984,3.5184,0,12.379
985,3.5178,0,12.375
986,3.5171,0,12.37
987,3.5164,0,12.365
988,3.5157,0,12.36
989,3.5151,0,12.356
990,3.5144,0,12.351
991,3.5137,0,12.346
992,3.513,0,12.341
993,3.5125,0,12.338
994,3.512,0,12.334
995,3.5115,0,12.331
996,3.511,0,12.327
997,3.5105,0,12.324
998,3.51,0,12.32
999,3.5095,0,12.316
1000,3.509,0,12.313
1001,3.5085,0,12.309
1002,3.508,0,12.306
1003,3.5074,0,12.302
1004,3.5069,0,12.299
1005,3.5064,0,12.295
1006,3.5059,0,12.291
1007,3.5054,0,12.288
1008,3.5049,0,12.284
1009,3.5044,0,12.281
1010,3.5039,0,12.277
1011,3.5034,0,12.274
1012,3.5029,0,12.27
1013,3.5023,0,12.266
1014,3.5018,0,12.263
1015,3.5013,0,12.259
1016,3.5008,0,12.256
1017,3.5003,0,12.252
1018,3.4998,0,12.249
1019,3.4993,0,12.245
1020,3.4988,0,12.242
1021,3.4983,0,12.238
1022,3.4978,0,12.234
1023,3.4973,0,12.231
1024,3.4968,0,12.227
1025,3.4962,0,12.224
1026,3.4957,0,12.22
1027,3.4952,0,12.217
1028,3.4947,0,12.213
1029,3.4942,0,12.21
1030,3.4937,0,12.206
1031,3.4932,0,12.202
1032,3.4927,0,12.199
1033,3.4922,0,12.195
1034,3.4917,0,12.192
1035,3.4913,0,12.189
1036,3.4908,0,12.186
1037,3.4904,0,12.183
1038,3.49,0,12.18
1039,3.4895,0,12.177
1040,3.4891,0,12.174
1041,3.4886,0,12.171
1042,3.4882,0,12.168
1043,3.4878,0,12.165
1044,3.4873,0,12.161
1045,3.4869,0,12.158
1046,3.4865,0,12.155
1047,3.486,0,12.152
1048,3.4856,0,12.149
1049,3.4851,0,12.146
1050,3.4847,0,12.143
1051,3.4843,0,12.14
1052,3.4838,0,12.137
1053,3.4834,0,12.134
1054,3.483,0,12.131
1055,3.4825,0,12.128
1056,3.4821,0,12.125
1057,3.4816,0,12.122
1058,3.4812,0,12.119
1059,3.4808,0,12.116
1060,3.4803,0,12.113
1061,3.4799,0,12.11
1062,3.4794,0,12.107
1063,3.479,0,12.104
1064,3.4786,0,12.101
1065,3.4781,0,12.097
1066,3.4777,0,12.094
1067,3.4773,0,12.091
1068,3.4768,0,12.088
1069,3.4764,0,12.085
1070,3.476,0,12.082
1071,3.4755,0,12.079
1072,3.4751,0,12.076
1073,3.4746,0,12.073
1074,3.4742,0,12.07
1075,3.4738,0,12.067
1076,3.4733,0,12.064
1077,3.4729,0,12.061
1078,3.4724,0,12.058
1079,3.4721,0,12.055
1080,3.4717,0,12.053
1081,3.4714,0,12.05
1082,3.471,0,12.048
1083,3.4706,0,12.045
1084,3.4703,0,12.043
1085,3.4699,0,12.04
1086,3.4695,0,12.038
1087,3.4692,0,12.035
1088,3.4688,0,12.033
1089,3.4684,0,12.03
1090,3.4681,0,12.028
1091,3.4677,0,12.025
1092,3.4674,0,12.023
1093,3.467,0,12.02
1094,3.4666,0,12.018
1095,3.4663,0,12.015
1096,3.4659,0,12.013
1097,3.4656,0,12.01
1098,3.4652,0,12.008
1099,3.4648,0,12.005
1100,3.4645,0,12.003
1101,3.4641,0,12
1102,3.4638,0,11.998
1103,3.4634,0,11.995
1104,3.463,0,11.993
1105,3.4627,0,11.99
1106,3.4623,0,11.988
1107,3.4619,0,11.985
1108,3.4616,0,11.983
1109,3.4612,0,11.98
1110,3.4609,0,11.977
1111,3.4605,0,11.975
1112,3.4601,0,11.972
1113,3.4598,0,11.97
1114,3.4594,0,11.967
1115,3.459,0,11.965
1116,3.4587,0,11.962
1117,3.4583,0,11.96
1118,3.458,0,11.957
1119,3.4576,0,11.955
1120,3.4572,0,11.952
1121,3.4569,0,11.95
1122,3.4565,0,11.947
1123,3.4562,0,11.945
1124,3.4558,0,11.942
1125,3.4554,0,11.94
1126,3.4551,0,11.937
1127,3.4547,0,11.935
1128,3.4544,0,11.933
1129,3.4541,0,11.931
1130,3.4538,0,11.929
1131,3.4535,0,11.926
1132,3.4532,0,11.924
1133,3.4529,0,11.922
1134,3.4526,0,11.92
1135,3.4522,0,11.918
1136,3.4519,0,11.916
1137,3.4516,0,11.914
1138,3.4513,0,11.912
1139,3.451,0,11.91
1140,3.4507,0,11.907
1141,3.4504,0,11.905
1142,3.4501,0,11.903
1143,3.4498,0,11.901
1144,3.4495,0,11.899
1145,3.4492,0,11.897
1146,3.4489,0,11.895
1147,3.4486,0,11.893
1148,3.4483,0,11.891
1149,3.448,0,11.888
1150,3.4477,0,11.886
1151,3.4474,0,11.884
1152,3.4471,0,11.882
1153,3.4468,0,11.88
1154,3.4465,0,11.878
1155,3.4461,0,11.876
1156,3.4458,0,11.874
1157,3.4455,0,11.872
