300,1.5258,1.8878,-1.236-5.7608i
301,1.53,1.889,-1.2276-5.7805i
302,1.53,1.8894,-1.2291-5.7817i
303,1.53,1.8899,-1.2307-5.783i
304,1.53,1.8903,-1.2322-5.7842i
305,1.53,1.8907,-1.2337-5.7855i
306,1.53,1.8911,-1.2353-5.7867i
307,1.53,1.8915,-1.2368-5.788i
308,1.53,1.8919,-1.2384-5.7892i
309,1.53,1.8923,-1.2399-5.7905i
310,1.53,1.8927,-1.2415-5.7917i
311,1.5303,1.8932,-1.2422-5.7942i
312,1.5313,1.8937,-1.241-5.7997i
313,1.5324,1.8942,-1.2398-5.8052i
314,1.5334,1.8947,-1.2386-5.8107i
315,1.5344,1.8952,-1.2374-5.8162i
316,1.5355,1.8957,-1.2362-5.8217i
317,1.5365,1.8962,-1.2349-5.8271i
318,1.5375,1.8968,-1.2337-5.8326i
319,1.5386,1.8973,-1.2325-5.8381i
320,1.5396,1.8978,-1.2313-5.8436i
321,1.5368,1.8972,-1.2377-5.831i
322,1.5314,1.8958,-1.2492-5.8064i
323,1.5259,1.8945,-1.2606-5.7818i
324,1.5205,1.8931,-1.2719-5.7572i
325,1.5151,1.8918,-1.2832-5.7326i
326,1.5097,1.8904,-1.2945-5.7081i
327,1.5043,1.8891,-1.3056-5.6836i
328,1.4989,1.8877,-1.3168-5.6591i
329,1.4935,1.8864,-1.3278-5.6347i
330,1.4881,1.885,-1.3389-5.6102i
331,1.4827,1.8837,-1.3498-5.5859i
332,1.48,1.8825,-1.3532-5.5721i
333,1.48,1.8814,-1.3491-5.5688i
334,1.48,1.8803,-1.345-5.5656i
335,1.48,1.8792,-1.3409-5.5624i
336,1.48,1.8781,-1.3368-5.5591i
337,1.48,1.877,-1.3327-5.5559i
338,1.48,1.8759,-1.3286-5.5527i
339,1.48,1.8748,-1.3245-5.5495i
340,1.48,1.8737,-1.3205-5.5462i
341,1.48,1.8726,-1.3164-5.543i
342,1.48,1.8715,-1.3123-5.5398i
343,1.4809,1.8708,-1.3069-5.5407i
344,1.4826,1.8704,-1.3002-5.5459i
345,1.4843,1.8699,-1.2936-5.551i
346,1.486,1.8695,-1.2869-5.5561i
347,1.4877,1.8691,-1.2802-5.5612i
348,1.4894,1.8686,-1.2735-5.5663i
349,1.4911,1.8682,-1.2668-5.5715i
350,1.4928,1.8678,-1.2601-5.5766i
351,1.4945,1.8674,-1.2534-5.5817i
352,1.4962,1.8669,-1.2467-5.5868i
353,1.4979,1.8665,-1.24-5.5919i
354,1.4997,1.8661,-1.2333-5.597i
355,1.4988,1.8677,-1.2418-5.5987i
356,1.4974,1.8698,-1.2541-5.5996i
357,1.4959,1.8719,-1.2664-5.6005i
358,1.4945,1.874,-1.2787-5.6013i
359,1.493,1.8762,-1.291-5.6022i
360,1.4915,1.8783,-1.3033-5.603i
361,1.4901,1.8804,-1.3156-5.6038i
362,1.4886,1.8825,-1.3279-5.6047i
363,1.4872,1.8846,-1.3402-5.6055i
364,1.4857,1.8867,-1.3525-5.6062i
365,1.4842,1.8889,-1.3648-5.607i
366,1.4828,1.891,-1.3772-5.6078i
367,1.4813,1.8931,-1.3895-5.6085i
368,1.4799,1.8953,-1.4021-5.6095i
369,1.4784,1.8981,-1.4171-5.6122i
370,1.4769,1.9009,-1.432-5.6148i
371,1.4754,1.9037,-1.447-5.6175i
372,1.474,1.9065,-1.462-5.6201i
373,1.4725,1.9092,-1.477-5.6227i
374,1.471,1.912,-1.492-5.6253i
375,1.4696,1.9148,-1.507-5.6279i
376,1.4681,1.9176,-1.522-5.6305i
377,1.4666,1.9204,-1.5371-5.6331i
378,1.4651,1.9232,-1.5521-5.6356i
379,1.4637,1.926,-1.5672-5.6381i
380,1.4622,1.9288,-1.5823-5.6406i
381,1.4607,1.9316,-1.5973-5.6431i
382,1.4603,1.9336,-1.6063-5.6473i
383,1.4609,1.9348,-1.6091-5.6532i
384,1.4616,1.936,-1.6119-5.6592i
385,1.4622,1.9372,-1.6146-5.6651i
386,1.4628,1.9384,-1.6174-5.671i
387,1.4635,1.9396,-1.6202-5.677i
388,1.4641,1.9408,-1.623-5.6829i
389,1.4647,1.942,-1.6258-5.6889i
390,1.4653,1.9432,-1.6286-5.6948i
391,1.466,1.9444,-1.6314-5.7007i
392,1.4666,1.9455,-1.6342-5.7067i
393,1.4672,1.9467,-1.637-5.7126i
394,1.4679,1.9479,-1.6398-5.7186i
395,1.4685,1.9491,-1.6427-5.7246i
396,1.4691,1.9503,-1.6455-5.7305i
397,1.4697,1.9515,-1.6483-5.7365i
398,1.4696,1.9522,-1.6514-5.7381i
399,1.469,1.9526,-1.6547-5.7367i
400,1.4684,1.953,-1.658-5.7354i
401,1.4677,1.9534,-1.6614-5.734i
402,1.4671,1.9537,-1.6647-5.7327i
403,1.4665,1.9541,-1.668-5.7313i
404,1.4658,1.9545,-1.6713-5.73i
405,1.4652,1.9549,-1.6746-5.7286i
406,1.4646,1.9552,-1.678-5.7273i
407,1.464,1.9556,-1.6813-5.7259i
408,1.4633,1.956,-1.6846-5.7246i
409,1.4627,1.9564,-1.6879-5.7232i
410,1.4621,1.9568,-1.6912-5.7218i
411,1.4614,1.9571,-1.6945-5.7205i
412,1.4608,1.9575,-1.6979-5.7191i
413,1.4602,1.9579,-1.7012-5.7178i
414,1.4596,1.9576,-1.7018-5.7146i
415,1.459,1.957,-1.7012-5.7106i
416,1.4584,1.9564,-1.7006-5.7066i
417,1.4578,1.9558,-1.7-5.7027i
418,1.4573,1.9553,-1.6994-5.6987i
419,1.4567,1.9547,-1.6989-5.6947i
420,1.4561,1.9541,-1.6983-5.6908i
421,1.4555,1.9535,-1.6977-5.6868i
422,1.4549,1.9529,-1.6971-5.6828i
423,1.4544,1.9524,-1.6965-5.6789i
424,1.4538,1.9518,-1.696-5.6749i
425,1.4532,1.9512,-1.6954-5.671i
426,1.4526,1.9506,-1.6948-5.667i
427,1.452,1.95,-1.6942-5.663i
428,1.4515,1.9495,-1.6937-5.6591i
429,1.4509,1.9489,-1.6931-5.6551i
430,1.4503,1.9483,-1.6925-5.6512i
431,1.4483,1.9472,-1.6939-5.6401i
432,1.4449,1.9455,-1.6974-5.6219i
433,1.4414,1.9438,-1.7008-5.6038i
434,1.438,1.9422,-1.7042-5.5856i
435,1.4346,1.9405,-1.7076-5.5675i
436,1.4311,1.9388,-1.7109-5.5494i
437,1.4277,1.9372,-1.7143-5.5314i
438,1.4243,1.9355,-1.7176-5.5133i
439,1.4208,1.9338,-1.7209-5.4953i
440,1.4174,1.9322,-1.7242-5.4773i
441,1.414,1.9305,-1.7275-5.4593i
442,1.4105,1.9288,-1.7308-5.4414i
443,1.4071,1.9272,-1.734-5.4235i
444,1.4037,1.9255,-1.7372-5.4056i
445,1.4002,1.9238,-1.7404-5.3877i
446,1.3968,1.9222,-1.7436-5.3698i
447,1.3934,1.9205,-1.7468-5.352i
448,1.39,1.9188,-1.75-5.3342i
449,1.3865,1.9172,-1.7531-5.3164i
450,1.3831,1.9155,-1.7562-5.2986i
451,1.3797,1.9137,-1.7587-5.2805i
452,1.3762,1.9105,-1.756-5.2587i
453,1.3728,1.9073,-1.7533-5.2369i
454,1.3694,1.9042,-1.7506-5.2152i
455,1.366,1.901,-1.7478-5.1935i
456,1.3626,1.8978,-1.7451-5.1719i
457,1.3592,1.8947,-1.7424-5.1503i
458,1.3558,1.8915,-1.7397-5.1288i
459,1.3523,1.8883,-1.7369-5.1073i
460,1.3489,1.8851,-1.7342-5.0858i
461,1.3455,1.882,-1.7314-5.0644i
462,1.3421,1.8788,-1.7287-5.0431i
463,1.3387,1.8756,-1.7259-5.0218i
464,1.3353,1.8725,-1.7232-5.0005i
465,1.3319,1.8693,-1.7204-4.9792i
466,1.3284,1.8661,-1.7177-4.9581i
467,1.325,1.863,-1.7149-4.9369i
468,1.3216,1.8598,-1.7121-4.9158i
469,1.3182,1.8566,-1.7094-4.8947i
470,1.3148,1.8534,-1.7066-4.8737i
471,1.3114,1.8503,-1.7038-4.8528i
472,1.3034,1.8486,-1.7185-4.8189i
473,1.2924,1.848,-1.7447-4.7765i
474,1.2813,1.8473,-1.7707-4.7341i
475,1.2703,1.8466,-1.7964-4.6917i
476,1.2593,1.846,-1.8218-4.6493i
477,1.2483,1.8453,-1.8471-4.607i
478,1.2373,1.8447,-1.8721-4.5647i
479,1.2262,1.844,-1.8968-4.5225i
480,1.2152,1.8434,-1.9213-4.4802i
481,1.2042,1.8427,-1.9455-4.438i
482,1.1932,1.8421,-1.9696-4.3959i
483,1.1822,1.8414,-1.9933-4.3537i
484,1.1711,1.8408,-2.0169-4.3116i
485,1.1601,1.8401,-2.0402-4.2695i
486,1.1491,1.8395,-2.0632-4.2275i
487,1.1381,1.8388,-2.086-4.1854i
488,1.1271,1.8382,-2.1086-4.1434i
489,1.116,1.8375,-2.1309-4.1015i
490,1.105,1.8369,-2.153-4.0595i
491,1.094,1.8362,-2.1748-4.0176i
492,1.083,1.8355,-2.1964-3.9757i
493,1.072,1.8349,-2.2177-3.9339i
494,1.0609,1.8342,-2.2388-3.892i
495,1.0499,1.8336,-2.2597-3.8502i
496,1.0383,1.834,-2.2854-3.8085i
497,1.0215,1.8439,-2.3565-3.7672i
498,1.0047,1.8538,-2.4272-3.7252i
499,0.98792,1.8638,-2.4976-3.6825i
500,0.97112,1.8737,-2.5676-3.6391i
501,0.95432,1.8836,-2.6372-3.5951i
502,0.93752,1.8935,-2.7064-3.5504i
503,0.92072,1.9034,-2.7753-3.5051i
504,0.90392,1.9134,-2.8438-3.459i
505,0.88712,1.9233,-2.912-3.4123i
506,0.87032,1.9332,-2.9798-3.365i
507,0.85352,1.9431,-3.0472-3.317i
508,0.83672,1.953,-3.1142-3.2683i
509,0.81992,1.963,-3.1809-3.2189i
510,0.80312,1.9729,-3.2472-3.1689i
511,0.78632,1.9828,-3.3132-3.1182i
512,0.76952,1.9927,-3.3787-3.0669i
513,0.75272,2.0026,-3.4439-3.0148i
514,0.73592,2.0126,-3.5088-2.9622i
515,0.71912,2.0225,-3.5733-2.9088i
516,0.70232,2.0324,-3.6374-2.8548i
517,0.68552,2.0423,-3.7011-2.8001i
518,0.66872,2.0522,-3.7645-2.7447i
519,0.65192,2.0622,-3.8275-2.6887i
520,0.63512,2.0721,-3.8901-2.632i
521,0.61931,2.0824,-3.9526-2.5793i
522,0.61245,2.0959,-4.0175-2.5672i
523,0.6056,2.1094,-4.0826-2.5548i
524,0.59874,2.1229,-4.148-2.5421i
525,0.59188,2.1364,-4.2137-2.5289i
526,0.58502,2.1499,-4.2796-2.5154i
527,0.57816,2.1634,-4.3459-2.5015i
528,0.5713,2.1769,-4.4123-2.4873i
529,0.56444,2.1904,-4.4791-2.4727i
530,0.55758,2.2039,-4.5461-2.4577i
531,0.55072,2.2174,-4.6134-2.4423i
532,0.54386,2.2309,-4.681-2.4266i
533,0.537,2.2444,-4.7488-2.4105i
534,0.53014,2.2579,-4.8169-2.394i
535,0.52329,2.2714,-4.8853-2.3772i
536,0.51643,2.2849,-4.954-2.3599i
537,0.50957,2.2984,-5.0229-2.3424i
538,0.50271,2.3119,-5.0921-2.3244i
539,0.49585,2.3254,-5.1615-2.3061i
540,0.48899,2.3389,-5.2313-2.2874i
541,0.48213,2.3524,-5.3013-2.2683i
542,0.47527,2.3659,-5.3715-2.2489i
543,0.46841,2.3794,-5.4421-2.2291i
544,0.46155,2.3929,-5.5129-2.2089i
545,0.45469,2.4064,-5.584-2.1883i
546,0.44783,2.4199,-5.6553-2.1674i
547,0.44097,2.4334,-5.727-2.1461i
548,0.43412,2.4469,-5.7989-2.1245i
549,0.42833,2.4599,-5.8675-2.1073i
550,0.42415,2.4721,-5.9311-2.097i
551,0.41997,2.4842,-5.995-2.0866i
552,0.41579,2.4964,-6.0592-2.076i
553,0.41161,2.5086,-6.1236-2.0651i
554,0.40743,2.5208,-6.1883-2.0541i
555,0.40325,2.5329,-6.2532-2.0428i
556,0.39907,2.5451,-6.3184-2.0314i
557,0.3949,2.5573,-6.3839-2.0197i
558,0.39072,2.5695,-6.4496-2.0079i
559,0.38654,2.5817,-6.5156-1.9958i
560,0.38236,2.5938,-6.5818-1.9836i
561,0.37818,2.606,-6.6483-1.9711i
562,0.374,2.6182,-6.7151-1.9584i
563,0.36982,2.6304,-6.7821-1.9455i
564,0.36564,2.6426,-6.8494-1.9325i
565,0.36146,2.6547,-6.917-1.9192i
566,0.35728,2.6669,-6.9848-1.9057i
567,0.3531,2.6791,-7.0529-1.892i
568,0.34893,2.6913,-7.1212-1.8781i
569,0.34475,2.7035,-7.1898-1.864i
570,0.34057,2.7156,-7.2587-1.8497i
571,0.33639,2.7278,-7.3278-1.8352i
572,0.33221,2.74,-7.3972-1.8205i
573,0.32803,2.7522,-7.4668-1.8056i
574,0.32385,2.7643,-7.5367-1.7905i
575,0.31967,2.7765,-7.6069-1.7752i
576,0.31549,2.7887,-7.6774-1.7596i
577,0.31131,2.8009,-7.748-1.7439i
578,0.30713,2.8131,-7.819-1.728i
579,0.30296,2.8252,-7.8902-1.7118i
580,0.29878,2.8374,-7.9617-1.6955i
581,0.2946,2.8496,-8.0334-1.679i
582,0.29042,2.8618,-8.1055-1.6622i
583,0.28793,2.8736,-8.1747-1.6548i
584,0.28562,2.8854,-8.2439-1.6483i
585,0.28331,2.8972,-8.3134-1.6416i
586,0.28101,2.909,-8.3831-1.6349i
587,0.2787,2.9208,-8.4531-1.628i
588,0.2764,2.9325,-8.5234-1.6211i
589,0.27409,2.9443,-8.5939-1.614i
590,0.27179,2.9561,-8.6647-1.6069i
591,0.26948,2.9679,-8.7358-1.5996i
592,0.26718,2.9797,-8.8072-1.5922i
593,0.26487,2.9915,-8.8788-1.5847i
594,0.26256,3.0033,-8.9506-1.5771i
595,0.26026,3.015,-9.0228-1.5694i
596,0.25795,3.0268,-9.0952-1.5616i
597,0.25565,3.0386,-9.1679-1.5536i
598,0.25334,3.0504,-9.2408-1.5456i
599,0.25104,3.0622,-9.314-1.5375i
600,0.24873,3.074,-9.3875-1.5292i
601,0.24643,3.0858,-9.4612-1.5208i
602,0.24412,3.0976,-9.5353-1.5124i
603,0.24182,3.1093,-9.6095-1.5038i
604,0.23951,3.1211,-9.6841-1.4951i
605,0.2372,3.1329,-9.7589-1.4863i
606,0.2349,3.1447,-9.834-1.4774i
607,0.23259,3.1565,-9.9093-1.4684i
608,0.23029,3.1683,-9.9849-1.4592i
609,0.22798,3.1801,-10.061-1.45i
610,0.22568,3.1919,-10.137-1.4407i
611,0.22337,3.2036,-10.213-1.4312i
612,0.22107,3.2154,-10.29-1.4216i
613,0.21876,3.2272,-10.367-1.412i
614,0.21646,3.239,-10.444-1.4022i
615,0.21415,3.2508,-10.522-1.3923i
616,0.21184,3.2626,-10.599-1.3823i
617,0.20967,3.274,-10.675-1.3729i
618,0.20803,3.2839,-10.741-1.3663i
619,0.20639,3.2939,-10.807-1.3597i
620,0.20475,3.3039,-10.874-1.353i
621,0.20311,3.3138,-10.94-1.3462i
622,0.20148,3.3238,-11.007-1.3393i
623,0.19984,3.3337,-11.074-1.3324i
624,0.1982,3.3437,-11.141-1.3254i
625,0.19656,3.3536,-11.208-1.3184i
626,0.19492,3.3636,-11.276-1.3112i
627,0.19328,3.3735,-11.343-1.3041i
628,0.19164,3.3835,-11.411-1.2968i
629,0.19,3.3934,-11.479-1.2895i
630,0.18836,3.4034,-11.548-1.2821i
631,0.18672,3.4133,-11.616-1.2747i
632,0.18508,3.4233,-11.685-1.2672i
633,0.18344,3.4332,-11.753-1.2596i
634,0.1818,3.4432,-11.823-1.252i
635,0.18016,3.4531,-11.892-1.2443i
636,0.17852,3.4631,-11.961-1.2365i
637,0.17689,3.4731,-12.031-1.2287i
638,0.17525,3.483,-12.101-1.2208i
639,0.17361,3.493,-12.171-1.2128i
640,0.17197,3.5029,-12.241-1.2048i
641,0.17033,3.5129,-12.311-1.1967i
642,0.16869,3.5228,-12.382-1.1885i
643,0.16705,3.5328,-12.453-1.1803i
644,0.16541,3.5427,-12.524-1.172i
645,0.16377,3.5527,-12.595-1.1636i
646,0.16213,3.5626,-12.666-1.1552i
647,0.16049,3.5726,-12.738-1.1467i
648,0.15885,3.5825,-12.809-1.1382i
649,0.15721,3.5925,-12.881-1.1296i
650,0.15557,3.6024,-12.953-1.1209i
651,0.15393,3.6124,-13.026-1.1121i
652,0.1523,3.6224,-13.098-1.1033i
653,0.15066,3.6323,-13.171-1.0945i
654,0.14902,3.6423,-13.244-1.0855i
655,0.14738,3.6522,-13.317-1.0765i
656,0.14574,3.6622,-13.39-1.0674i
657,0.1441,3.6721,-13.464-1.0583i
658,0.14246,3.6821,-13.537-1.0491i
659,0.14082,3.692,-13.611-1.0398i
660,0.13989,3.7015,-13.682-1.0356i
661,0.13967,3.7105,-13.749-1.0365i
662,0.13944,3.7196,-13.816-1.0373i
663,0.13922,3.7286,-13.883-1.0382i
664,0.139,3.7376,-13.95-1.0391i
665,0.13878,3.7466,-14.018-1.0399i
666,0.13856,3.7556,-14.086-1.0407i
667,0.13833,3.7647,-14.154-1.0416i
668,0.13811,3.7737,-14.222-1.0424i
669,0.13789,3.7827,-14.29-1.0432i
670,0.13767,3.7917,-14.358-1.044i
671,0.13744,3.8008,-14.427-1.0448i
672,0.13722,3.8098,-14.496-1.0456i
673,0.137,3.8188,-14.564-1.0464i
674,0.13678,3.8278,-14.634-1.0471i
675,0.13656,3.8368,-14.703-1.0479i
676,0.13633,3.8459,-14.772-1.0486i
677,0.13611,3.8549,-14.842-1.0494i
678,0.13589,3.8639,-14.911-1.0501i
679,0.13567,3.8729,-14.981-1.0509i
680,0.13544,3.882,-15.051-1.0516i
681,0.13522,3.891,-15.121-1.0523i
682,0.135,3.9,-15.192-1.053i
683,0.13478,3.909,-15.262-1.0537i
684,0.13456,3.918,-15.333-1.0544i
685,0.13433,3.9271,-15.404-1.0551i
686,0.13411,3.9361,-15.475-1.0557i
687,0.13389,3.9451,-15.546-1.0564i
688,0.13367,3.9541,-15.617-1.0571i
689,0.13344,3.9632,-15.689-1.0577i
690,0.13322,3.9722,-15.76-1.0584i
691,0.133,3.9812,-15.832-1.059i
692,0.13278,3.9902,-15.904-1.0596i
693,0.13256,3.9992,-15.976-1.0602i
694,0.13233,4.0083,-16.049-1.0609i
695,0.13211,4.0173,-16.121-1.0615i
696,0.13189,4.0263,-16.194-1.0621i
697,0.13167,4.0353,-16.267-1.0626i
698,0.13144,4.0444,-16.34-1.0632i
699,0.13122,4.0534,-16.413-1.0638i
700,0.131,4.0624,-16.486-1.0643i
701,0.13078,4.0714,-16.559-1.0649i
702,0.13056,4.0804,-16.633-1.0654i
703,0.13033,4.0895,-16.707-1.066i
704,0.13011,4.0985,-16.781-1.0665i
705,0.1301,4.1073,-16.853-1.0687i
706,0.13029,4.1158,-16.923-1.0725i
707,0.13049,4.1243,-16.993-1.0763i
708,0.13068,4.1328,-17.063-1.0802i
709,0.13087,4.1414,-17.134-1.084i
710,0.13107,4.1499,-17.204-1.0878i
711,0.13126,4.1584,-17.275-1.0917i
712,0.13146,4.1669,-17.346-1.0955i
713,0.13165,4.1755,-17.417-1.0994i
714,0.13184,4.184,-17.488-1.1033i
715,0.13204,4.1925,-17.56-1.1071i
716,0.13223,4.201,-17.631-1.111i
717,0.13243,4.2096,-17.703-1.1149i
718,0.13262,4.2181,-17.775-1.1188i
719,0.13282,4.2266,-17.847-1.1227i
720,0.13301,4.2351,-17.919-1.1266i
721,0.1332,4.2437,-17.991-1.1305i
722,0.1334,4.2522,-18.063-1.1345i
723,0.13359,4.2607,-18.136-1.1384i
724,0.13379,4.2692,-18.208-1.1423i
725,0.13398,4.2777,-18.281-1.1463i
726,0.13417,4.2863,-18.354-1.1502i
727,0.13437,4.2948,-18.427-1.1542i
728,0.13456,4.3033,-18.5-1.1581i
729,0.13476,4.3118,-18.574-1.1621i
730,0.13495,4.3204,-18.647-1.1661i
731,0.13515,4.3289,-18.721-1.1701i
732,0.13534,4.3374,-18.795-1.1741i
733,0.13553,4.3459,-18.869-1.178i
734,0.13573,4.3545,-18.943-1.182i
735,0.13592,4.363,-19.017-1.1861i
736,0.13612,4.3715,-19.092-1.1901i
737,0.13631,4.38,-19.166-1.1941i
738,0.1365,4.3886,-19.241-1.1981i
739,0.1367,4.3971,-19.316-1.2022i
740,0.13689,4.4056,-19.391-1.2062i
741,0.13709,4.4141,-19.466-1.2102i
742,0.13728,4.4227,-19.541-1.2143i
743,0.13748,4.4312,-19.616-1.2184i
744,0.13767,4.4397,-19.692-1.2224i
745,0.13786,4.4482,-19.768-1.2265i
746,0.13806,4.4568,-19.844-1.2306i
747,0.13825,4.4653,-19.92-1.2347i
748,0.13845,4.4738,-19.996-1.2388i
749,0.13864,4.4823,-20.072-1.2429i
750,0.13883,4.4909,-20.148-1.247i
751,0.13903,4.4994,-20.225-1.2511i
752,0.13922,4.5079,-20.302-1.2552i
753,0.13942,4.5164,-20.379-1.2593i
754,0.13961,4.525,-20.456-1.2635i
755,0.13981,4.5335,-20.533-1.2676i
756,0.14,4.542,-20.61-1.2718i
757,0.14031,4.5503,-20.686-1.2769i
758,0.14061,4.5586,-20.761-1.282i
759,0.14092,4.5669,-20.837-1.2872i
760,0.14123,4.5752,-20.913-1.2923i
761,0.14154,4.5836,-20.989-1.2975i
762,0.14184,4.5919,-21.065-1.3026i
763,0.14215,4.6002,-21.141-1.3078i
764,0.14246,4.6085,-21.218-1.313i
765,0.14276,4.6168,-21.294-1.3182i
766,0.14307,4.6251,-21.371-1.3234i
767,0.14338,4.6334,-21.448-1.3287i
768,0.14369,4.6417,-21.525-1.3339i
769,0.14399,4.65,-21.602-1.3392i
770,0.1443,4.6583,-21.679-1.3444i
771,0.14461,4.6667,-21.757-1.3497i
772,0.14492,4.675,-21.834-1.3549i
773,0.14522,4.6833,-21.912-1.3602i
774,0.14553,4.6916,-21.99-1.3655i
775,0.14584,4.6999,-22.068-1.3708i
776,0.14614,4.7082,-22.146-1.3762i
777,0.14645,4.7165,-22.224-1.3815i
778,0.14676,4.7248,-22.302-1.3868i
779,0.14707,4.7331,-22.381-1.3922i
780,0.14737,4.7414,-22.46-1.3975i
781,0.14768,4.7498,-22.538-1.4029i
782,0.14799,4.7581,-22.617-1.4083i
783,0.14829,4.7664,-22.696-1.4137i
784,0.1486,4.7747,-22.776-1.4191i
785,0.14891,4.783,-22.855-1.4245i
786,0.14922,4.7913,-22.934-1.4299i
787,0.14952,4.7996,-23.014-1.4353i
788,0.14983,4.8079,-23.094-1.4408i
789,0.15014,4.8162,-23.174-1.4462i
790,0.15045,4.8245,-23.254-1.4517i
791,0.15075,4.8329,-23.334-1.4571i
792,0.15106,4.8412,-23.414-1.4626i
793,0.15137,4.8495,-23.495-1.4681i
794,0.15167,4.8578,-23.575-1.4736i
795,0.15198,4.8661,-23.656-1.4791i
796,0.15229,4.8744,-23.737-1.4846i
797,0.1526,4.8827,-23.818-1.4902i
798,0.1529,4.891,-23.899-1.4957i
799,0.15321,4.8993,-23.98-1.5013i
800,0.15352,4.9077,-24.061-1.5068i
801,0.15382,4.916,-24.143-1.5124i
802,0.15413,4.9243,-24.225-1.518i
803,0.15444,4.9326,-24.307-1.5236i
804,0.15475,4.9409,-24.388-1.5292i
805,0.15505,4.9492,-24.471-1.5348i
806,0.15536,4.9575,-24.553-1.5404i
807,0.15567,4.9658,-24.635-1.546i
808,0.15598,4.9741,-24.718-1.5517i
809,0.15628,4.9824,-24.8-1.5573i
810,0.15659,4.9908,-24.883-1.563i
811,0.1569,4.9991,-24.966-1.5687i
812,0.1572,5.0074,-25.049-1.5744i
813,0.15751,5.0157,-25.132-1.5801i
814,0.15782,5.024,-25.216-1.5858i
815,0.15813,5.0323,-25.299-1.5915i
816,0.15843,5.0406,-25.383-1.5972i
817,0.15874,5.0489,-25.466-1.6029i
818,0.15905,5.0572,-25.55-1.6087i
819,0.15935,5.0655,-25.634-1.6144i
820,0.15966,5.0739,-25.719-1.6202i
821,0.15997,5.0822,-25.803-1.626i
822,0.16013,5.0904,-25.886-1.6302i
823,0.16027,5.0985,-25.969-1.6343i
824,0.16041,5.1067,-26.053-1.6383i
825,0.16055,5.1149,-26.136-1.6424i
826,0.16069,5.1231,-26.22-1.6465i
827,0.16083,5.1313,-26.304-1.6505i
828,0.16097,5.1394,-26.388-1.6546i
829,0.16111,5.1476,-26.472-1.6587i
830,0.16126,5.1558,-26.556-1.6628i
831,0.1614,5.164,-26.641-1.6669i
832,0.16154,5.1722,-26.725-1.671i
833,0.16168,5.1803,-26.81-1.6751i
834,0.16182,5.1885,-26.895-1.6792i
835,0.16196,5.1967,-26.98-1.6833i
836,0.1621,5.2049,-27.065-1.6874i
837,0.16224,5.2131,-27.15-1.6916i
838,0.16238,5.2213,-27.235-1.6957i
839,0.16252,5.2294,-27.321-1.6998i
840,0.16267,5.2376,-27.406-1.704i
841,0.16281,5.2458,-27.492-1.7081i
842,0.16295,5.254,-27.578-1.7122i
843,0.16309,5.2622,-27.664-1.7164i
844,0.16323,5.2703,-27.75-1.7206i
845,0.16337,5.2785,-27.836-1.7247i
846,0.16351,5.2867,-27.922-1.7289i
847,0.16365,5.2949,-28.009-1.733i
848,0.16379,5.3031,-28.096-1.7372i
849,0.16394,5.3112,-28.182-1.7414i
850,0.16408,5.3194,-28.269-1.7456i
851,0.16422,5.3276,-28.356-1.7498i
852,0.16436,5.3358,-28.444-1.754i
853,0.1645,5.344,-28.531-1.7582i
854,0.16464,5.3521,-28.618-1.7624i
855,0.16478,5.3603,-28.706-1.7666i
856,0.16492,5.3685,-28.794-1.7708i
857,0.16506,5.3767,-28.881-1.775i
858,0.1652,5.3849,-28.969-1.7792i
859,0.16535,5.393,-29.058-1.7834i
860,0.16549,5.4012,-29.146-1.7877i
861,0.16563,5.4094,-29.234-1.7919i
862,0.16577,5.4176,-29.323-1.7961i
863,0.16591,5.4258,-29.411-1.8004i
864,0.16605,5.4339,-29.5-1.8046i
865,0.16619,5.4421,-29.589-1.8089i
866,0.16633,5.4503,-29.678-1.8131i
867,0.16647,5.4585,-29.767-1.8174i
868,0.16661,5.4667,-29.857-1.8217i
869,0.16676,5.4748,-29.946-1.8259i
870,0.1669,5.483,-30.036-1.8302i
871,0.16704,5.4912,-30.125-1.8345i
872,0.16718,5.4994,-30.215-1.8388i
873,0.16732,5.5076,-30.305-1.8431i
874,0.16746,5.5158,-30.395-1.8473i
875,0.1676,5.5239,-30.486-1.8516i
876,0.16774,5.5321,-30.576-1.8559i
877,0.16788,5.5403,-30.667-1.8603i
878,0.16803,5.5485,-30.757-1.8646i
879,0.16817,5.5567,-30.848-1.8689i
880,0.16831,5.5648,-30.939-1.8732i
881,0.16845,5.573,-31.03-1.8775i
882,0.16859,5.5812,-31.121-1.8819i
883,0.16873,5.5894,-31.213-1.8862i
884,0.16887,5.5976,-31.304-1.8905i
885,0.16901,5.6057,-31.396-1.8949i
886,0.16915,5.6139,-31.487-1.8992i
887,0.16929,5.6221,-31.579-1.9036i
888,0.16944,5.6303,-31.671-1.9079i
889,0.16958,5.6385,-31.763-1.9123i
890,0.16972,5.6466,-31.856-1.9167i
891,0.16986,5.6548,-31.948-1.921i
892,0.17,5.663,-32.041-1.9254i
893,0.17054,5.6705,-32.125-1.9341i
894,0.17109,5.6779,-32.21-1.9428i
895,0.17163,5.6854,-32.294-1.9516i
896,0.17217,5.6929,-32.379-1.9603i
897,0.17272,5.7003,-32.464-1.9691i
898,0.17326,5.7078,-32.549-1.9779i
899,0.1738,5.7153,-32.634-1.9867i
900,0.17435,5.7227,-32.719-1.9955i
901,0.17489,5.7302,-32.805-2.0043i
902,0.17543,5.7377,-32.89-2.0132i
903,0.17598,5.7451,-32.976-2.022i
904,0.17652,5.7526,-33.061-2.0309i
905,0.17707,5.7601,-33.147-2.0398i
906,0.17761,5.7675,-33.233-2.0487i
907,0.17815,5.775,-33.319-2.0577i
908,0.1787,5.7825,-33.405-2.0666i
909,0.17924,5.7899,-33.491-2.0756i
910,0.17978,5.7974,-33.578-2.0845i
911,0.18033,5.8049,-33.664-2.0935i
912,0.18087,5.8123,-33.751-2.1026i
913,0.18141,5.8198,-33.837-2.1116i
914,0.18196,5.8273,-33.924-2.1206i
915,0.1825,5.8347,-34.011-2.1297i
916,0.18304,5.8422,-34.098-2.1388i
917,0.18359,5.8497,-34.185-2.1479i
918,0.18413,5.8572,-34.272-2.157i
919,0.18467,5.8646,-34.36-2.1661i
920,0.18522,5.8721,-34.447-2.1752i
921,0.18576,5.8796,-34.535-2.1844i
922,0.1863,5.887,-34.622-2.1936i
923,0.18685,5.8945,-34.71-2.2027i
924,0.18739,5.902,-34.798-2.212i
925,0.18793,5.9094,-34.886-2.2212i
926,0.18848,5.9169,-34.974-2.2304i
927,0.18902,5.9244,-35.062-2.2397i
928,0.18957,5.9318,-35.151-2.2489i
929,0.19011,5.9393,-35.239-2.2582i
930,0.19065,5.9468,-35.328-2.2675i
931,0.1912,5.9542,-35.416-2.2768i
932,0.19174,5.9617,-35.505-2.2862i
933,0.19228,5.9692,-35.594-2.2955i
934,0.19283,5.9766,-35.683-2.3049i
935,0.19337,5.9841,-35.772-2.3143i
936,0.19391,5.9916,-35.861-2.3237i
937,0.19446,5.999,-35.951-2.3331i
938,0.195,6.0065,-36.04-2.3425i
939,0.19554,6.014,-36.13-2.352i
940,0.19609,6.0214,-36.219-2.3614i
941,0.19663,6.0289,-36.309-2.3709i
942,0.19717,6.0364,-36.399-2.3804i
943,0.19772,6.0438,-36.489-2.3899i
944,0.19826,6.0513,-36.579-2.3995i
945,0.1988,6.0588,-36.669-2.409i
946,0.19935,6.0662,-36.76-2.4186i
947,0.19989,6.0737,-36.85-2.4282i
948,0.20043,6.0812,-36.941-2.4378i
949,0.20098,6.0886,-37.031-2.4474i
950,0.20152,6.0961,-37.122-2.457i
951,0.20207,6.1036,-37.213-2.4666i
952,0.20261,6.111,-37.304-2.4763i
953,0.20315,6.1185,-37.395-2.486i
954,0.2037,6.126,-37.486-2.4957i
955,0.20424,6.1334,-37.577-2.5054i
956,0.20478,6.1409,-37.669-2.5151i
957,0.20533,6.1484,-37.76-2.5248i
958,0.20587,6.1558,-37.852-2.5346i
959,0.20641,6.1633,-37.944-2.5444i
960,0.20696,6.1708,-38.036-2.5542i
961,0.2075,6.1783,-38.128-2.564i
962,0.20804,6.1857,-38.22-2.5738i
963,0.20859,6.1932,-38.312-2.5836i
964,0.20913,6.2007,-38.404-2.5935i
965,0.20967,6.2081,-38.497-2.6034i
966,0.21022,6.2156,-38.589-2.6132i
967,0.21076,6.2231,-38.682-2.6232i
968,0.2113,6.2305,-38.775-2.6331i
969,0.21185,6.238,-38.868-2.643i
970,0.21239,6.2455,-38.961-2.653i
971,0.21293,6.2529,-39.054-2.6629i
972,0.21348,6.2604,-39.147-2.6729i
973,0.21402,6.2679,-39.24-2.6829i
974,0.21457,6.2753,-39.334-2.6929i
975,0.21511,6.2828,-39.427-2.703i
976,0.21565,6.2903,-39.521-2.713i
977,0.2162,6.2977,-39.615-2.7231i
978,0.21674,6.3052,-39.709-2.7332i
979,0.21728,6.3127,-39.803-2.7433i
980,0.21783,6.3201,-39.897-2.7534i
981,0.21837,6.3276,-39.991-2.7635i
982,0.21891,6.3351,-40.085-2.7737i
983,0.21946,6.3425,-40.18-2.7838i
984,0.22,6.35,-40.274-2.794i
985,0.22048,6.3577,-40.372-2.8035i
986,0.22096,6.3654,-40.469-2.813i
987,0.22144,6.3731,-40.567-2.8225i
988,0.22192,6.3808,-40.665-2.8321i
989,0.2224,6.3885,-40.763-2.8416i
990,0.22288,6.3962,-40.861-2.8512i
991,0.22337,6.4038,-40.959-2.8608i
992,0.22385,6.4115,-41.058-2.8704i
993,0.22433,6.4192,-41.156-2.88i
994,0.22481,6.4269,-41.255-2.8896i
995,0.22529,6.4346,-41.354-2.8993i
996,0.22577,6.4423,-41.452-2.9089i
997,0.22625,6.45,-41.551-2.9186i
998,0.22673,6.4577,-41.65-2.9283i
999,0.22721,6.4654,-41.75-2.938i
1000,0.22769,6.4731,-41.849-2.9477i
1001,0.22817,6.4808,-41.948-2.9575i
1002,0.22865,6.4885,-42.048-2.9672i
1003,0.22913,6.4962,-42.148-2.977i
1004,0.22962,6.5038,-42.247-2.9868i
1005,0.2301,6.5115,-42.347-2.9966i
1006,0.23058,6.5192,-42.447-3.0064i
1007,0.23106,6.5269,-42.547-3.0162i
1008,0.23154,6.5346,-42.648-3.026i
1009,0.23202,6.5423,-42.748-3.0359i
1010,0.2325,6.55,-42.848-3.0457i
1011,0.23298,6.5577,-42.949-3.0556i
1012,0.23346,6.5654,-43.05-3.0655i
1013,0.23394,6.5731,-43.151-3.0754i
1014,0.23442,6.5808,-43.252-3.0854i
1015,0.2349,6.5885,-43.353-3.0953i
1016,0.23538,6.5962,-43.454-3.1053i
1017,0.23587,6.6038,-43.555-3.1152i
1018,0.23635,6.6115,-43.657-3.1252i
1019,0.23683,6.6192,-43.758-3.1352i
1020,0.23731,6.6269,-43.86-3.1452i
1021,0.23779,6.6346,-43.962-3.1553i
1022,0.23827,6.6423,-44.063-3.1653i
1023,0.23875,6.65,-44.165-3.1754i
1024,0.23923,6.6577,-44.268-3.1854i
1025,0.23971,6.6654,-44.37-3.1955i
1026,0.24019,6.6731,-44.472-3.2056i
1027,0.24067,6.6808,-44.575-3.2158i
1028,0.24115,6.6885,-44.677-3.2259i
1029,0.24163,6.6962,-44.78-3.236i
1030,0.24212,6.7038,-44.883-3.2462i
1031,0.2426,6.7115,-44.986-3.2564i
1032,0.24308,6.7192,-45.089-3.2666i
1033,0.24356,6.7269,-45.192-3.2768i
1034,0.24404,6.7346,-45.295-3.287i
1035,0.24452,6.7423,-45.399-3.2972i
1036,0.245,6.75,-45.502-3.3075i
1037,0.24548,6.7577,-45.606-3.3178i
1038,0.24596,6.7654,-45.71-3.328i
1039,0.24644,6.7731,-45.814-3.3383i
1040,0.24692,6.7808,-45.918-3.3487i
1041,0.2474,6.7885,-46.022-3.359i
1042,0.24788,6.7962,-46.126-3.3693i
1043,0.24837,6.8038,-46.231-3.3797i
1044,0.24885,6.8115,-46.335-3.3901i
1045,0.24933,6.8192,-46.44-3.4004i
1046,0.24981,6.8269,-46.544-3.4108i
1047,0.25029,6.8346,-46.649-3.4213i
1048,0.25077,6.8423,-46.754-3.4317i
1049,0.25125,6.85,-46.859-3.4421i
1050,0.25173,6.8577,-46.965-3.4526i
1051,0.25221,6.8654,-47.07-3.4631i
1052,0.25269,6.8731,-47.175-3.4735i
1053,0.25317,6.8808,-47.281-3.4841i
1054,0.25365,6.8885,-47.387-3.4946i
1055,0.25413,6.8962,-47.492-3.5051i
1056,0.25462,6.9038,-47.598-3.5157i
1057,0.2551,6.9115,-47.704-3.5262i
1058,0.25558,6.9192,-47.81-3.5368i
1059,0.25606,6.9269,-47.917-3.5474i
1060,0.25654,6.9346,-48.023-3.558i
1061,0.25702,6.9423,-48.13-3.5686i
1062,0.2575,6.95,-48.236-3.5793i
1063,0.25798,6.9577,-48.343-3.5899i
1064,0.25846,6.9654,-48.45-3.6006i
1065,0.25894,6.9731,-48.557-3.6112i
1066,0.25942,6.9808,-48.664-3.6219i
1067,0.2599,6.9885,-48.771-3.6327i
1068,0.26038,6.9962,-48.878-3.6434i
1069,0.26087,7.0038,-48.986-3.6541i
1070,0.26135,7.0115,-49.093-3.6649i
1071,0.26183,7.0192,-49.201-3.6756i
1072,0.26231,7.0269,-49.309-3.6864i
1073,0.26279,7.0346,-49.417-3.6972i
1074,0.26327,7.0423,-49.525-3.708i
1075,0.26375,7.05,-49.633-3.7189i
1076,0.26423,7.0577,-49.741-3.7297i
1077,0.26471,7.0654,-49.85-3.7406i
1078,0.26519,7.0731,-49.958-3.7515i
1079,0.26567,7.0808,-50.067-3.7623i
1080,0.26615,7.0885,-50.175-3.7732i
1081,0.26663,7.0962,-50.284-3.7842i
1082,0.26712,7.1038,-50.393-3.7951i
1083,0.2676,7.1115,-50.502-3.806i
1084,0.26808,7.1192,-50.612-3.817i
1085,0.26856,7.1269,-50.721-3.828i
1086,0.26904,7.1346,-50.83-3.839i
1087,0.26952,7.1423,-50.94-3.85i
1088,0.27,7.15,-51.05-3.861i
1089,0.27063,7.1578,-51.16-3.8741i
1090,0.27125,7.1655,-51.271-3.8873i
1091,0.27187,7.1733,-51.383-3.9005i
1092,0.2725,7.1811,-51.494-3.9137i
1093,0.27313,7.1889,-51.605-3.9269i
1094,0.27375,7.1966,-51.717-3.9402i
1095,0.27437,7.2044,-51.828-3.9534i
1096,0.275,7.2122,-51.94-3.9667i
1097,0.27563,7.22,-52.052-3.98i
1098,0.27625,7.2277,-52.164-3.9933i
1099,0.27687,7.2355,-52.276-4.0067i
1100,0.2775,7.2433,-52.388-4.02i
1101,0.27813,7.2511,-52.5-4.0334i
1102,0.27875,7.2588,-52.613-4.0468i
1103,0.27937,7.2666,-52.725-4.0602i
1104,0.28,7.2744,-52.838-4.0737i
1105,0.28063,7.2821,-52.951-4.0871i
1106,0.28125,7.2899,-53.064-4.1006i
1107,0.28187,7.2977,-53.177-4.1141i
1108,0.2825,7.3055,-53.29-4.1276i
1109,0.28313,7.3132,-53.403-4.1411i
1110,0.28375,7.321,-53.517-4.1547i
1111,0.28437,7.3288,-53.63-4.1682i
1112,0.285,7.3366,-53.744-4.1818i
1113,0.28563,7.3443,-53.858-4.1955i
1114,0.28625,7.3521,-53.972-4.2091i
1115,0.28687,7.3599,-54.086-4.2227i
1116,0.2875,7.3677,-54.2-4.2364i
1117,0.28813,7.3754,-54.314-4.2501i
1118,0.28875,7.3832,-54.428-4.2638i
1119,0.28937,7.391,-54.543-4.2775i
1120,0.29,7.3987,-54.657-4.2913i
1121,0.29063,7.4065,-54.772-4.305i
1122,0.29125,7.4143,-54.887-4.3188i
1123,0.29187,7.4221,-55.002-4.3326i
1124,0.2925,7.4298,-55.117-4.3465i
1125,0.29313,7.4376,-55.232-4.3603i
1126,0.29375,7.4454,-55.348-4.3742i
1127,0.29437,7.4532,-55.463-4.3881i
1128,0.295,7.4609,-55.579-4.402i
1129,0.29563,7.4687,-55.694-4.4159i
1130,0.29625,7.4765,-55.81-4.4298i
1131,0.29688,7.4843,-55.926-4.4438i
1132,0.2975,7.492,-56.042-4.4578i
1133,0.29812,7.4998,-56.158-4.4718i
1134,0.29875,7.5076,-56.274-4.4858i
1135,0.29938,7.5154,-56.391-4.4998i
1136,0.3,7.5231,-56.507-4.5139i
1137,0.30062,7.5309,-56.624-4.528i
1138,0.30125,7.5387,-56.741-4.542i
1139,0.30188,7.5464,-56.858-4.5562i
1140,0.3025,7.5542,-56.975-4.5703i
1141,0.30312,7.562,-57.092-4.5845i
1142,0.30375,7.5698,-57.209-4.5986i
1143,0.30438,7.5775,-57.326-4.6128i
1144,0.305,7.5853,-57.444-4.627i
1145,0.30562,7.5931,-57.562-4.6413i
1146,0.30625,7.6009,-57.679-4.6555i
1147,0.30688,7.6086,-57.797-4.6698i
1148,0.3075,7.6164,-57.915-4.6841i
1149,0.30812,7.6242,-58.033-4.6984i
1150,0.30875,7.632,-58.151-4.7127i
1151,0.30938,7.6397,-58.27-4.7271i
1152,0.31,7.6475,-58.388-4.7415i
1153,0.31062,7.6553,-58.507-4.7558i
1154,0.31125,7.663,-58.625-4.7702i
1155,0.31188,7.6708,-58.744-4.7847i
1156,0.3125,7.6786,-58.863-4.7991i
1157,0.31312,7.6864,-58.982-4.8136i
1158,0.31375,7.6941,-59.101-4.8281i
1159,0.31438,7.7019,-59.221-4.8426i
1160,0.315,7.7097,-59.34-4.8571i
1161,0.31562,7.7175,-59.46-4.8716i
1162,0.31625,7.7252,-59.579-4.8862i
1163,0.31688,7.733,-59.699-4.9008i
1164,0.3175,7.7408,-59.819-4.9154i
1165,0.31812,7.7486,-59.939-4.93i
1166,0.31875,7.7563,-60.059-4.9447i
1167,0.31938,7.7641,-60.179-4.9593i
1168,0.32,7.7719,-60.3-4.974i
1169,0.32062,7.7796,-60.42-4.9887i
1170,0.32125,7.7874,-60.541-5.0034i
1171,0.32188,7.7952,-60.661-5.0182i
1172,0.3225,7.803,-60.782-5.0329i
1173,0.32312,7.8107,-60.903-5.0477i
1174,0.32375,7.8185,-61.024-5.0625i
1175,0.32438,7.8263,-61.146-5.0773i
1176,0.325,7.8341,-61.267-5.0921i
1177,0.32562,7.8418,-61.388-5.107i
1178,0.32625,7.8496,-61.51-5.1219i
1179,0.32688,7.8574,-61.632-5.1368i
1180,0.3275,7.8652,-61.753-5.1517i
1181,0.32812,7.8729,-61.875-5.1666i
1182,0.32875,7.8807,-61.997-5.1816i
1183,0.32937,7.8885,-62.12-5.1965i
1184,0.33,7.8963,-62.242-5.2115i
1185,0.33063,7.904,-62.364-5.2265i
1186,0.33125,7.9118,-62.487-5.2416i
1187,0.33187,7.9196,-62.609-5.2566i
1188,0.3325,7.9273,-62.732-5.2717i
1189,0.33313,7.9351,-62.855-5.2868i
1190,0.33375,7.9429,-62.978-5.3019i
1191,0.33437,7.9507,-63.101-5.317i
1192,0.335,7.9584,-63.225-5.3322i
1193,0.33563,7.9662,-63.348-5.3473i
1194,0.33625,7.974,-63.471-5.3625i
1195,0.33687,7.9818,-63.595-5.3777i
1196,0.3375,7.9895,-63.719-5.3929i
1197,0.33813,7.9973,-63.843-5.4082i
1198,0.33875,8.0051,-63.967-5.4234i
1199,0.33937,8.0129,-64.091-5.4387i
1200,0.34,8.0206,-64.215-5.454i
