207,1.26569,2.48139,-4.55532515600000 - 6.28134101820000i
208,1.27078,2.50956,-4.68300958520000 - 6.37819731360000i
209,1.27795,2.53311,-4.78349006960000 - 6.47437584900000i
210,1.28654,2.55354,-4.86538136000000 - 6.57046270320000i
211,1.29361,2.57272,-4.94546136630000 - 6.65619263840000i
212,1.30033,2.59164,-5.02573978070000 - 6.73997448240000i
213,1.30628,2.61024,-5.10698541920000 - 6.81940861440000i
214,1.31177,2.62947,-5.19337194800000 - 6.89851972380000i
215,1.3155,2.65109,-5.29773793810000 - 6.97501779000000i
216,1.31924,2.67343,-5.40683378730000 - 7.05379158640000i
217,1.32297,2.69712,-5.52420667350000 - 7.13641769280000i
218,1.32755,2.72191,-5.64640504560000 - 7.22694324100000i
219,1.33313,2.74801,-5.77432336320000 - 7.32690914260000i
220,1.33934,2.77509,-5.90729287250000 - 7.43357808120000i
221,1.3461,2.80303,-6.04499197090000 - 7.54631736600000i
222,1.35346,2.83165,-6.18638775090000 - 7.66505001800000i
223,1.36126,2.86079,-6.33109063650000 - 7.78855799080000i
224,1.3698,2.89097,-6.48135550090000 - 7.92010141200000i
225,1.37887,2.92193,-6.63639244800000 - 8.05792323820000i
226,1.38862,2.95395,-6.79755509810000 - 8.20382809800000i
227,1.39892,2.98686,-6.96435549320000 - 8.35675638240000i
228,1.41013,3.02103,-7.13815564400000 - 8.52009006780000i
229,1.42232,3.0566,-7.31980937760000 - 8.69492662400000i
230,1.43538,3.09326,-7.50794168320000 - 8.88000707760000i
231,1.44992,3.13176,-7.70565269120000 - 9.08160291840000i
232,1.46507,3.1712,-7.91007933510000 - 9.29205996800000i
233,1.48236,3.21391,-8.13182631850000 - 9.52834325520000i
234,1.4997,3.2568,-8.35764615000000 - 9.76844592000000i
235,1.51839,3.3044,-8.61355116790000 - 10.0347358320000i
236,1.53707,3.352,-8.87331981510000 - 10.3045172800000i
237,1.56143,3.40488,-9.15514416950000 - 10.6329635568000i
238,1.58714,3.45902,-9.44580598080000 - 10.9798980056000i
239,1.61721,3.51929,-9.77003392000000 - 11.3828619618000i
240,1.65104,3.58484,-10.1251447440000 - 11.8374284672000i
241,1.68911,3.65081,-10.4753210640000 - 12.3332393582000i
242,1.74193,3.71828,-10.7912860335000 - 12.9539669608000i
243,1.79475,3.78574,-11.1106997851000 - 13.5889137300000i
244,1.87713,3.85458,-11.3341699395000 - 14.4710955108000i
245,1.96421,3.92364,-11.5368299255000 - 15.4137058488000i
246,2.06011,3.98402,-11.6283621483000 - 16.4150388844000i
247,2.16655,4.03401,-11.5792977776000 - 17.4797687310000i
248,2.273,4.084,-11.5125270000000 - 18.5658640000000i
249,2.39663,4.09074,-10.9903183907000 - 19.6079804124000i
250,2.52025,4.09747,-10.4376003384000 - 20.6532975350000i
251,2.64219,4.09044,-9.75053139750000 - 21.6154393272000i
252,2.76242,4.06937,-8.92880794050000 - 22.4826181508000i
253,2.88264,4.04829,-8.07903855450000 - 23.3395253712000i
254,2.97944,4.00348,-7.15078939680000 - 23.8562569024000i
255,3.07472,3.95713,-6.20497475850000 - 24.3341335072000i
256,3.16376,3.90673,-5.25316195530000 - 24.7199122096000i
257,3.24015,3.84813,-4.30953247440000 - 24.9370368390000i
258,3.31654,3.78953,-3.36110004930000 - 25.1362556524000i
259,3.37769,3.73111,-2.51239209600000 - 25.2050658718000i
260,3.43122,3.67278,-1.71604224000000 - 25.2042323832000i
261,3.48475,3.61445,-0.920766240000001 - 25.1909092750000i
262,3.52524,3.55701,-0.225003082499999 - 25.0786278648000i
263,3.565,3.49962,0.461884855599999 - 24.9522906000000i
264,3.60355,3.44326,1.12953317490000 - 24.8159191460000i
265,3.63616,3.39188,1.71680961120000 - 24.6668367616000i
266,3.66876,3.3405,2.30085968760000 - 24.5109855600000i
267,3.69953,3.29047,2.85932940000000 - 24.3463849582000i
268,3.72661,3.24312,3.36979475770000 - 24.1716868464000i
269,3.75369,3.19576,3.87730663850000 - 23.9917847088000i
270,3.7802,3.15132,4.35909429760000 - 23.8252397280000i
271,3.80596,3.11067,4.80906367270000 - 23.6781711864000i
272,3.83172,3.07001,5.25711675830000 - 23.5268374344000i
273,3.85587,3.02834,5.69689030130000 - 23.3537707116000i
274,3.87823,2.98556,6.12709941930000 - 23.1573767176000i
275,3.90058,2.94277,6.55462906350000 - 22.9570196132000i
276,3.92229,2.89392,7.00958587770000 - 22.7015869536000i
277,3.94321,2.8375,7.49749885410000 - 22.3777167500000i
278,3.96412,2.78108,7.97984140800000 - 22.0490696992000i
279,3.98185,2.72437,8.43293752560000 - 21.6960653690000i
280,3.99361,2.66711,8.83544508000000 - 21.3027943342000i
281,4.00538,2.60985,9.23175192190000 - 20.9068819860000i
282,4.01368,2.55392,9.58711977600000 - 20.5012352512000i
2.83E+02,4.0064,2.50396,9.78142527840000 - 20.0637306880000i
284,3.99913,2.45401,9.97087567680000 - 19.6278100226000i
2.85E+02,3.99186,2.40406,10.1554417760000 - 19.1933419032000i
2.86E+02,3.97653,2.36104,10.2382809593000 - 18.7774927824000i
287,3.96071,2.31844,10.3120596705000 - 18.3653369848000i
2.88E+02,3.94489,2.27585,10.3826638896000 - 17.9559558130000i
289,3.92755,2.23998,10.4081386021000 - 17.5952668980000i
290,3.90931,2.20809,10.4070432280000 - 17.2642166358000i
291,3.89107,2.1762,10.4045793049000 - 16.9354930680000i
292,3.87258,2.1462,10.3907014164000 - 16.6226623920000i
293,3.85325,2.12236,10.3431235929000 - 16.3559673400000i
294,3.83393,2.09852,10.2952330545000 - 16.0911575672000i
295,3.8146,2.07468,10.2468760576000 - 15.8281486560000i
296,3.79685,2.05639,10.1873300904000 - 15.6156087430000i
297,3.7796,2.03984,10.1244289344000 - 15.4195585280000i
298,3.76235,2.02329,10.0615750984000 - 15.2246502630000i
299,3.74544,2.00781,9.99701979750000 - 15.0402637728000i
300,3.7299,1.99653,9.92602196910000 - 14.8937144940000i
301,3.71436,1.98524,9.85529235200000 - 14.7477920928000i
302,3.69882,1.97395,9.78479078990000 - 14.6025714780000i
303,3.68465,1.96453,9.71726750160000 - 14.4772109290000i
304,3.67154,1.95656,9.65207893800000 - 14.3671766048000i
305,3.65843,1.94859,9.58710707680000 - 14.2575602274000i
306,3.64533,1.94063,9.52238601200000 - 14.1484735158000i
307,3.63397,1.93509,9.46116465280000 - 14.0641180146000i
308,3.62298,1.93006,9.40085247680000 - 13.9851375576000i
309,3.61199,1.92503,9.34073125920000 - 13.9063782194000i
310,3.601,1.92,9.28080100000000 - 13.8278400000000i
311,3.59211,1.9171,9.22798184210000 - 13.7728681620000i
312,3.58322,1.9142,9.17530392840000 - 13.7179994480000i
313,3.57434,1.9113,9.12283874560000 - 13.6632720840000i
314,3.56559,1.90854,9.07090711650000 - 13.6101422772000i
315,3.55861,1.90739,9.02556852000000 - 13.5753142558000i
316,3.55162,1.90624,8.98025368680000 - 13.5404802176000i
317,3.54463,1.90509,8.93503392880000 - 13.5056783334000i
318,3.53773,1.904,8.89031755290000 - 13.4716758400000i
319,3.53254,1.90403,8.85350861070000 - 13.4521242724000i
320,3.52735,1.90406,8.81675353890000 - 13.4325720820000i
321,3.52216,1.90409,8.78005233750000 - 13.4130192688000i
322,3.51697,1.90412,8.74340500650000 - 13.3934658328000i
323,3.51318,1.90519,8.71268477630000 - 13.3865508084000i
324,3.5095,1.90634,8.68245805440000 - 13.3806004600000i
325,3.50583,1.90749,8.65232588880000 - 13.3746713334000i
326,3.50216,1.90864,8.62221801600000 - 13.3687253248000i
327,3.49928,1.91044,8.59517952480000 - 13.3703289664000i
328,3.49677,1.91256,8.56951467930000 - 13.3755648624000i
329,3.49425,1.91467,8.54382185360000 - 13.3806712950000i
330,3.49174,1.91678,8.51820265920000 - 13.3857947944000i
331,3.48968,1.91914,8.49476816280000 - 13.3943689504000i
332,3.48855,1.92201,8.47585866240000 - 13.4100559710000i
333,3.48742,1.92488,8.45693524200000 - 13.4257300192000i
334,3.48629,1.92775,8.43799790160000 - 13.4413910950000i
335,3.48515,1.93061,8.41901555040000 - 13.4569308830000i
336,3.48533,1.9339,8.40755599890000 - 13.4805593740000i
337,3.48571,1.93725,8.39723664160000 - 13.5053833950000i
338,3.48609,1.94059,8.38693394000000 - 13.5301427862000i
339,3.48647,1.94394,8.37657033730000 - 13.5549769836000i
340,3.48723,1.94746,8.36817262130000 - 13.5824818716000i
341,3.48898,1.9514,8.36501948040000 - 13.6167911440000i
342,3.49073,1.95535,8.36180231040000 - 13.6511978110000i
343,3.49247,1.9593,8.35849021090000 - 13.6855929420000i
344,3.49422,1.96325,8.35522284590000 - 13.7200548300000i
345,3.49667,1.96754,8.35548743730000 - 13.7596761836000i
346,3.49967,1.97211,8.35847225680000 - 13.8034684074000i
347,3.50267,1.97669,8.36139377280000 - 13.8473855246000i
348,3.50567,1.98126,8.36433096130000 - 13.8912874884000i
349,3.50867,1.98584,8.36720466330000 - 13.9353144656000i
350,3.51259,1.99083,8.37488441920000 - 13.9859390994000i
351,3.51688,1.996,8.38442893440000 - 14.0393849600000i
352,3.52118,2.00118,8.39398720000000 - 14.0930299848000i
353,3.52548,2.00635,8.40356890790000 - 14.1466935960000i
354,3.52977,2.01152,8.41306354250000 - 14.2004059008000i
355,3.53485,2.01705,8.42667382000000 - 14.2599383850000i
356,3.54024,2.02272,8.44190305920000 - 14.3218285056000i
357,3.54564,2.0284,8.45715644960000 - 14.3839523520000i
358,3.55103,2.03407,8.47237329600000 - 14.4460871842000i
359,3.55642,2.03974,8.48758394880000 - 14.5083442616000i
360,3.56278,2.04584,8.50794002280000 - 14.5777556704000i
361,3.56984,2.05225,8.53202756310000 - 14.6524082800000i
362,3.5769,2.05866,8.55613261440000 - 14.7272419080000i
363,3.58396,2.06507,8.58025517670000 - 14.8022565544000i
364,3.59102,2.07148,8.60439525000000 - 14.8774522192000i
365,3.5985,2.07811,8.63066107790000 - 14.9561576700000i
366,3.607,2.08529,8.66201461590000 - 15.0432820600000i
367,3.61549,2.09246,8.69337908850000 - 15.1305364108000i
368,3.62399,2.09964,8.72481539050000 - 15.2181487272000i
369,3.63249,2.10681,8.75633522400000 - 15.3059325138000i
370,3.64098,2.11399,8.78778164030000 - 15.3939906204000i
371,3.65238,2.12218,8.83623171200000 - 15.5020155768000i
372,3.66428,2.13055,8.88770461590000 - 15.6138635080000i
373,3.67618,2.13892,8.93932062600000 - 15.7261098512000i
374,3.68808,2.14729,8.99107974230000 - 15.8387546064000i
375,3.69998,2.15566,9.04298196480000 - 15.9517977736000i
376,3.71296,2.16524,9.09780770400000 - 16.0788990208000i
377,3.72928,2.1786,9.16123135840000 - 16.2492188160000i
378,3.74561,2.19197,9.22486179120000 - 16.4205295034000i
379,3.76193,2.20533,9.28863691600000 - 16.5925941738000i
380,3.77826,2.21869,9.35266331150000 - 16.7655753588000i
381,3.79458,2.23205,9.41679017390000 - 16.9393845780000i
382,3.8138,2.24302,9.51393171960000 - 17.1088593520000i
383,3.83638,2.2512,9.64991006440000 - 17.2729173120000i
384,3.85896,2.25938,9.78677429720000 - 17.4377140896000i
385,3.88154,2.26756,9.92452441800000 - 17.6032496848000i
386,3.90413,2.27573,10.0632840240000 - 17.7694915298000i
387,3.92671,2.28391,10.2028065360000 - 17.9365044722000i
388,3.95615,2.28387,10.4350606456000 - 18.0706646010000i
389,3.99246,2.27562,10.7612904672000 - 18.1706436504000i
390,4.02877,2.26737,11.0900209960000 - 18.2694244698000i
391,4.06507,2.25912,11.4211709305000 - 18.3669618768000i
392,4.10138,2.25087,11.7549021475000 - 18.4633464012000i
393,4.13768,2.24262,12.0910513180000 - 18.5584878432000i
394,4.17295,2.23223,12.4306609296000 - 18.6299683570000i
395,4.2063,2.21786,12.7740567104000 - 18.6579690360000i
396,4.23964,2.20349,13.1191791495000 - 18.6840086872000i
397,4.27298,2.18912,13.4661117060000 - 18.7081319552000i
398,4.30632,2.17474,13.8148978748000 - 18.7302527136000i
399,4.33966,2.16037,14.1654503787000 - 18.7505425484000i
400,4.373,2.146,14.5178130000000 - 18.7689160000000i
401,4.38234,2.13171,14.6607163515000 - 18.6837560028000i
402,4.39168,2.11743,14.8033434175000 - 18.5981499648000i
403,4.40102,2.10314,14.9457791808000 - 18.5119224056000i
404,4.41036,2.08885,15.0879810071000 - 18.4251609720000i
405,4.4197,2.07456,15.2299488964000 - 18.3378656640000i
406,4.42904,2.06028,15.3716416432000 - 18.2501250624000i
407,4.43913,2.0455,15.5218049069000 - 18.1604808300000i
408,4.45016,2.0301,15.6826180156000 - 18.0685396320000i
409,4.4612,2.01471,15.8432490559000 - 17.9760485040000i
410,4.47223,1.99932,16.0035607105000 - 17.8828377672000i
411,4.48326,1.98392,16.1636816612000 - 17.7888583584000i
412,4.49429,1.96853,16.3235322432000 - 17.6942893874000i
413,4.50532,1.95313,16.4831915055000 - 17.5989513032000i
414,4.5362,1.94036,16.8121135104000 - 17.6037220640000i
415,4.577,1.92891,17.2282352119000 - 17.6572421400000i
416,4.61779,1.91745,17.6473699816000 - 17.7087628710000i
417,4.65859,1.906,18.0696247881000 - 17.7585450800000i
418,4.69939,1.89454,18.4949845605000 - 17.8063646612000i
419,4.74019,1.88309,18.9233732880000 - 17.8524087742000i
420,4.78098,1.87163,19.3547709035000 - 17.8964511948000i
421,4.81827,1.85436,19.7770747833000 - 17.8696143144000i
422,4.85376,1.83412,20.1949899632000 - 17.8047565824000i
423,4.88925,1.81387,20.6146411856000 - 17.7369277950000i
424,4.92473,1.79362,21.0358928685000 - 17.6661884452000i
425,4.96022,1.77337,21.4589412915000 - 17.5926106828000i
426,4.99571,1.75312,21.8836886697000 - 17.5161582304000i
427,5.0312,1.73287,22.3101350031000 - 17.4368310880000i
428,5.05222,1.7011,22.6311857184000 - 17.1886628840000i
429,5.05275,1.65301,22.7978405024000 - 16.7044925550000i
430,5.05329,1.60492,22.9599716177000 - 16.2202523736000i
431,5.05382,1.55683,23.1173769435000 - 15.7358771812000i
432,5.05435,1.50874,23.2701575349000 - 15.2514000380000i
433,5.05489,1.46065,23.4184144896000 - 14.7668501570000i
434,5.05542,1.41256,23.5619456228000 - 14.2821681504000i
435,5.05595,1.36447,23.7008520216000 - 13.7973841930000i
436,5.04461,1.31689,23.7138907800000 - 13.2863929258000i
437,5.03213,1.26937,23.7110321400000 - 12.7752697162000i
438,5.01964,1.22184,23.7038927440000 - 12.2663938752000i
439,5.00716,1.17431,23.6926472895000 - 11.7599161192000i
440,4.99467,1.12679,23.6770727048000 - 11.2558884186000i
441,4.98219,1.07926,23.6574150485000 - 10.7541567588000i
442,4.9697,1.03174,23.6334306624000 - 10.2548765560000i
443,4.95677,0.98775,23.5939187704000 - 9.79209913500000i
444,4.94116,0.96498,23.4838757452000 - 9.53624115360000i
445,4.92555,0.94222,23.3732642741000 - 9.28190344200000i
446,4.90994,0.91945,23.2621225011000 - 9.02888866600000i
447,4.89433,0.89668,23.1504311265000 - 8.77729564880000i
448,4.87872,0.87392,23.0381726720000 - 8.52722196480000i
449,4.86311,0.85115,22.9253825496000 - 8.27847215300000i
450,4.8475,0.82838,22.8120428256000 - 8.03114410000000i
451,4.8318,0.80647,22.6958973791000 - 7.79340349200000i
452,4.81511,0.7931,22.5562767021000 - 7.63772748200000i
453,4.79843,0.77972,22.4169671865000 - 7.48286367920000i
454,4.78174,0.76635,22.2777451051000 - 7.32897289800000i
455,4.76506,0.75297,22.1388329827000 - 7.17589445640000i
456,4.74838,0.73959,22.0001192563000 - 7.02370872840000i
457,4.73169,0.72622,21.8614947677000 - 6.87249582360000i
458,4.71501,0.71284,21.7231784345000 - 6.72209545680000i
459,4.69833,0.69947,21.5850465080000 - 6.57268177020000i
460,4.6848,0.68824,21.4736767424000 - 6.44853350400000i
461,4.67238,0.67776,21.3717762468000 - 6.33350453760000i
462,4.65996,0.66728,21.2699646032000 - 6.21899621760000i
463,4.64754,0.6568,21.1682418116000 - 6.10500854400000i
464,4.63512,0.64632,21.0666078720000 - 5.99154151680000i
465,4.6227,0.63584,20.9650627844000 - 5.87859513600000i
466,4.61028,0.62536,20.8636065488000 - 5.76616940160000i
467,4.59786,0.61488,20.7622391652000 - 5.65426431360000i
468,4.58558,0.60463,20.6619664995000 - 5.54515847080000i
469,4.5751,0.59728,20.5747966116000 - 5.46523145600000i
470,4.56461,0.58992,20.4876588457000 - 5.38550946240000i
471,4.55412,0.58257,20.4006211695000 - 5.30618737680000i
472,4.54363,0.57521,20.3137070328000 - 5.22708282460000i
473,4.53314,0.56786,20.2268932800000 - 5.14837776080000i
474,4.52266,0.5605,20.1402932256000 - 5.06990186000000i
475,4.51217,0.55315,20.0537031864000 - 4.99181367100000i
476,4.50168,0.54579,19.9672360983000 - 4.91394385440000i
477,4.49131,0.53855,19.8818294136000 - 4.83759000100000i
478,4.48231,0.53273,19.8073016832000 - 4.77572201260000i
479,4.47332,0.52691,19.7329576743000 - 4.71407408240000i
480,4.46432,0.52109,19.6586182743000 - 4.65262501760000i
481,4.45532,0.51527,19.5843731295000 - 4.59138547280000i
482,4.44633,0.50945,19.5103111664000 - 4.53036563700000i
483,4.43733,0.50362,19.4362644245000 - 4.46945626920000i
484,4.42834,0.4978,19.3623903156000 - 4.40885530400000i
485,4.41934,0.49198,19.2885217152000 - 4.34845378640000i
486,4.41035,0.48616,19.2148355769000 - 4.28827151200000i
487,4.40229,0.48131,19.1484979280000 - 4.23773239980000i
488,4.39459,0.47683,19.0850544192000 - 4.19094469940000i
489,4.38689,0.47235,19.0216893496000 - 4.14429498300000i
490,4.37919,0.46788,18.9583933617000 - 4.09787083440000i
491,4.37149,0.4634,18.8951852601000 - 4.05149693200000i
492,4.3638,0.45892,18.8321428736000 - 4.00527019200000i
493,4.3561,0.45444,18.7690914964000 - 3.95917216800000i
494,4.3484,0.44996,18.7061185584000 - 3.91321212800000i
495,4.3407,0.44548,18.6432240596000 - 3.86739007200000i
496,4.333,0.441,18.5804080000000 - 3.82170600000000i
497,4.32634,0.43725,18.5260302331000 - 3.78338433000000i
498,4.31969,0.4335,18.4717994461000 - 3.74517123000000i
499,4.31303,0.42976,18.4175341233000 - 3.70713554560000i
500,4.30638,0.42601,18.3634241843000 - 3.66912188760000i
501,4.29972,0.42226,18.3092885708000 - 3.63119953440000i
502,4.29306,0.41851,18.2552135435000 - 3.59337708120000i
503,4.28641,0.41477,18.2012765352000 - 3.55574855140000i
504,4.27975,0.41102,18.1473226221000 - 3.51812569000000i
505,4.2731,0.40727,18.0935147571000 - 3.48061087400000i
506,4.26644,0.40352,18.0396818832000 - 3.44318773760000i
507,4.26058,0.40039,17.9922297843000 - 3.41178725240000i
508,4.25483,0.39735,17.9456913064000 - 3.38131340100000i
509,4.24908,0.39431,17.8992004703000 - 3.35090946960000i
510,4.24333,0.39127,17.8527572760000 - 3.32057545820000i
511,4.23758,0.38823,17.8063617235000 - 3.29031136680000i
512,4.23183,0.38519,17.7600138128000 - 3.26011719540000i
513,4.22608,0.38215,17.7137135439000 - 3.22999294400000i
514,4.22033,0.37911,17.6674609168000 - 3.19993861260000i
515,4.21458,0.37607,17.6212559315000 - 3.16995420120000i
516,4.20883,0.37303,17.5750985880000 - 3.14003970980000i
517,4.20333,0.37018,17.5309498565000 - 3.11197739880000i
518,4.19832,0.36771,17.4906801783000 - 3.08752849440000i
519,4.19331,0.36524,17.4504484985000 - 3.06312908880000i
520,4.1883,0.36277,17.4102548171000 - 3.03877918200000i
521,4.18329,0.36031,17.3700919280000 - 3.01456243980000i
522,4.17829,0.35784,17.3300578585000 - 2.99031858720000i
523,4.17328,0.35537,17.2899781215000 - 2.96611702720000i
524,4.16827,0.3529,17.2499363829000 - 2.94196496600000i
525,4.16326,0.35044,17.2099256340000 - 2.91794566880000i
526,4.15825,0.34797,17.1699599416000 - 2.89389250500000i
527,4.15324,0.3455,17.1300322476000 - 2.86988884000000i
528,4.14845,0.34317,17.0918717536000 - 2.84724717300000i
529,4.1441,0.34109,17.0572224219000 - 2.82702213800000i
530,4.13975,0.339,17.0226090625000 - 2.80675050000000i
531,4.13539,0.33692,16.9879353657000 - 2.78659119760000i
532,4.13104,0.33484,16.9533736560000 - 2.76647486720000i
533,4.12669,0.33276,16.9188411385000 - 2.74639472880000i
534,4.12233,0.33068,16.8842553665000 - 2.72634416880000i
535,4.11798,0.3286,16.8497813204000 - 2.70633645600000i
536,4.11363,0.32652,16.8153364665000 - 2.68636493520000i
537,4.10927,0.32443,16.7808451080000 - 2.66634093220000i
538,4.10492,0.32235,16.7464586839000 - 2.64644192400000i
539,4.10057,0.32027,16.7121014520000 - 2.62657910780000i
540,4.0967,0.31834,16.6816105344000 - 2.60828695600000i
541,4.0929,0.31642,16.6517087936000 - 2.59015083600000i
542,4.0891,0.31451,16.6218222699000 - 2.57212568200000i
543,4.0853,0.31259,16.5919635819000 - 2.55404785400000i
544,4.08151,0.31068,16.5622018177000 - 2.53608705360000i
545,4.07771,0.30876,16.5323861065000 - 2.51806747920000i
546,4.07391,0.30685,16.5025857656000 - 2.50015856700000i
547,4.07011,0.30493,16.4728131072000 - 2.48219728460000i
548,4.06632,0.30302,16.4431372220000 - 2.46435257280000i
549,4.06252,0.3011,16.4134075404000 - 2.44644954400000i
550,4.05872,0.29919,16.3836933823000 - 2.42865687360000i
551,4.05492,0.29728,16.3540008080000 - 2.41089323520000i
552,4.05155,0.29557,16.3276957776000 - 2.39503326700000i
553,4.04824,0.29389,16.3018757655000 - 2.37947450720000i
554,4.04493,0.2922,16.2760778649000 - 2.36385709200000i
555,4.04161,0.29052,16.2502095217000 - 2.34833707440000i
556,4.0383,0.28884,16.2244383444000 - 2.33284514400000i
557,4.03499,0.28716,16.1986834345000 - 2.31737545680000i
558,4.03167,0.28548,16.1728641585000 - 2.30192230320000i
559,4.02836,0.2838,16.1471418496000 - 2.28649713600000i
560,4.02505,0.28212,16.1214358081000 - 2.27109421200000i
561,4.02174,0.28043,16.0957516427000 - 2.25563309640000i
562,4.01842,0.27875,16.0699977339000 - 2.24026915000000i
563,4.01511,0.27707,16.0443405272000 - 2.22493305540000i
564,4.01194,0.27547,16.0197788427000 - 2.21033822360000i
565,4.00904,0.27403,15.9973092807000 - 2.19719446240000i
566,4.00614,0.27259,15.9748523915000 - 2.18406740520000i
567,4.00323,0.27114,15.9523335333000 - 2.17087156440000i
568,4.00033,0.2697,15.9299020189000 - 2.15777800200000i
569,3.99742,0.26825,15.9074085939000 - 2.14461583000000i
570,3.99452,0.26681,15.8850024543000 - 2.13155576240000i
571,3.99162,0.26536,15.8626142948000 - 2.11843256640000i
572,3.98871,0.26392,15.8401536977000 - 2.10540068640000i
573,3.98581,0.26247,15.8177908552000 - 2.09231110140000i
574,3.98291,0.26103,15.7954354072000 - 2.07931799460000i
575,3.98,0.25958,15.7730182236000 - 2.06625680000000i
576,3.9771,0.25814,15.7506881504000 - 2.05329718800000i
577,3.97429,0.25675,15.7290604416000 - 2.04079791500000i
578,3.97174,0.2555,15.7094383776000 - 2.02955914000000i
579,3.9692,0.25426,15.6899004924000 - 2.01841758400000i
580,3.96665,0.25302,15.6702931021000 - 2.00728356600000i
581,3.96411,0.25177,15.6507799592000 - 1.99608794940000i
582,3.96157,0.25053,15.6312715840000 - 1.98498426420000i
583,3.95902,0.24929,15.6116938563000 - 1.97388819160000i
584,3.95648,0.24805,15.5922051879000 - 1.96280972800000i
585,3.95393,0.2468,15.5726522049000 - 1.95165984800000i
586,3.95139,0.24556,15.5531832185000 - 1.94060665680000i
587,3.94884,0.24432,15.5336450832000 - 1.92956117760000i
588,3.9463,0.24308,15.5141958036000 - 1.91853320800000i
589,3.94376,0.24183,15.4947611887000 - 1.90743896160000i
590,3.94121,0.24059,15.4752527160000 - 1.89643142780000i
591,3.93882,0.23946,15.4569619008000 - 1.88637967440000i
592,3.93658,0.23844,15.4398084628000 - 1.87727627040000i
593,3.93434,0.23742,15.4226629792000 - 1.86818200560000i
594,3.93209,0.23639,15.4054515360000 - 1.85901351020000i
595,3.92985,0.23537,15.3883219856000 - 1.84993758900000i
596,3.92761,0.23434,15.3712050765000 - 1.84079225480000i
597,3.92536,0.23332,15.3540129072000 - 1.83172999040000i
598,3.92312,0.23229,15.3369118903000 - 1.82260308960000i
599,3.92088,0.23127,15.3198141615000 - 1.81356383520000i
600,3.91863,0.23025,15.3026460144000 - 1.80452911500000i
601,3.91639,0.22922,15.2855688237000 - 1.79542983160000i
602,3.91414,0.2282,15.2684166996000 - 1.78641349600000i
603,3.9119,0.22717,15.2513554011000 - 1.77733264600000i
604,3.90966,0.22615,15.2342974931000 - 1.76833921800000i
605,3.90745,0.22514,15.2174774829000 - 1.75944658600000i
606,3.90548,0.22419,15.2025128743000 - 1.75113912240000i
607,3.90352,0.22325,15.1876278279000 - 1.74292168000000i
608,3.90156,0.22231,15.1727486975000 - 1.73471160720000i
609,3.89959,0.22137,15.1577974912000 - 1.72650447660000i
610,3.89763,0.22042,15.1429346405000 - 1.71823120920000i
611,3.89567,0.21948,15.1280732785000 - 1.71004330320000i
612,3.89371,0.21854,15.1132178325000 - 1.70186276680000i
613,3.89174,0.2176,15.0982904676000 - 1.69368524800000i
614,3.88978,0.21665,15.0834512259000 - 1.68544167400000i
615,3.88782,0.21571,15.0686135483000 - 1.67728330440000i
616,3.88585,0.21477,15.0537040696000 - 1.66912800900000i
617,3.88389,0.21383,15.0388782632000 - 1.66098439740000i
618,3.88193,0.21288,15.0240626305000 - 1.65277051680000i
619,3.87996,0.21194,15.0091710380000 - 1.64463744480000i
620,3.878,0.211,14.9943630000000 - 1.63651600000000i
621,3.87628,0.20999,14.9814508383000 - 1.62796007440000i
622,3.87456,0.20898,14.9685425532000 - 1.61941109760000i
623,3.87285,0.20797,14.9557156016000 - 1.61087322900000i
624,3.87113,0.20696,14.9428150353000 - 1.60233812960000i
625,3.86941,0.20595,14.9299183456000 - 1.59380997900000i
626,3.86769,0.20494,14.9170255325000 - 1.58528877720000i
627,3.86597,0.20393,14.9041365960000 - 1.57677452420000i
628,3.86426,0.20292,14.8913288212000 - 1.56827127840000i
629,3.86254,0.20191,14.8784476035000 - 1.55977090280000i
630,3.86082,0.2009,14.8655702624000 - 1.55127747600000i
631,3.8591,0.19989,14.8526967979000 - 1.54279099800000i
632,3.85738,0.19888,14.8398272100000 - 1.53431146880000i
633,3.85567,0.19787,14.8270386120000 - 1.52584284580000i
634,3.85395,0.19686,14.8141767429000 - 1.51737719400000i
635,3.85223,0.19584,14.8013226673000 - 1.50884144640000i
636,3.85054,0.19484,14.7886956660000 - 1.50047842720000i
637,3.84906,0.19389,14.7776695515000 - 1.49258848680000i
638,3.84759,0.19294,14.7667229645000 - 1.48470802920000i
639,3.84611,0.19198,14.7557058117000 - 1.47675239560000i
640,3.84464,0.19103,14.7447642687000 - 1.46888315840000i
641,3.84316,0.19008,14.7337483792000 - 1.46101570560000i
642,3.84168,0.18913,14.7227350655000 - 1.45315387680000i
643,3.84021,0.18817,14.7118048952000 - 1.44522463140000i
644,3.83873,0.18722,14.7007966845000 - 1.43737406120000i
645,3.83726,0.18627,14.6898677947000 - 1.42953284040000i
646,3.83578,0.18532,14.6788647060000 - 1.42169349920000i
647,3.83431,0.18436,14.6679445665000 - 1.41378678320000i
648,3.83283,0.18341,14.6569465808000 - 1.40595870060000i
649,3.83136,0.18246,14.6460277980000 - 1.39813989120000i
650,3.82988,0.18151,14.6350349343000 - 1.39032303760000i
651,3.82841,0.18055,14.6241248256000 - 1.38243885100000i
652,3.82693,0.1796,14.6131370649000 - 1.37463325600000i
653,3.82556,0.17872,14.6029684752000 - 1.36740816640000i
654,3.82437,0.17795,14.5941396944000 - 1.36109328300000i
655,3.82317,0.17718,14.5852360965000 - 1.35477852120000i
656,3.82198,0.17641,14.5764106323000 - 1.34847098360000i
657,3.82078,0.17564,14.5675103988000 - 1.34216359840000i
658,3.81959,0.17487,14.5586882512000 - 1.33586340660000i
659,3.8184,0.1741,14.5498677500000 - 1.32956688000000i
660,3.8172,0.17333,14.5409725511000 - 1.32327055200000i
661,3.81601,0.17257,14.5321519152000 - 1.31705769140000i
662,3.81481,0.1718,14.5232600961000 - 1.31076871600000i
663,3.81362,0.17103,14.5144462435000 - 1.30448685720000i
664,3.81243,0.17026,14.5056340373000 - 1.29820866360000i
665,3.81123,0.16949,14.4967472528000 - 1.29193074540000i
666,3.81004,0.16872,14.4879383632000 - 1.28565989760000i
667,3.80884,0.16795,14.4790549431000 - 1.27938935600000i
668,3.80765,0.16718,14.4702493701000 - 1.27312585400000i
669,3.80645,0.16641,14.4613693144000 - 1.26686268900000i
670,3.80526,0.16565,14.4525637451000 - 1.26068263800000i
671,3.80416,0.16487,14.4444511887000 - 1.25438371840000i
672,3.80309,0.1641,14.4365647381000 - 1.24817413800000i
673,3.80201,0.16332,14.4286066177000 - 1.24188854640000i
674,3.80094,0.16255,14.4207223811000 - 1.23568559400000i
675,3.79987,0.16177,14.4128424840000 - 1.22940993980000i
676,3.7988,0.16099,14.4049636599000 - 1.22313762400000i
677,3.79773,0.16022,14.3970827045000 - 1.21694460120000i
678,3.79666,0.15944,14.3892060420000 - 1.21067894080000i
679,3.79559,0.15867,14.3813272792000 - 1.20449253060000i
680,3.79452,0.15789,14.3734527783000 - 1.19823352560000i
681,3.79345,0.15712,14.3655762081000 - 1.19205372800000i
682,3.79238,0.156832102,14.3577038688000 - 1.18580137840000i
683,3.79131,0.156542494,14.3498294912000 - 1.17962819340000i
684,3.79024,0.156251167,14.3419593135000 - 1.17338249920000i
685,3.78916,0.155958111,14.3340113452000 - 1.16721284640000i
686,3.78809,0.155663316,14.3261433505000 - 1.16097382320000i
687,3.78702,0.155366772,14.3182764288000 - 1.15473813840000i
688,3.78595,0.155068469,14.3104075464000 - 1.14858151100000i
689,3.78488,0.154768398,14.3025488223000 - 1.14220108640000i
690,3.78379,0.154466547,14.2946057472000 - 1.13415321460000i
691,3.7827,0.154162907,14.2866599904000 - 1.12618544400000i
692,3.78161,0.153857467,14.2787145696000 - 1.11822207700000i
693,3.78052,0.153550215,14.2707694848000 - 1.11026311360000i
694,3.77943,0.153241141,14.2628276525000 - 1.10223296520000i
695,3.77834,0.152930235,14.2548832195000 - 1.09428283080000i
696,3.77725,0.152617484,14.2469391225000 - 1.08633710000000i
697,3.77617,0.152302878,14.2390737405000 - 1.07832310520000i
698,3.77508,0.151986404,14.2311302735000 - 1.07038618320000i
699,3.77399,0.151668052,14.2231871425000 - 1.06245366480000i
700,3.7729,0.151347809,14.2152443475000 - 1.05452555000000i
701,3.77181,0.151025664,14.2073046632000 - 1.04652640260000i
702,3.77072,0.150701603,14.1993625200000 - 1.03860711680000i
703,3.76963,0.150375615,14.1914207128000 - 1.03069223460000i
704,3.76854,0.150047688,14.1834819555000 - 1.02270638520000i
705,3.76745,0.149717807,14.1755408001000 - 1.01480033200000i
706,3.76636,0.149385962,14.1675999807000 - 1.00689868240000i
707,3.76527,0.149052137,14.1596621504000 - 0.998926131000000i
708,3.76418,0.148716321,14.1517219828000 - 0.991033310400000i
709,3.76312,0.148378499,14.1439974855000 - 0.983453780800000i
710,3.76208,0.148038657,14.1364082688000 - 0.976335001600000i
711,3.76105,0.147696783,14.1288973569000 - 0.969147364000000i
712,3.76001,0.14735286,14.1213091152000 - 0.962036158600000i
713,3.75898,0.147006877,14.1137991003000 - 0.954856099600000i
714,3.75795,0.146658816,14.1062869925000 - 0.947754990000000i
715,3.75691,0.146308665,14.0987027157000 - 0.940579987600000i
716,3.75588,0.145956407,14.0911915415000 - 0.933486415200000i
717,3.75484,0.145602028,14.0836082031000 - 0.926319028000000i
718,3.75381,0.145245511,14.0760979625000 - 0.919232992800000i
719,3.75277,0.144886842,14.0685155625000 - 0.912073220800000i
720,3.75174,0.144526003,14.0610062555000 - 0.904994722800000i
721,3.7507,0.14416298,14.0534247939000 - 0.897842566000000i
722,3.74967,0.143797754,14.0459164205000 - 0.890771605200000i
723,3.74863,0.14343031,14.0383358973000 - 0.883627063600000i
724,3.7476,0.14306063,14.0308284575000 - 0.876563640000000i
725,3.74656,0.142688697,14.0232465520000 - 0.869501644800000i
726,3.74553,0.142314493,14.0157423665000 - 0.862370827200000i
727,3.7445,0.141938001,14.0082363259000 - 0.855318690000000i
728,3.74346,0.141559201,14.0006581475000 - 0.848193166800000i
729,3.74243,0.141178076,13.9931530405000 - 0.841148566800000i
730,3.74143,0.140794606,13.9858282560000 - 0.835610976200000i
731,3.74045,0.140408772,13.9786185481000 - 0.831277608000000i
732,3.73948,0.140020554,13.9714849455000 - 0.826948607200000i
733,3.7385,0.139629934,13.9642800499000 - 0.822544770000000i
734,3.73752,0.13923689,13.9570742588000 - 0.818217878400000i
735,3.73655,0.138841402,13.9499466925000 - 0.813820590000000i
736,3.73557,0.138443449,13.9427435024000 - 0.809498019000000i
737,3.7346,0.138043009,13.9356184759000 - 0.805105068000000i
738,3.73362,0.137640061,13.9284178868000 - 0.800786817600000i
739,3.73265,0.137234583,13.9212932664000 - 0.796472857000000i
740,3.73167,0.136826553,13.9140974120000 - 0.792084274200000i
741,3.7307,0.136415946,13.9069753536000 - 0.787774612000000i
742,3.72972,0.136002741,13.8997820780000 - 0.783390388800000i
743,3.72874,0.135586912,13.8925880067000 - 0.779082935600000i
744,3.72777,0.135168437,13.8854718848000 - 0.774705161400000i
745,3.72679,0.13474729,13.8782804145000 - 0.770402028800000i
746,3.72582,0.134323445,13.8711647763000 - 0.766103108400000i
747,3.72484,0.133896879,13.8639779631000 - 0.761729780000000i
748,3.72387,0.133467563,13.8568648869000 - 0.757435158000000i
749,3.72289,0.133035473,13.8496806525000 - 0.753066189200000i
750,3.72192,0.13260058,13.8425701383000 - 0.748775865600000i
751,3.72094,0.132162856,13.8353864820000 - 0.744485675200000i
752,3.72002,0.131722274,13.8286346155000 - 0.740804782800000i
753,3.71915,0.131278805,13.8222360825000 - 0.737879360000000i
754,3.71828,0.130832419,13.8158407660000 - 0.734880859200000i
755,3.71741,0.130383087,13.8094447056000 - 0.731958029000000i
756,3.71654,0.129930777,13.8030498852000 - 0.729036486400000i
757,3.71566,0.129475459,13.7965819915000 - 0.726114277200000i
758,3.71479,0.129017101,13.7901916152000 - 0.723121021400000i
759,3.71392,0.128555669,13.7838005248000 - 0.720203366400000i
760,3.71305,0.128091132,13.7774106744000 - 0.717286999000000i
761,3.71218,0.127623454,13.7710220640000 - 0.714371919200000i
762,3.71131,0.127152601,13.7646366105000 - 0.711383900800000i
763,3.71044,0.126678538,13.7582504727000 - 0.708471413600000i
764,3.70957,0.126201229,13.7518655749000 - 0.705560214000000i
765,3.7087,0.125720636,13.7454819171000 - 0.702650302000000i
766,3.70783,0.125236721,13.7391013864000 - 0.699667521000000i
767,3.70696,0.124749446,13.7327202012000 - 0.696760201600000i
768,3.70609,0.124258772,13.7263402560000 - 0.693854169800000i
769,3.70522,0.123764657,13.7199615508000 - 0.690949425600000i
770,3.70435,0.123267061,13.7135859429000 - 0.687971882000000i
771,3.70348,0.12276594,13.7072097103000 - 0.685069730400000i
772,3.70261,0.122261253,13.7008347177000 - 0.682168866400000i
773,3.70174,0.121752953,13.6944609651000 - 0.679269290000000i
774,3.70087,0.121240996,13.6880902800000 - 0.676296983800000i
775,3.7,0.120725334,13.6817190000000 - 0.673400000000000i
776,3.69934,0.120205921,13.6768499892000 - 0.672687985600000i
777,3.69869,0.119682708,13.6720539936000 - 0.672051973000000i
778,3.69804,0.119155643,13.6672606487000 - 0.671342181600000i
779,3.69738,0.118624676,13.6623941883000 - 0.670630784400000i
780,3.69672,0.118089754,13.6575267740000 - 0.669993532800000i
781,3.69607,0.117550824,13.6527359533000 - 0.669284355600000i
782,3.69541,0.117007828,13.6478720565000 - 0.668573577200000i
783,3.69476,0.116460711,13.6430811055000 - 0.667938712800000i
784,3.69411,0.115909413,13.6382927960000 - 0.667230148200000i
785,3.69345,0.115353876,13.6334314496000 - 0.666519987000000i
786,3.69279,0.114794037,13.6285691585000 - 0.665883892800000i
787,3.69214,0.114229832,13.6237833732000 - 0.665175942400000i
788,3.69148,0.113661198,13.6189245904000 - 0.664466400000000i
789,3.69083,0.113088065,13.6141386840000 - 0.663832683800000i
790,3.69018,0.112510367,13.6093554099000 - 0.663125346000000i
791,3.68952,0.111928032,13.6044991775000 - 0.662416420800000i
792,3.68886,0.111340986,13.5996420096000 - 0.661781484000000i
793,3.68821,0.110749156,13.5948612597000 - 0.661074760400000i
794,3.68755,0.110152463,13.5900075909000 - 0.660366454000000i
795,3.6869,0.109550828,13.5852267291000 - 0.659733886000000i
796,3.68625,0.108944169,13.5804484904000 - 0.659027775000000i
797,3.68559,0.108332401,13.5755973720000 - 0.658320085800000i
798,3.68493,0.107715437,13.5707453273000 - 0.657686306400000i
799,3.68428,0.107093186,13.5659696128000 - 0.656980809600000i
800,3.68362,0.106465557,13.5611210580000 - 0.656273739200000i
801,3.68296,0.105832453,13.5563195740000 - 0.653651740800000i
802,3.6823,0.105193774,13.5515187300000 - 0.651030640000000i
803,3.68164,0.104549419,13.5467185260000 - 0.648410436800000i
804,3.68098,0.103899281,13.5419189620000 - 0.645791131200000i
805,3.68032,0.103243251,13.5371200380000 - 0.643172723200000i
806,3.67966,0.102581215,13.5323217540000 - 0.640555212800000i
807,3.679,0.101913056,13.5275241100000 - 0.637938600000000i
808,3.67834,0.101238652,13.5227271060000 - 0.635322884800000i
809,3.67768,0.100557878,13.5179307420000 - 0.632708067200000i
810,3.67702,0.099870601,13.5131350180000 - 0.630094147200000i
811,3.67635,0.099176688,13.5082664069000 - 0.627479418000000i
812,3.67569,0.098475996,13.5034719761000 - 0.624867300000000i
813,3.67503,0.09776838,13.4986798784000 - 0.622182579000000i
814,3.67437,0.097053687,13.4938867208000 - 0.619572269400000i
815,3.67371,0.09633176,13.4890942032000 - 0.616962857400000i
816,3.67305,0.095602433,13.4843023256000 - 0.614354343000000i
817,3.67239,0.094865536,13.4795110880000 - 0.611746726200000i
818,3.67173,0.094120889,13.4747204904000 - 0.609140007000000i
819,3.67107,0.093368306,13.4699305328000 - 0.606534185400000i
820,3.67041,0.092607593,13.4651412152000 - 0.603929261400000i
821,3.66975,0.091838547,13.4603525376000 - 0.601325235000000i
822,3.66908,0.091060955,13.4554911183000 - 0.598720474400000i
823,3.66842,0.090274596,13.4507037339000 - 0.596118250000000i
824,3.66776,0.089479237,13.4459169895000 - 0.593516923200000i
825,3.6671,0.088674634,13.4411308851000 - 0.590916494000000i
826,3.66644,0.087860532,13.4363454207000 - 0.588316962400000i
827,3.66573,0.087036663,13.4312498213000 - 0.583144328400000i
828,3.6649,0.086202744,13.4253861504000 - 0.572750572000000i
829,3.66408,0.08535848,13.4195916839000 - 0.562436280000000i
830,3.66326,0.084503558,13.4137962051000 - 0.552053282000000i
831,3.66244,0.083637649,13.4079966720000 - 0.541748124800000i
832,3.66162,0.082760404,13.4021946195000 - 0.531447526800000i
833,3.6608,0.081871458,13.3963914711000 - 0.521078272000000i
834,3.65997,0.080970422,13.3905111525000 - 0.510785413200000i
835,3.65915,0.080056883,13.3847028981000 - 0.500425354000000i
836,3.65833,0.079130404,13.3788907288000 - 0.490143053400000i
837,3.65751,0.078190523,13.3730760401000 - 0.479865312000000i
838,3.65669,0.077236743,13.3672601161000 - 0.469518996000000i
839,3.65586,0.076268539,13.3613672435000 - 0.459249133200000i
840,3.65504,0.075285348,13.3555462135000 - 0.448912012800000i
841,3.65422,0.074286569,13.3497214080000 - 0.438652568800000i
842,3.6534,0.073271555,13.3438940831000 - 0.428397684000000i
843,3.65258,0.072239615,13.3380653835000 - 0.418074306800000i
844,3.65176,0.071190002,13.3322329920000 - 0.407828556800000i
845,3.65093,0.070121912,13.3263261513000 - 0.397513258400000i
846,3.65011,0.069034474,13.3204887096000 - 0.387276671000000i
847,3.64929,0.067926744,13.3146487485000 - 0.377044642800000i
848,3.64847,0.066797697,13.3088072733000 - 0.366744204400000i
849,3.64765,0.065646213,13.3029622456000 - 0.356521311000000i
850,3.64683,0.064471067,13.2971156480000 - 0.346230040200000i
851,3.646,0.063270914,13.2911926336000 - 0.336015360000000i
852,3.64518,0.062044272,13.2853400363000 - 0.325806188400000i
853,3.64436,0.0607895,13.2794857855000 - 0.315528688800000i
854,3.64354,0.059504773,13.2736281216000 - 0.305328652000000i
855,3.64272,0.058188056,13.2677687484000 - 0.295060320000000i
856,3.6418,0.056837059,13.2611690316000 - 0.285662792000000i
857,3.64087,0.055449198,13.2544941544000 - 0.276342033000000i
858,3.63993,0.054021533,13.2477442488000 - 0.267098063400000i
859,3.63899,0.052550697,13.2409929352000 - 0.257858831400000i
860,3.63806,0.0510328,13.2343129747000 - 0.248625020400000i
861,3.63712,0.049463309,13.2275594844000 - 0.239322496000000i
862,3.63619,0.047836882,13.2208766265000 - 0.230098103200000i
863,3.63525,0.046147148,13.2141196181000 - 0.220877790000000i
864,3.63432,0.044386397,13.2074344703000 - 0.211590110400000i
865,3.63338,0.042545141,13.2006746019000 - 0.202379266000000i
866,3.63244,0.040611463,13.1939133255000 - 0.193173159200000i
867,3.63151,0.038570011,13.1872232712000 - 0.183972296600000i
868,3.63057,0.036400375,13.1804596413000 - 0.174703028400000i
869,3.62964,0.034074268,13.1737666896000 - 0.165511584000000i
870,3.6287,0.031550194,13.1669997184000 - 0.156324396000000i
871,3.62777,0.028762003,13.1603043000000 - 0.147069795800000i
872,3.62683,0.025588823,13.1535344688000 - 0.137892076600000i
873,3.6259,0.021738559,13.1468357475000 - 0.128719450000000i
874,3.62496,0.015778402,13.1400634112000 - 0.119478681600000i
875,3.62402,0.011460816,13.1332893120000 - 0.110315168800000i
876,3.62309,0.00833081,13.1265862665000 - 0.101156672800000i
877,3.62215,0.006060061,13.1198093325000 - 0.0920026100000000i
878,3.62122,0.004411474,13.1131036435000 - 0.0827810892000000i
879,3.62028,0.003213707,13.1063238495000 - 0.0736364952000000i
880,3.61935,0.002342846,13.0996150344000 - 0.0644968170000000i
881,3.61841,0.001709208,13.0928325585000 - 0.0552893048000000i
882,3.61748,0.001247839,13.0861208460000 - 0.0461590448000000i
883,3.61654,0.000911663,13.0793353572000 - 0.0370333696000000i
884,3.6156,0.000666531,13.0725484604000 - 0.0279124320000000i
885,3.61467,0.000487658,13.0658325008000 - 0.0187239906000000i
886,3.61367,0.000357042,13.0586079448000 - 0.0123587514000000i
887,3.61251,0.000261596,13.0502253317000 - 0.0128605356000000i
888,3.61136,0.0001918,13.0419176271000 - 0.0133620320000000i
889,3.6102,0.000140725,13.0335403151000 - 0.0139353720000000i
890,3.60905,0.000103323,13.0252379025000 - 0.0144362000000000i
891,3.60789,7.59E-05,13.0168659672000 - 0.0149366646000000i
892,3.60673,5.58E-05,13.0084967133000 - 0.0154368044000000i
893,3.60558,4.11E-05,13.0002022523000 - 0.0159366636000000i
894,3.60442,3.02E-05,12.9918382923000 - 0.0165082436000000i
895,3.60326,2.23E-05,12.9834770580000 - 0.0170073872000000i
896,3.60211,1.64E-05,12.9751905472000 - 0.0175062546000000i
897,3.60095,1.21E-05,12.9668346525000 - 0.0180047500000000i
898,3.5998,8.95E-06,12.9585534351000 - 0.0185029720000000i
899,3.59864,6.61E-06,12.9502028271000 - 0.0190727920000000i
900,3.59748,4.89E-06,12.9418549520000 - 0.0195702912000000i
901,3.59633,3.61E-06,12.9335816848000 - 0.0200675214000000i
902,3.59517,2.68E-06,12.9252391493000 - 0.0205643724000000i
903,3.59402,1.98E-06,12.9169711755000 - 0.0210609572000000i
904,3.59286,1.47E-06,12.9086339796000 - 0.0215571600000000i
905,3.5917,1.09E-06,12.9002994036000 - 0.0221248720000000i
906,3.59055,8.09E-07,12.8920393800000 - 0.0226204650000000i
907,3.58939,6.01E-07,12.8837102037000 - 0.0231156716000000i
908,3.58824,4.47E-07,12.8754554735000 - 0.0236106192000000i
909,3.58708,3.32E-07,12.8671316368000 - 0.0241051776000000i
910,3.58592,2.47E-07,12.8588104128000 - 0.0246711296000000i
911,3.58477,1.84E-07,12.8505636328000 - 0.0251650854000000i
912,3.58361,1.37E-07,12.8422478157000 - 0.0256586476000000i
913,3.58245,1.02E-07,12.8339346800000 - 0.0261518850000000i
914,3.5813,7.63E-08,12.8256958516000 - 0.0266448720000000i
915,3.58014,5.70E-08,12.8173879796000 - 0.0272090640000000i
916,3.57899,4.26E-08,12.8091544432000 - 0.0277013826000000i
917,3.57783,3.18E-08,12.8008519853000 - 0.0281933004000000i
918,3.57667,2.38E-08,12.7925522088000 - 0.0286848934000000i
919,3.57557,1.78E-08,12.7846849048000 - 0.0285330486000000i
920,3.57451,1.34E-08,12.7771066857000 - 0.0277381976000000i
921,3.57346,1.00E-08,12.7696022340000 - 0.0268724192000000i
922,3.5724,7.51E-09,12.7620284375000 - 0.0260785200000000i
923,3.57135,5.63E-09,12.7545282909000 - 0.0252851580000000i
924,3.57029,4.23E-09,12.7469589877000 - 0.0244207836000000i
925,3.56924,3.18E-09,12.7394632215000 - 0.0236283688000000i
926,3.56818,2.39E-09,12.7318983363000 - 0.0227649884000000i
927,3.56713,1.80E-09,12.7244069505000 - 0.0219735208000000i
928,3.56607,1.35E-09,12.7168464833000 - 0.0211111344000000i
929,3.56502,1.02E-09,12.7093594779000 - 0.0203206140000000i
930,3.56396,7.68E-10,12.7018034287000 - 0.0194592216000000i
931,3.56291,5.79E-10,12.6943208037000 - 0.0186696484000000i
932,3.56185,4.37E-10,12.6867691725000 - 0.0178092500000000i
933,3.5608,3.30E-10,12.6792909279000 - 0.0170206240000000i
934,3.55974,2.49E-10,12.6717437147000 - 0.0161612196000000i
935,3.55869,1.89E-10,12.6642698505000 - 0.0153735408000000i
936,3.55763,1.43E-10,12.6567270144000 - 0.0145862830000000i
937,3.55657,1.08E-10,12.6491864400000 - 0.0137283602000000i
938,3.55552,8.18E-11,12.6417191580000 - 0.0129420928000000i
939,3.55446,6.20E-11,12.6341830016000 - 0.0120851640000000i
940,3.55341,4.70E-11,12.6267201000000 - 0.0112998438000000i
941,3.55235,3.57E-11,12.6191883616000 - 0.0104439090000000i
942,3.5513,2.71E-11,12.6117298404000 - 0.00965953600000000i
943,3.55024,2.06E-11,12.6042025200000 - 0.00880459520000000i
944,3.54919,1.56E-11,12.5967483792000 - 0.00802116940000000i
945,3.54813,1.19E-11,12.5892254768000 - 0.00716722260000000i
946,3.54708,9.04E-12,12.5817757181990 - 0.00637764984000000i
947,3.54602,6.89E-12,12.5742572241750 - 0.00556725140000000i
948,3.54497,5.25E-12,12.5668118520000 - 0.00475025980000000i
949,3.54391,4.00E-12,12.5592977800750 - 0.00393374010000000i
950,3.54286,3.05E-12,12.5518567851190 - 0.00312480252000000i
951,3.5418,2.33E-12,12.5443471337240 - 0.00230925360000000i
952,3.54075,1.78E-12,12.5369105175560 - 0.00150127800000000i
953,3.53969,1.36E-12,12.5294052866910 - 0.000686699860000000i
954,3.5387,1.04E-12,12.5223976899998 - 3.02204980000000e-06i
955,3.53802,7.94E-13,12.5175855203897 - 2.27140884000000e-05i
956,3.53735,6.08E-13,12.5128450224642 - 4.23067060000000e-05i
957,3.53667,4.65E-13,12.5080346888233 - 6.19624584000000e-05i
958,3.536,3.56E-13,12.5032959998678 - 8.13280000000000e-05i
959,3.53532,2.73E-13,12.4984875021955 - 0.000101110152000000i
960,3.53464,2.10E-13,12.4936799293076 - 0.000120884688000000i
961,3.53397,1.61E-13,12.4889439605040 - 0.000140652006000000i
962,3.53329,1.24E-13,12.4841382235847 - 0.000160411366000000i
963,3.53262,9.49E-14,12.4794040637548 - 0.000179457096000000i
964,3.53194,7.30E-14,12.4746001628048 - 0.000199201416000000i
965,3.53127,5.61E-14,12.4698678119390 - 0.000218938740000000i
966,3.53059,4.32E-14,12.4650657469576 - 0.000238667884000000i
967,3.52992,3.33E-14,12.4603352050678 - 0.000257684160000000i
968,3.52924,2.56E-14,12.4555349760555 - 0.000277398264000000i
969,3.52857,1.98E-14,12.4508062431276 - 0.000297105594000000i
970,3.52789,1.52E-14,12.4460078500840 - 0.000316804522000000i
971,3.52722,1.18E-14,12.4412809261247 - 0.000336496788000000i
972,3.52654,9.08E-15,12.4364843690598 - 0.000355475232000000i
973,3.52587,7.01E-15,12.4317592540698 - 0.000375152568000000i
974,3.52519,5.42E-15,12.4269645329640 - 0.000394821280000000i
975,3.52452,4.19E-15,12.4222412269426 - 0.000414483552000000i
976,3.52384,3.24E-15,12.4174483418178 - 0.000433432320000000i
977,3.52317,2.51E-15,12.4127268447655 - 0.000453079662000000i
978,3.52249,1.94E-15,12.4079357955976 - 0.000472718158000000i
979,3.52182,1.51E-15,12.4032161075140 - 0.000492350436000000i
980,3.52114,1.17E-15,12.3984268943147 - 0.000511973756000000i
981,3.52046,9.06E-16,12.3936386059148 - 0.000530885368000000i
982,3.51979,7.03E-16,12.3889216379848 - 0.000550495156000000i
983,3.51911,5.46E-16,12.3841351855390 - 0.000570095820000000i
984,3.51844,4.24E-16,12.3794200265776 - 0.000589690544000000i
985,3.51776,3.30E-16,12.3746354101004 - 0.000609276032000000i
986,3.51709,2.57E-16,12.3699220601255 - 0.000628152274000000i
987,3.51641,2.00E-16,12.3651392796176 - 0.000647722722000000i
988,3.51574,1.55E-16,12.3604277385940 - 0.000667287452000000i
989,3.51506,1.21E-16,12.3556467940547 - 0.000686842724000000i
990,3.51439,9.44E-17,12.3509370621000 - 0.000702878000000000i
991,3.51371,7.36E-17,12.3461579534910 - 0.000723824260000000i
992,3.51304,5.74E-17,12.3414500303640 - 0.000744764480000000i
993,3.51253,4.48E-17,12.3378669902910 - 0.000723581180000000i
994,3.51202,3.50E-17,12.3342844701990 - 0.000709428040000000i
995,3.51151,2.74E-17,12.3307024704371 - 0.000690362866000000i
996,3.511,2.14E-17,12.3271209908415 - 0.000672005400000000i
997,3.51049,1.67E-17,12.3235400314138 - 0.000654355336000000i
998,3.50998,1.31E-17,12.3199595921916 - 0.000636008376000000i
999,3.50947,1.02E-17,12.3163796731560 - 0.000617666720000000i
1000,3.50897,8.02E-18,12.3128704535898 - 0.000600033870000000i
1001,3.50846,6.29E-18,12.3092915647276 - 0.000581702668000000i
1002,3.50795,4.93E-18,12.3057131960358 - 0.000564078360000000i
1003,3.50744,3.87E-18,12.3021353475472 - 0.000545757664000000i
1004,3.50693,3.04E-18,12.2985580192450 - 0.000527442272000000i
1005,3.50642,2.38E-18,12.2949812111147 - 0.000509833468000000i
1006,3.50591,1.87E-18,12.2914049231860 - 0.000491528582000000i
1007,3.5054,1.47E-18,12.2878291554437 - 0.000473229000000000i
1008,3.50489,1.16E-18,12.2842539078750 - 0.000455635700000000i
1009,3.50438,9.10E-19,12.2806791805062 - 0.000437346624000000i
1010,3.50388,7.17E-19,12.2771750508240 - 0.000419064048000000i
1011,3.50337,5.64E-19,12.2736013536167 - 0.000401486202000000i
1012,3.50286,4.45E-19,12.2700281766079 - 0.000383212884000000i
1013,3.50235,3.50E-19,12.2664555197856 - 0.000364944870000000i
1014,3.50184,2.76E-19,12.2628833831398 - 0.000347382528000000i
1015,3.50133,2.18E-19,12.2593117666910 - 0.000329125020000000i
1016,3.50082,1.72E-19,12.2557406704198 - 0.000311572980000000i
1017,3.50031,1.36E-19,12.2521700943444 - 0.000293325978000000i
1018,3.4998,1.07E-19,12.2486000384555 - 0.000275084280000000i
1019,3.4993,8.49E-20,12.2451004886458 - 0.000257548480000000i
1020,3.49879,6.71E-20,12.2415314629304 - 0.000239317236000000i
1021,3.49828,5.31E-20,12.2379629574014 - 0.000221091296000000i
1022,3.49777,4.20E-20,12.2343949720532 - 0.000203570214000000i
1023,3.49726,3.33E-20,12.2308275068977 - 0.000185354780000000i
1024,3.49675,2.64E-20,12.2272605619288 - 0.000167144650000000i
1025,3.49624,2.09E-20,12.2236941371420 - 0.000149639072000000i
1026,3.49573,1.66E-20,12.2201282325466 - 0.000131439448000000i
1027,3.49522,1.32E-20,12.2165628481376 - 0.000113245128000000i
1028,3.49471,1.04E-20,12.2129979839123 - 9.57550540000000e-05i
1029,3.49421,8.29E-21,12.2095035239768 - 7.75714620000000e-05i
1030,3.4937,6.58E-21,12.2059396899269 - 5.97422700000000e-05i
1031,3.49319,5.23E-21,12.2023763760642 - 4.17785524000000e-05i
1032,3.49268,4.16E-21,12.1988135823883 - 2.38899312000000e-05i
1033,3.49217,3.31E-21,12.1952513088993 - 5.97161070000000e-06i
1034,3.49171,2.63E-21,12.1920387241000 + 0.00000000000000i
1035,3.49127,2.10E-21,12.1889662129000 + 0.00000000000000i
1036,3.49083,1.67E-21,12.1858940889000 + 0.00000000000000i
1037,3.4904,1.33E-21,12.1828921600000 + 0.00000000000000i
1038,3.48996,1.06E-21,12.1798208016000 + 0.00000000000000i
1039,3.48952,8.47E-22,12.1767498304000 + 0.00000000000000i
1040,3.48908,6.76E-22,12.1736792464000 + 0.00000000000000i
1041,3.48864,5.39E-22,12.1706090496000 + 0.00000000000000i
1042,3.48821,4.31E-22,12.1676090041000 + 0.00000000000000i
1043,3.48777,3.44E-22,12.1645395729000 + 0.00000000000000i
1044,3.48733,2.75E-22,12.1614705289000 + 0.00000000000000i
1045,3.48689,2.20E-22,12.1584018721000 + 0.00000000000000i
1046,3.48646,1.76E-22,12.1554033316000 + 0.00000000000000i
1047,3.48602,1.41E-22,12.1523354404000 + 0.00000000000000i
1048,3.48558,1.13E-22,12.1492679364000 + 0.00000000000000i
1049,3.48514,9.04E-23,12.1462008196000 + 0.00000000000000i
1050,3.48471,7.24E-23,12.1432037841000 + 0.00000000000000i
1051,3.48427,5.81E-23,12.1401374329000 + 0.00000000000000i
1052,3.48383,4.66E-23,12.1370714689000 + 0.00000000000000i
1053,3.48339,3.74E-23,12.1340058921000 + 0.00000000000000i
1054,3.48296,3.00E-23,12.1310103616000 + 0.00000000000000i
1055,3.48252,2.41E-23,12.1279455504000 + 0.00000000000000i
1056,3.48208,1.94E-23,12.1248811264000 + 0.00000000000000i
1057,3.48164,1.56E-23,12.1218170896000 + 0.00000000000000i
1058,3.4812,1.25E-23,12.1187534400000 + 0.00000000000000i
1059,3.48077,1.01E-23,12.1157597929000 + 0.00000000000000i
1060,3.48033,8.10E-24,12.1126969089000 + 0.00000000000000i
1061,3.47989,6.52E-24,12.1096344121000 + 0.00000000000000i
1062,3.47945,5.26E-24,12.1065723025000 + 0.00000000000000i
1063,3.47902,4.23E-24,12.1035801604000 + 0.00000000000000i
1064,3.47858,3.41E-24,12.1005188164000 + 0.00000000000000i
1065,3.47814,2.75E-24,12.0974578596000 + 0.00000000000000i
1066,3.4777,2.22E-24,12.0943972900000 + 0.00000000000000i
1067,3.47727,1.79E-24,12.0914066529000 + 0.00000000000000i
1068,3.47683,1.45E-24,12.0883468489000 + 0.00000000000000i
1069,3.47639,1.17E-24,12.0852874321000 + 0.00000000000000i
1070,3.47595,9.45E-25,12.0822284025000 + 0.00000000000000i
1071,3.47552,7.64E-25,12.0792392704000 + 0.00000000000000i
1072,3.47508,6.18E-25,12.0761810064000 + 0.00000000000000i
1073,3.47464,5.00E-25,12.0731231296000 + 0.00000000000000i
1074,3.4742,4.04E-25,12.0700656400000 + 0.00000000000000i
1075,3.47377,3.27E-25,12.0670780129000 + 0.00000000000000i
1076,3.47333,2.65E-25,12.0640212889000 + 0.00000000000000i
1077,3.47289,2.15E-25,12.0609649521000 + 0.00000000000000i
1078,3.47245,1.74E-25,12.0579090025000 + 0.00000000000000i
1079,3.47207,1.41E-25,12.0552700849000 + 0.00000000000000i
1080,3.47171,1.15E-25,12.0527703241000 + 0.00000000000000i
1081,3.47135,9.31E-26,12.0502708225000 + 0.00000000000000i
1082,3.47098,7.56E-26,12.0477021604000 + 0.00000000000000i
1083,3.47062,6.14E-26,12.0452031844000 + 0.00000000000000i
1084,3.47026,4.99E-26,12.0427044676000 + 0.00000000000000i
1085,3.4699,4.05E-26,12.0402060100000 + 0.00000000000000i
1086,3.46954,3.30E-26,12.0377078116000 + 0.00000000000000i
1087,3.46918,2.68E-26,12.0352098724000 + 0.00000000000000i
1088,3.46881,2.18E-26,12.0326428161000 + 0.00000000000000i
1089,3.46845,1.78E-26,12.0301454025000 + 0.00000000000000i
1090,3.46809,1.45E-26,12.0276482481000 + 0.00000000000000i
1091,3.46773,1.18E-26,12.0251513529000 + 0.00000000000000i
1092,3.46737,9.61E-27,12.0226547169000 + 0.00000000000000i
1093,3.467,7.83E-27,12.0200890000000 + 0.00000000000000i
1094,3.46664,6.39E-27,12.0175928896000 + 0.00000000000000i
1095,3.46628,5.21E-27,12.0150970384000 + 0.00000000000000i
1096,3.46592,4.26E-27,12.0126014464000 + 0.00000000000000i
1097,3.46556,3.47E-27,12.0101061136000 + 0.00000000000000i
1098,3.46519,2.84E-27,12.0075417361000 + 0.00000000000000i
1099,3.46483,2.32E-27,12.0050469289000 + 0.00000000000000i
1100,3.46447,1.90E-27,12.0025523809000 + 0.00000000000000i
1101,3.46411,1.55E-27,12.0000580921000 + 0.00000000000000i
1102,3.46375,1.27E-27,11.9975640625000 + 0.00000000000000i
1103,3.46338,1.04E-27,11.9950010244000 + 0.00000000000000i
1104,3.46302,8.50E-28,11.9925075204000 + 0.00000000000000i
1105,3.46266,6.96E-28,11.9900142756000 + 0.00000000000000i
1106,3.4623,5.70E-28,11.9875212900000 + 0.00000000000000i
1107,3.46194,4.67E-28,11.9850285636000 + 0.00000000000000i
1108,3.46158,3.83E-28,11.9825360964000 + 0.00000000000000i
1109,3.46121,3.14E-28,11.9799746641000 + 0.00000000000000i
1110,3.46085,2.58E-28,11.9774827225000 + 0.00000000000000i
1111,3.46049,2.12E-28,11.9749910401000 + 0.00000000000000i
1112,3.46013,1.74E-28,11.9724996169000 + 0.00000000000000i
1113,3.45977,1.43E-28,11.9700084529000 + 0.00000000000000i
1114,3.4594,1.17E-28,11.9674483600000 + 0.00000000000000i
1115,3.45904,9.63E-29,11.9649577216000 + 0.00000000000000i
1116,3.45868,7.91E-29,11.9624673424000 + 0.00000000000000i
1117,3.45832,6.51E-29,11.9599772224000 + 0.00000000000000i
1118,3.45796,5.35E-29,11.9574873616000 + 0.00000000000000i
1119,3.45759,4.40E-29,11.9549286081000 + 0.00000000000000i
1120,3.45723,3.62E-29,11.9524392729000 + 0.00000000000000i
1121,3.45687,2.98E-29,11.9499501969000 + 0.00000000000000i
1122,3.45651,2.46E-29,11.9474613801000 + 0.00000000000000i
1123,3.45615,2.02E-29,11.9449728225000 + 0.00000000000000i
1124,3.45578,1.67E-29,11.9424154084000 + 0.00000000000000i
1125,3.45542,1.37E-29,11.9399273764000 + 0.00000000000000i
1126,3.45506,1.13E-29,11.9374396036000 + 0.00000000000000i
1127,3.4547,9.32E-30,11.9349520900000 + 0.00000000000000i
1128,3.45438,7.68E-30,11.9327411844000 + 0.00000000000000i
1129,3.45407,6.33E-30,11.9305995649000 + 0.00000000000000i
1130,3.45377,5.22E-30,11.9285272129000 + 0.00000000000000i
1131,3.45346,4.30E-30,11.9263859716000 + 0.00000000000000i
1132,3.45316,3.54E-30,11.9243139856000 + 0.00000000000000i
1133,3.45285,2.91E-30,11.9221731225000 + 0.00000000000000i
1134,3.45255,2.40E-30,11.9201015025000 + 0.00000000000000i
1135,3.45224,1.97E-30,11.9179610176000 + 0.00000000000000i
1136,3.45194,1.62E-30,11.9158897636000 + 0.00000000000000i
1137,3.45163,1.33E-30,11.9137496569000 + 0.00000000000000i
1138,3.45133,1.09E-30,11.9116787689000 + 0.00000000000000i
1139,3.45102,8.90E-31,11.9095390404000 + 0.00000000000000i
1140,3.45072,7.27E-31,11.9074685184000 + 0.00000000000000i
1141,3.45041,5.91E-31,11.9053291681000 + 0.00000000000000i
1142,3.45011,4.80E-31,11.9032590121000 + 0.00000000000000i
1143,3.4498,3.88E-31,11.9011200400000 + 0.00000000000000i
1144,3.4495,3.12E-31,11.8990502500000 + 0.00000000000000i
1145,3.44919,2.49E-31,11.8969116561000 + 0.00000000000000i
1146,3.44889,1.98E-31,11.8948422321000 + 0.00000000000000i
1147,3.44858,1.55E-31,11.8927040164000 + 0.00000000000000i
1148,3.44828,1.21E-31,11.8906349584000 + 0.00000000000000i
1149,3.44797,9.25E-32,11.8884971209000 + 0.00000000000000i
1150,3.44767,6.94E-32,11.8864284289000 + 0.00000000000000i
1151,3.44736,5.08E-32,11.8842909696000 + 0.00000000000000i
1152,3.44706,3.58E-32,11.8822226436000 + 0.00000000000000i
1153,3.44675,2.39E-32,11.8800855625000 + 0.00000000000000i
1154,3.44645,1.47E-32,11.8780176025000 + 0.00000000000000i
1155,3.44614,7.78E-33,11.8758808996000 + 0.00000000000000i
1156,3.44584,2.89E-33,11.8738133056000 + 0.00000000000000i
1157,3.44554,0,11.8717458916000 + 0.00000000000000i
