235,2.6116,3.7405,-7.1711-19.538i
236,2.6653,3.8012,-7.3455-20.263i
237,2.7321,3.8548,-7.3953-21.064i
238,2.8096,3.899,-7.3083-21.909i
239,2.8949,3.9321,-7.0806-22.766i
240,2.9856,3.9534,-6.7153-23.606i
241,3.079,3.9626,-6.2217-24.402i
242,3.1725,3.9599,-5.6162-25.125i
243,3.2631,3.9467,-4.9285-25.757i
244,3.3499,3.9254,-4.1869-26.299i
245,3.4324,3.8974,-3.4083-26.755i
246,3.5108,3.864,-2.6051-27.131i
247,3.5849,3.826,-1.787-27.432i
248,3.6549,3.7841,-0.96157-27.661i
249,3.7208,3.7389,-0.13495-27.824i
250,3.7829,3.6908,0.68848-27.924i
251,3.8412,3.64,1.5052-27.964i
252,3.8957,3.5868,2.3115-27.947i
253,3.9464,3.5314,3.1032-27.872i
254,3.9931,3.474,3.8761-27.743i
255,4.0356,3.4148,4.6255-27.561i
256,4.0739,3.354,5.3471-27.327i
257,4.1075,3.2919,6.0348-27.043i
258,4.1361,3.229,6.6804-26.711i
259,4.1594,3.1662,7.2751-26.339i
260,4.1776,3.1044,7.8149-25.938i
261,4.191,3.0441,8.2978-25.516i
262,4.2001,2.986,8.7242-25.083i
263,4.2053,2.9307,9.0954-24.648i
264,4.2071,2.8784,9.4143-24.219i
265,4.2062,2.8297,9.6853-23.805i
266,4.2036,2.7847,9.9158-23.412i
267,4.2001,2.7431,10.116-23.043i
268,4.1962,2.7045,10.294-22.697i
269,4.192,2.6683,10.453-22.371i
270,4.1877,2.6345,10.597-22.065i
271,4.1836,2.6026,10.729-21.776i
272,4.1795,2.5724,10.85-21.503i
273,4.1755,2.5439,10.963-21.244i
274,4.1716,2.5167,11.069-20.998i
275,4.1679,2.4908,11.167-20.763i
276,4.1641,2.4662,11.258-20.539i
277,4.1603,2.4428,11.341-20.325i
278,4.1566,2.4206,11.418-20.123i
279,4.153,2.3997,11.489-19.931i
280,4.1495,2.3799,11.554-19.751i
281,4.1462,2.3614,11.615-19.582i
282,4.1433,2.344,11.672-19.423i
283,4.1406,2.3277,11.726-19.276i
284,4.1384,2.3125,11.779-19.14i
285,4.1367,2.2984,11.83-19.015i
286,4.1356,2.2851,11.881-18.901i
287,4.1352,2.2727,11.934-18.796i
288,4.1353,2.2611,11.989-18.7i
289,4.1362,2.25,12.045-18.613i
290,4.1377,2.2396,12.105-18.533i
291,4.1399,2.2297,12.167-18.461i
292,4.1427,2.2202,12.232-18.395i
293,4.1461,2.2111,12.301-18.335i
294,4.1502,2.2024,12.373-18.281i
295,4.1548,2.194,12.449-18.231i
296,4.16,2.1859,12.527-18.186i
297,4.1657,2.1781,12.609-18.147i
298,4.1719,2.1707,12.693-18.112i
299,4.1788,2.1636,12.781-18.083i
300,4.1863,2.1569,12.873-18.059i
301,4.1945,2.1505,12.969-18.041i
302,4.2034,2.1444,13.07-18.028i
303,4.2131,2.1386,13.177-18.02i
304,4.2237,2.1331,13.289-18.019i
305,4.2351,2.1278,13.409-18.023i
306,4.2477,2.1227,13.537-18.033i
307,4.2614,2.1175,13.676-18.047i
308,4.2764,2.1122,13.826-18.065i
309,4.2924,2.1066,13.987-18.085i
310,4.3097,2.1006,14.161-18.106i
311,4.3281,2.094,14.347-18.126i
312,4.3475,2.0868,14.546-18.145i
313,4.3681,2.0789,14.758-18.161i
314,4.3896,2.0701,14.983-18.174i
315,4.4121,2.0605,15.221-18.182i
316,4.4356,2.0498,15.473-18.185i
317,4.4601,2.0381,15.739-18.181i
318,4.4856,2.0252,16.019-18.169i
319,4.5121,2.0109,16.315-18.147i
320,4.5395,1.9949,16.627-18.111i
321,4.5676,1.977,16.954-18.06i
322,4.5963,1.9572,17.295-17.991i
323,4.6253,1.9352,17.648-17.902i
324,4.6544,1.911,18.012-17.789i
325,4.6836,1.8844,18.385-17.651i
326,4.7123,1.8554,18.764-17.486i
327,4.7405,1.8238,19.146-17.292i
328,4.7678,1.7897,19.529-17.066i
329,4.7939,1.753,19.908-16.807i
330,4.8182,1.7137,20.279-16.514i
331,4.8403,1.6719,20.633-16.185i
332,4.8598,1.6283,20.966-15.826i
333,4.8765,1.5832,21.274-15.441i
334,4.8903,1.537,21.553-15.033i
335,4.9014,1.4901,21.803-14.607i
336,4.9095,1.4427,22.022-14.166i
337,4.9149,1.3952,22.21-13.715i
338,4.9176,1.3478,22.366-13.256i
339,4.9175,1.3008,22.49-12.793i
340,4.9149,1.2543,22.583-12.33i
341,4.9098,1.2087,22.645-11.869i
342,4.9024,1.1641,22.678-11.414i
343,4.8928,1.1207,22.683-10.967i
344,4.8812,1.0788,22.662-10.532i
345,4.868,1.0384,22.619-10.11i
346,4.8533,0.99955,22.555-9.7022i
347,4.8372,0.96218,22.473-9.3086i
348,4.82,0.92635,22.374-8.93i
349,4.8016,0.89208,22.259-8.5668i
350,4.7822,0.85938,22.131-8.2195i
351,4.7619,0.82829,21.99-7.8885i
352,4.7408,0.79883,21.837-7.5742i
353,4.719,0.77105,21.674-7.2771i
354,4.6966,0.74497,21.503-6.9976i
355,4.6737,0.72064,21.324-6.7361i
356,4.6505,0.69809,21.139-6.4929i
357,4.627,0.67735,20.95-6.2682i
358,4.6035,0.65847,20.759-6.0625i
359,4.5802,0.64148,20.566-5.8762i
360,4.5573,0.62629,20.377-5.7084i
361,4.5351,0.61275,20.192-5.5578i
362,4.5137,0.60067,20.012-5.4224i
363,4.4931,0.58989,19.84-5.3009i
364,4.4735,0.58025,19.675-5.1915i
365,4.4549,0.57158,19.519-5.0926i
366,4.4373,0.56374,19.372-5.003i
367,4.4207,0.55657,19.233-4.9209i
368,4.4052,0.54994,19.104-4.8452i
369,4.3908,0.54369,18.983-4.7744i
370,4.3773,0.53768,18.872-4.7072i
371,4.3648,0.5318,18.768-4.6424i
372,4.3531,0.5259,18.673-4.5786i
373,4.3423,0.51986,18.585-4.5148i
374,4.3322,0.51357,18.504-4.4498i
375,4.3227,0.50691,18.429-4.3824i
376,4.3136,0.4998,18.357-4.3118i
377,4.3046,0.4923,18.287-4.2383i
378,4.2957,0.48448,18.218-4.1624i
379,4.2868,0.47641,18.15-4.0845i
380,4.2778,0.46816,18.081-4.0054i
381,4.2687,0.4598,18.011-3.9255i
382,4.2595,0.45138,17.94-3.8453i
383,4.2502,0.44296,17.868-3.7653i
384,4.2406,0.43459,17.794-3.6859i
385,4.2309,0.42634,17.719-3.6076i
386,4.221,0.41824,17.642-3.5307i
387,4.2109,0.41035,17.563-3.4559i
388,4.2006,0.40273,17.483-3.3834i
389,4.1902,0.39541,17.402-3.3137i
390,4.1797,0.38843,17.319-3.2471i
391,4.1691,0.38186,17.236-3.184i
392,4.1585,0.37572,17.152-3.1249i
393,4.1479,0.37005,17.068-3.0699i
394,4.1374,0.36488,16.985-3.0193i
395,4.1272,0.36018,16.904-2.973i
396,4.1171,0.3559,16.824-2.9306i
397,4.1074,0.35198,16.747-2.8915i
398,4.098,0.34839,16.673-2.8554i
399,4.089,0.34509,16.601-2.8222i
400,4.0803,0.34202,16.532-2.7911i
401,4.072,0.33915,16.466-2.7621i
402,4.0641,0.33644,16.404-2.7347i
403,4.0565,0.33385,16.344-2.7086i
404,4.0494,0.33135,16.288-2.6835i
405,4.0426,0.32889,16.234-2.6591i
406,4.0361,0.32644,16.184-2.6351i
407,4.03,0.32397,16.136-2.6112i
408,4.0242,0.32144,16.091-2.5871i
409,4.0187,0.31882,16.049-2.5625i
410,4.0136,0.31608,16.009-2.5372i
411,4.0086,0.3132,15.971-2.511i
412,4.0039,0.31013,15.935-2.4835i
413,3.9994,0.30686,15.901-2.4545i
414,3.995,0.30336,15.868-2.4239i
415,3.9907,0.29967,15.836-2.3918i
416,3.9864,0.29578,15.804-2.3582i
417,3.9822,0.29174,15.772-2.3235i
418,3.9779,0.28755,15.741-2.2877i
419,3.9736,0.28323,15.709-2.2509i
420,3.9692,0.2788,15.677-2.2132i
421,3.9648,0.27429,15.645-2.175i
422,3.9604,0.26969,15.612-2.1361i
423,3.9558,0.26504,15.578-2.0969i
424,3.9512,0.26034,15.545-2.0573i
425,3.9466,0.25561,15.51-2.0176i
426,3.9418,0.25086,15.475-1.9777i
427,3.937,0.24611,15.439-1.9379i
428,3.932,0.24138,15.403-1.8982i
429,3.927,0.23666,15.366-1.8587i
430,3.9219,0.23199,15.328-1.8197i
431,3.9168,0.22736,15.289-1.781i
432,3.9115,0.2228,15.25-1.743i
433,3.9062,0.21831,15.211-1.7055i
434,3.9009,0.2139,15.171-1.6688i
435,3.8954,0.20959,15.13-1.6329i
436,3.89,0.20539,15.09-1.5979i
437,3.8845,0.20128,15.049-1.5637i
438,3.879,0.19727,15.008-1.5304i
439,3.8735,0.19336,14.967-1.498i
440,3.868,0.18955,14.926-1.4664i
441,3.8625,0.18582,14.885-1.4355i
442,3.8571,0.18219,14.844-1.4054i
443,3.8516,0.17864,14.803-1.3761i
444,3.8461,0.17518,14.762-1.3475i
445,3.8407,0.1718,14.721-1.3197i
446,3.8353,0.16851,14.681-1.2926i
447,3.8299,0.16529,14.641-1.2661i
448,3.8245,0.16215,14.601-1.2403i
449,3.8192,0.15909,14.561-1.2152i
450,3.8139,0.15611,14.521-1.1908i
451,3.8086,0.1532,14.482-1.167i
452,3.8033,0.15036,14.443-1.1437i
453,3.7981,0.14759,14.404-1.1211i
454,3.7929,0.14489,14.365-1.0991i
455,3.7878,0.14226,14.327-1.0777i
456,3.7827,0.13969,14.289-1.0568i
457,3.7776,0.13719,14.251-1.0365i
458,3.7725,0.13475,14.214-1.0167i
459,3.7675,0.13237,14.177-0.99742i
460,3.7626,0.13005,14.14-0.97864i
461,3.7576,0.12779,14.103-0.96038i
462,3.7527,0.12559,14.067-0.94261i
463,3.7479,0.12344,14.031-0.92528i
464,3.7431,0.12135,13.996-0.90845i
465,3.7383,0.11931,13.961-0.89204i
466,3.7336,0.11732,13.926-0.87605i
467,3.7289,0.11538,13.891-0.86048i
468,3.7243,0.11349,13.857-0.84533i
469,3.7197,0.11165,13.823-0.8306i
470,3.7151,0.10986,13.79-0.81628i
471,3.7106,0.10811,13.757-0.8023i
472,3.7061,0.10641,13.724-0.78873i
473,3.7017,0.10475,13.691-0.7755i
474,3.6973,0.10314,13.659-0.76268i
475,3.6929,0.10156,13.627-0.75011i
476,3.6886,0.10003,13.596-0.73795i
477,3.6844,0.09853,13.565-0.72604i
478,3.6802,0.09707,13.534-0.71447i
479,3.676,0.09565,13.504-0.70322i
480,3.6719,0.09427,13.474-0.69229i
481,3.6678,0.09292,13.444-0.68162i
482,3.6637,0.0916,13.414-0.67119i
483,3.6597,0.09032,13.385-0.66109i
484,3.6558,0.08907,13.357-0.65124i
485,3.6519,0.08785,13.328-0.64163i
486,3.648,0.08666,13.3-0.63227i
487,3.6441,0.0855,13.273-0.62315i
488,3.6404,0.08436,13.245-0.6142i
489,3.6366,0.08326,13.218-0.60557i
490,3.6329,0.08218,13.191-0.59711i
491,3.6293,0.08112,13.165-0.58881i
492,3.6256,0.08009,13.139-0.58076i
493,3.6221,0.07908,13.113-0.57287i
494,3.6186,0.07809,13.088-0.56515i
495,3.6151,0.07711,13.063-0.55752i
496,3.6116,0.07616,13.038-0.55013i
497,3.6082,0.07523,13.014-0.5429i
498,3.6049,0.07431,12.99-0.53576i
499,3.6016,0.0734,12.966-0.52871i
500,3.5983,0.07251,12.942-0.52182i
501,3.595,0.07163,12.919-0.51503i
502,3.5918,0.07076,12.896-0.50832i
503,3.5887,0.06991,12.874-0.50177i
504,3.5856,0.06906,12.851-0.49524i
505,3.5825,0.06822,12.829-0.48879i
506,3.5794,0.06739,12.808-0.48243i
507,3.5764,0.06657,12.786-0.47616i
508,3.5734,0.06575,12.765-0.4699i
509,3.5705,0.06494,12.744-0.46373i
510,3.5676,0.06413,12.723-0.45757i
511,3.5647,0.06333,12.703-0.4515i
512,3.5618,0.06253,12.683-0.44544i
513,3.559,0.06173,12.663-0.43939i
514,3.5562,0.06093,12.643-0.43336i
515,3.5534,0.06013,12.623-0.42733i
516,3.5507,0.05933,12.604-0.42132i
517,3.548,0.05852,12.585-0.41525i
518,3.5453,0.05772,12.566-0.40926i
519,3.5426,0.05691,12.547-0.40322i
520,3.5399,0.05611,12.528-0.39725i
521,3.5373,0.0553,12.509-0.39122i
522,3.5347,0.05449,12.491-0.38521i
523,3.532,0.05369,12.472-0.37927i
524,3.5295,0.05288,12.454-0.37327i
525,3.5269,0.05208,12.436-0.36736i
526,3.5243,0.05128,12.418-0.36145i
527,3.5217,0.05049,12.4-0.35562i
528,3.5192,0.0497,12.382-0.34981i
529,3.5166,0.04892,12.364-0.34407i
530,3.5141,0.04815,12.347-0.33841i
531,3.5116,0.04738,12.329-0.33276i
532,3.5091,0.04662,12.311-0.32719i
533,3.5066,0.04586,12.294-0.32162i
534,3.5041,0.04512,12.277-0.31621i
535,3.5016,0.04439,12.259-0.31087i
536,3.4992,0.04366,12.242-0.30555i
537,3.4967,0.04295,12.225-0.30037i
538,3.4943,0.04225,12.208-0.29526i
539,3.4918,0.04155,12.191-0.29017i
540,3.4894,0.04088,12.174-0.28529i
541,3.487,0.04021,12.157-0.28042i
542,3.4846,0.03956,12.141-0.2757i
543,3.4821,0.03892,12.124-0.27105i
544,3.4798,0.0383,12.107-0.26655i
545,3.4774,0.03769,12.091-0.26213i
546,3.475,0.0371,12.074-0.25785i
547,3.4727,0.03652,12.058-0.25364i
548,3.4703,0.03596,12.042-0.24959i
549,3.468,0.03541,12.026-0.2456i
550,3.4657,0.03489,12.01-0.24184i
551,3.4634,0.03438,11.994-0.23814i
552,3.4611,0.03389,11.978-0.23459i
553,3.4588,0.03341,11.962-0.23112i
554,3.4566,0.03296,11.947-0.22786i
555,3.4544,0.03252,11.932-0.22467i
556,3.4522,0.0321,11.916-0.22163i
557,3.45,0.03169,11.901-0.21866i
558,3.4478,0.03129,11.886-0.21576i
559,3.4457,0.03091,11.872-0.21301i
560,3.4435,0.03055,11.857-0.2104i
561,3.4415,0.03019,11.843-0.20779i
562,3.4394,0.02985,11.828-0.20533i
563,3.4373,0.02951,11.814-0.20287i
564,3.4353,0.02918,11.8-0.20048i
565,3.4333,0.02887,11.787-0.19824i
566,3.4313,0.02856,11.773-0.196i
567,3.4293,0.02825,11.76-0.19376i
568,3.4274,0.02796,11.746-0.19166i
569,3.4255,0.02766,11.733-0.1895i
570,3.4236,0.02738,11.72-0.18748i
571,3.4217,0.0271,11.708-0.18546i
572,3.4199,0.02682,11.695-0.18344i
573,3.4181,0.02654,11.682-0.18143i
574,3.4163,0.02626,11.67-0.17942i
575,3.4145,0.02599,11.658-0.17748i
576,3.4127,0.02572,11.646-0.17555i
577,3.411,0.02545,11.634-0.17362i
578,3.4093,0.02517,11.622-0.17162i
579,3.4076,0.0249,11.611-0.1697i
580,3.4059,0.02462,11.599-0.16771i
581,3.4042,0.02434,11.588-0.16572i
582,3.4026,0.02406,11.577-0.16373i
583,3.4009,0.02378,11.566-0.16175i
584,3.3994,0.02349,11.555-0.1597i
585,3.3977,0.0232,11.544-0.15766i
586,3.3962,0.0229,11.534-0.15555i
587,3.3946,0.0226,11.523-0.15344i
588,3.3931,0.02229,11.512-0.15126i
589,3.3916,0.02197,11.502-0.14902i
590,3.39,0.02165,11.492-0.14679i
591,3.3885,0.02132,11.482-0.14449i
592,3.387,0.02098,11.472-0.14212i
593,3.3855,0.02064,11.462-0.13976i
594,3.3841,0.02028,11.452-0.13726i
595,3.3826,0.01992,11.442-0.13476i
596,3.3811,0.01955,11.432-0.1322i
597,3.3797,0.01918,11.422-0.12964i
598,3.3782,0.0188,11.412-0.12702i
599,3.3768,0.01841,11.402-0.12433i
600,3.3754,0.01802,11.393-0.12165i
601,3.3739,0.01762,11.383-0.1189i
602,3.3725,0.01723,11.373-0.11622i
603,3.371,0.01682,11.364-0.1134i
604,3.3696,0.01642,11.354-0.11066i
605,3.3682,0.01601,11.344-0.10785i
606,3.3667,0.01561,11.335-0.10511i
607,3.3653,0.0152,11.325-0.10231i
608,3.3639,0.01479,11.315-0.099504i
609,3.3624,0.01438,11.306-0.096704i
610,3.361,0.01397,11.296-0.093907i
611,3.3596,0.01356,11.287-0.091112i
612,3.3582,0.01315,11.277-0.08832i
613,3.3567,0.01274,11.268-0.08553i
614,3.3553,0.01234,11.258-0.082809i
615,3.3539,0.01194,11.249-0.080091i
616,3.3525,0.01154,11.239-0.077375i
617,3.351,0.01114,11.229-0.074661i
618,3.3496,0.01075,11.22-0.072017i
619,3.3482,0.01036,11.21-0.069375i
620,3.3468,0.00997,11.201-0.066735i
621,3.3453,0.00959,11.191-0.064164i
622,3.3439,0.00922,11.182-0.061662i
623,3.3425,0.00885,11.172-0.059162i
624,3.3411,0.00848,11.163-0.056665i
625,3.3397,0.00813,11.153-0.054303i
626,3.3382,0.00777,11.144-0.051876i
627,3.3368,0.00743,11.134-0.049585i
628,3.3354,0.00709,11.125-0.047296i
629,3.334,0.00676,11.115-0.045076i
630,3.3326,0.00644,11.106-0.042924i
631,3.3312,0.00612,11.097-0.040773i
632,3.3298,0.00581,11.087-0.038692i
633,3.3283,0.00552,11.078-0.036745i
634,3.3269,0.00523,11.068-0.0348i
635,3.3255,0.00495,11.059-0.032923i
636,3.3241,0.00467,11.05-0.031047i
637,3.3227,0.00441,11.041-0.029306i
638,3.3213,0.00416,11.031-0.027634i
639,3.3199,0.00392,11.022-0.026028i
640,3.3186,0.00369,11.013-0.024491i
641,3.3172,0.00347,11.004-0.023021i
642,3.3158,0.00326,10.995-0.021619i
643,3.3145,0.00305,10.986-0.020218i
644,3.3131,0.00286,10.977-0.018951i
645,3.3118,0.00268,10.968-0.017751i
646,3.3104,0.0025,10.959-0.016552i
647,3.3091,0.00233,10.95-0.01542i
648,3.3078,0.00217,10.941-0.014356i
649,3.3064,0.00202,10.933-0.013358i
650,3.3051,0.00188,10.924-0.012427i
651,3.3038,0.00174,10.915-0.011497i
652,3.3026,0.00161,10.907-0.010634i
653,3.3013,0.00149,10.898-0.0098378i
654,3.3,0.00137,10.89-0.009042i
655,3.2987,0.00126,10.882-0.0083128i
656,3.2975,0.00116,10.873-0.0076501i
657,3.2962,0.00106,10.865-0.006988i
658,3.295,0.00097,10.857-0.0063923i
659,3.2938,0.00089,10.849-0.0058629i
660,3.2925,0.00081,10.841-0.0053339i
661,3.2913,0.00073,10.833-0.0048054i
662,3.2901,0.00066,10.825-0.004343i
663,3.2889,0.0006,10.817-0.0039467i
664,3.2878,0.00054,10.809-0.0035508i
665,3.2866,0.00048,10.802-0.0031551i
666,3.2854,0.00043,10.794-0.0028255i
667,3.2843,0.00038,10.787-0.0024961i
668,3.2832,0.00033,10.779-0.0021669i
669,3.282,0.00029,10.772-0.0019036i
670,3.2809,0.00026,10.764-0.0017061i
671,3.2798,0.00022,10.757-0.0014431i
672,3.2787,0.00019,10.75-0.0012459i
673,3.2776,0.00017,10.742-0.0011144i
674,3.2765,0.00014,10.735-0.00091741i
675,3.2754,0.00012,10.728-0.0007861i
676,3.2743,0.0001,10.721-0.00065487i
677,3.2733,8e-05,10.714-0.00052372i
678,3.2722,7e-05,10.707-0.00045811i
679,3.2712,5e-05,10.701-0.00032712i
680,3.2702,4e-05,10.694-0.00026161i
681,3.2691,3e-05,10.687-0.00019615i
682,3.2681,3e-05,10.681-0.00019609i
683,3.2671,2e-05,10.674-0.00013068i
684,3.2661,1e-05,10.667-6.5322e-05i
685,3.2651,1e-05,10.661-6.5302e-05i
686,3.2641,1e-05,10.654-6.5282e-05i
687,3.2631,0,10.648
688,3.2622,0,10.642
689,3.2612,0,10.636
690,3.2603,0,10.629
691,3.2593,0,10.623
692,3.2584,0,10.617
693,3.2575,0,10.611
694,3.2565,0,10.605
695,3.2556,0,10.599
696,3.2547,0,10.593
697,3.2538,0,10.587
698,3.2529,0,10.581
699,3.252,0,10.576
700,3.2511,0,10.57
701,3.2503,0,10.564
702,3.2494,0,10.559
703,3.2485,0,10.553
704,3.2477,0,10.547
705,3.2468,0,10.542
706,3.246,0,10.536
707,3.2451,0,10.531
708,3.2443,0,10.525
709,3.2435,0,10.52
710,3.2426,0,10.515
711,3.2418,0,10.509
712,3.241,0,10.504
713,3.2402,0,10.499
714,3.2394,0,10.494
715,3.2386,0,10.488
716,3.2378,0,10.483
717,3.237,0,10.478
718,3.2362,0,10.473
719,3.2354,0,10.468
720,3.2346,0,10.463
721,3.2339,0,10.458
722,3.2331,0,10.453
723,3.2323,0,10.448
724,3.2316,0,10.443
725,3.2308,0,10.438
726,3.2301,0,10.433
727,3.2294,0,10.429
728,3.2286,0,10.424
729,3.2279,0,10.419
730,3.2271,0,10.414
731,3.2264,0,10.41
732,3.2257,0,10.405
733,3.225,0,10.4
734,3.2243,0,10.396
735,3.2235,0,10.391
736,3.2229,0,10.387
737,3.2221,0,10.382
738,3.2214,0,10.378
739,3.2207,0,10.373
740,3.2201,0,10.369
741,3.2194,0,10.364
742,3.2187,0,10.36
743,3.218,0,10.356
744,3.2173,0,10.351
745,3.2167,0,10.347
746,3.216,0,10.343
747,3.2153,0,10.338
748,3.2147,0,10.334
749,3.214,0,10.33
750,3.2134,0,10.326
751,3.2127,0,10.322
752,3.2121,0,10.317
753,3.2114,0,10.313
754,3.2108,0,10.309
755,3.2102,0,10.305
756,3.2095,0,10.301
757,3.2089,0,10.297
758,3.2083,0,10.293
759,3.2077,0,10.289
760,3.207,0,10.285
761,3.2064,0,10.281
762,3.2058,0,10.277
763,3.2052,0,10.273
764,3.2046,0,10.269
765,3.204,0,10.265
766,3.2034,0,10.262
767,3.2028,0,10.258
768,3.2022,0,10.254
769,3.2016,0,10.25
770,3.201,0,10.246
771,3.2004,0,10.243
772,3.1999,0,10.239
773,3.1993,0,10.235
774,3.1987,0,10.232
775,3.1981,0,10.228
776,3.1976,0,10.224
777,3.197,0,10.221
778,3.1964,0,10.217
779,3.1959,0,10.214
780,3.1953,0,10.21
781,3.1947,0,10.206
782,3.1942,0,10.203
783,3.1936,0,10.199
784,3.1931,0,10.196
785,3.1926,0,10.192
786,3.192,0,10.189
787,3.1915,0,10.185
788,3.1909,0,10.182
789,3.1904,0,10.179
790,3.1899,0,10.175
791,3.1893,0,10.172
792,3.1888,0,10.169
793,3.1883,0,10.165
794,3.1878,0,10.162
795,3.1873,0,10.159
796,3.1867,0,10.155
797,3.1862,0,10.152
798,3.1857,0,10.149
799,3.1852,0,10.145
800,3.1847,0,10.142
801,3.1842,0,10.139
802,3.1837,0,10.136
803,3.1832,0,10.133
804,3.1827,0,10.13
805,3.1822,0,10.126
806,3.1817,0,10.123
807,3.1812,0,10.12
808,3.1807,0,10.117
809,3.1802,0,10.114
810,3.1797,0,10.111
811,3.1793,0,10.108
812,3.1788,0,10.105
813,3.1783,0,10.102
814,3.1778,0,10.099
815,3.1774,0,10.096
816,3.1769,0,10.093
817,3.1764,0,10.09
818,3.176,0,10.087
819,3.1755,0,10.084
820,3.175,0,10.081
821,3.1746,0,10.078
822,3.1741,0,10.075
823,3.1737,0,10.072
824,3.1732,0,10.069
825,3.1728,0,10.066
826,3.1723,0,10.064
827,3.1719,0,10.061
828,3.1714,0,10.058
829,3.171,0,10.055
830,3.1705,0,10.052
831,3.1701,0,10.05
832,3.1697,0,10.047
833,3.1692,0,10.044
834,3.1688,0,10.041
835,3.1684,0,10.039
836,3.1679,0,10.036
837,3.1675,0,10.033
838,3.1671,0,10.03
839,3.1667,0,10.028
840,3.1662,0,10.025
841,3.1658,0,10.022
842,3.1654,0,10.02
843,3.165,0,10.017
844,3.1646,0,10.015
845,3.1642,0,10.012
846,3.1637,0,10.009
847,3.1633,0,10.007
848,3.1629,0,10.004
849,3.1625,0,10.002
850,3.1621,0,9.999
851,3.1617,0,9.9965
852,3.1613,0,9.9939
853,3.1609,0,9.9914
854,3.1605,0,9.9889
855,3.1601,0,9.9864
856,3.1597,0,9.9839
857,3.1593,0,9.9814
858,3.1589,0,9.979
859,3.1586,0,9.9765
860,3.1582,0,9.974
861,3.1578,0,9.9716
862,3.1574,0,9.9692
863,3.157,0,9.9668
864,3.1566,0,9.9644
865,3.1563,0,9.962
866,3.1559,0,9.9596
867,3.1555,0,9.9572
868,3.1551,0,9.9548
869,3.1548,0,9.9525
870,3.1544,0,9.9502
871,3.154,0,9.9478
872,3.1536,0,9.9455
873,3.1533,0,9.9432
874,3.1529,0,9.9409
875,3.1526,0,9.9386
876,3.1522,0,9.9364
877,3.1518,0,9.9341
878,3.1515,0,9.9318
879,3.1511,0,9.9296
880,3.1508,0,9.9273
881,3.1504,0,9.9251
882,3.15,0,9.9228
883,3.1497,0,9.9206
884,3.1494,0,9.9184
885,3.149,0,9.9162
886,3.1487,0,9.9141
887,3.1483,0,9.9119
888,3.148,0,9.9097
889,3.1476,0,9.9075
890,3.1473,0,9.9054
891,3.1469,0,9.9032
892,3.1466,0,9.9011
893,3.1463,0,9.899
894,3.1459,0,9.8968
895,3.1456,0,9.8947
896,3.1452,0,9.8926
897,3.1449,0,9.8905
898,3.1446,0,9.8884
899,3.1443,0,9.8864
900,3.1439,0,9.8843
901,3.1436,0,9.8822
902,3.1433,0,9.8802
903,3.1429,0,9.8781
904,3.1426,0,9.8761
905,3.1423,0,9.8741
906,3.142,0,9.8721
907,3.1417,0,9.8701
908,3.1414,0,9.8681
909,3.141,0,9.8661
910,3.1407,0,9.8641
911,3.1404,0,9.8621
912,3.1401,0,9.8602
913,3.1398,0,9.8582
914,3.1395,0,9.8562
915,3.1391,0,9.8543
916,3.1388,0,9.8523
917,3.1385,0,9.8504
918,3.1382,0,9.8485
919,3.1379,0,9.8465
920,3.1376,0,9.8447
921,3.1373,0,9.8428
922,3.137,0,9.8409
923,3.1367,0,9.8389
924,3.1364,0,9.8371
925,3.1361,0,9.8352
926,3.1358,0,9.8334
927,3.1355,0,9.8315
928,3.1352,0,9.8297
929,3.1349,0,9.8278
930,3.1346,0,9.826
931,3.1343,0,9.8241
932,3.1341,0,9.8223
933,3.1338,0,9.8205
934,3.1335,0,9.8187
935,3.1332,0,9.8169
936,3.1329,0,9.8151
937,3.1326,0,9.8133
938,3.1323,0,9.8116
939,3.1321,0,9.8098
940,3.1318,0,9.808
941,3.1315,0,9.8062
942,3.1312,0,9.8045
943,3.1309,0,9.8027
944,3.1307,0,9.801
945,3.1304,0,9.7993
946,3.1301,0,9.7975
947,3.1298,0,9.7958
948,3.1296,0,9.7941
949,3.1293,0,9.7924
950,3.129,0,9.7907
951,3.1287,0,9.789
952,3.1285,0,9.7873
953,3.1282,0,9.7856
954,3.1279,0,9.7839
955,3.1277,0,9.7823
956,3.1274,0,9.7806
957,3.1271,0,9.7789
958,3.1269,0,9.7773
959,3.1266,0,9.7757
960,3.1263,0,9.774
961,3.1261,0,9.7724
962,3.1258,0,9.7708
963,3.1256,0,9.7691
964,3.1253,0,9.7676
965,3.125,0,9.7659
966,3.1248,0,9.7643
967,3.1245,0,9.7628
968,3.1243,0,9.7611
969,3.124,0,9.7596
970,3.1238,0,9.7579
971,3.1235,0,9.7564
972,3.1233,0,9.7548
973,3.123,0,9.7533
974,3.1228,0,9.7517
975,3.1225,0,9.7501
976,3.1223,0,9.7486
977,3.122,0,9.7471
978,3.1218,0,9.7455
979,3.1215,0,9.744
980,3.1213,0,9.7425
981,3.121,0,9.741
982,3.1208,0,9.7395
983,3.1206,0,9.738
984,3.1203,0,9.7365
985,3.1201,0,9.735
986,3.1199,0,9.7335
987,3.1196,0,9.732
988,3.1194,0,9.7305
989,3.1191,0,9.729
990,3.1189,0,9.7275
991,3.1187,0,9.726
992,3.1184,0,9.7246
993,3.1182,0,9.7232
994,3.118,0,9.7217
995,3.1177,0,9.7202
996,3.1175,0,9.7188
997,3.1173,0,9.7174
998,3.117,0,9.7159
999,3.1168,0,9.7145
1000,3.1166,0,9.7131
1001,3.1164,0,9.7117
1002,3.1161,0,9.7103
1003,3.1159,0,9.7089
1004,3.1157,0,9.7075
1005,3.1155,0,9.7061
1006,3.1152,0,9.7047
1007,3.115,0,9.7033
1008,3.1148,0,9.7019
1009,3.1146,0,9.7005
1010,3.1143,0,9.6992
1011,3.1141,0,9.6978
1012,3.1139,0,9.6964
1013,3.1137,0,9.6951
1014,3.1135,0,9.6938
1015,3.1133,0,9.6924
1016,3.113,0,9.691
1017,3.1128,0,9.6897
1018,3.1126,0,9.6883
1019,3.1124,0,9.687
1020,3.1122,0,9.6857
1021,3.112,0,9.6844
1022,3.1118,0,9.6831
1023,3.1115,0,9.6817
1024,3.1113,0,9.6804
1025,3.1111,0,9.6791
1026,3.1109,0,9.6778
1027,3.1107,0,9.6766
1028,3.1105,0,9.6753
1029,3.1103,0,9.674
1030,3.1101,0,9.6727
1031,3.1099,0,9.6714
1032,3.1097,0,9.6702
1033,3.1095,0,9.6689
1034,3.1093,0,9.6676
1035,3.1091,0,9.6664
1036,3.1089,0,9.6651
1037,3.1087,0,9.6638
1038,3.1085,0,9.6626
1039,3.1083,0,9.6613
1040,3.1081,0,9.6601
1041,3.1079,0,9.6589
1042,3.1077,0,9.6577
1043,3.1075,0,9.6564
1044,3.1073,0,9.6552
1045,3.1071,0,9.654
1046,3.1069,0,9.6528
1047,3.1067,0,9.6516
1048,3.1065,0,9.6503
1049,3.1063,0,9.6492
1050,3.1061,0,9.6479
1051,3.1059,0,9.6467
1052,3.1057,0,9.6456
1053,3.1055,0,9.6444
1054,3.1054,0,9.6432
1055,3.1052,0,9.642
1056,3.105,0,9.6408
1057,3.1048,0,9.6397
1058,3.1046,0,9.6385
1059,3.1044,0,9.6373
1060,3.1042,0,9.6362
1061,3.104,0,9.635
1062,3.1038,0,9.6339
1063,3.1037,0,9.6327
1064,3.1035,0,9.6316
1065,3.1033,0,9.6304
1066,3.1031,0,9.6293
1067,3.1029,0,9.6281
1068,3.1027,0,9.627
1069,3.1026,0,9.6259
1070,3.1024,0,9.6248
1071,3.1022,0,9.6236
1072,3.102,0,9.6225
1073,3.1018,0,9.6214
1074,3.1017,0,9.6203
1075,3.1015,0,9.6192
1076,3.1013,0,9.6181
1077,3.1011,0,9.617
1078,3.101,0,9.6159
1079,3.1008,0,9.6148
1080,3.1006,0,9.6137
1081,3.1004,0,9.6126
1082,3.1002,0,9.6116
1083,3.1001,0,9.6104
1084,3.0999,0,9.6094
1085,3.0997,0,9.6083
1086,3.0996,0,9.6073
1087,3.0994,0,9.6062
1088,3.0992,0,9.6051
1089,3.099,0,9.604
1090,3.0989,0,9.603
1091,3.0987,0,9.6019
1092,3.0985,0,9.6009
1093,3.0984,0,9.5998
1094,3.0982,0,9.5988
1095,3.098,0,9.5978
1096,3.0979,0,9.5967
1097,3.0977,0,9.5957
1098,3.0975,0,9.5947
1099,3.0974,0,9.5936
1100,3.0972,0,9.5926
1101,3.097,0,9.5916
1102,3.0969,0,9.5906
1103,3.0967,0,9.5896
1104,3.0965,0,9.5886
1105,3.0964,0,9.5876
1106,3.0962,0,9.5866
1107,3.096,0,9.5855
1108,3.0959,0,9.5845
1109,3.0957,0,9.5835
1110,3.0956,0,9.5826
1111,3.0954,0,9.5816
1112,3.0953,0,9.5806
1113,3.0951,0,9.5796
1114,3.0949,0,9.5786
1115,3.0948,0,9.5777
1116,3.0946,0,9.5767
1117,3.0945,0,9.5757
1118,3.0943,0,9.5748
1119,3.0941,0,9.5738
1120,3.094,0,9.5728
1121,3.0938,0,9.5718
1122,3.0937,0,9.5709
1123,3.0935,0,9.5699
1124,3.0934,0,9.569
1125,3.0932,0,9.568
1126,3.0931,0,9.5671
1127,3.0929,0,9.5662
1128,3.0928,0,9.5652
1129,3.0926,0,9.5642
1130,3.0925,0,9.5633
1131,3.0923,0,9.5624
1132,3.0922,0,9.5615
1133,3.092,0,9.5605
1134,3.0919,0,9.5596
1135,3.0917,0,9.5587
1136,3.0916,0,9.5577
1137,3.0914,0,9.5569
1138,3.0913,0,9.556
1139,3.0911,0,9.555
1140,3.091,0,9.5542
1141,3.0908,0,9.5532
1142,3.0907,0,9.5523
1143,3.0905,0,9.5514
1144,3.0904,0,9.5505
1145,3.0903,0,9.5496
1146,3.0901,0,9.5487
1147,3.09,0,9.5479
1148,3.0898,0,9.547
1149,3.0897,0,9.5461
1150,3.0895,0,9.5452
1151,3.0894,0,9.5443
1152,3.0892,0,9.5435
1153,3.0891,0,9.5426
1154,3.089,0,9.5417
1155,3.0888,0,9.5408
1156,3.0887,0,9.5399
1157,3.0885,0,9.5391
1158,3.0884,0,9.5382
1159,3.0883,0,9.5374
1160,3.0881,0,9.5365
1161,3.088,0,9.5357
1162,3.0878,0,9.5348
1163,3.0877,0,9.534
1164,3.0876,0,9.5332
1165,3.0874,0,9.5323
1166,3.0873,0,9.5314
1167,3.0872,0,9.5306
1168,3.087,0,9.5298
1169,3.0869,0,9.529
1170,3.0868,0,9.5281
1171,3.0866,0,9.5273
1172,3.0865,0,9.5264
1173,3.0864,0,9.5256
1174,3.0862,0,9.5248
1175,3.0861,0,9.524
1176,3.086,0,9.5231
1177,3.0858,0,9.5223
1178,3.0857,0,9.5215
1179,3.0856,0,9.5207
1180,3.0854,0,9.5199
1181,3.0853,0,9.5191
1182,3.0852,0,9.5183
1183,3.085,0,9.5175
1184,3.0849,0,9.5167
1185,3.0848,0,9.5159
1186,3.0847,0,9.5151
1187,3.0845,0,9.5143
1188,3.0844,0,9.5135
1189,3.0843,0,9.5127
1190,3.0841,0,9.5119
1191,3.084,0,9.5112
1192,3.0839,0,9.5104
1193,3.0838,0,9.5096
1194,3.0836,0,9.5088
1195,3.0835,0,9.508
1196,3.0834,0,9.5073
1197,3.0833,0,9.5065
1198,3.0831,0,9.5058
1199,3.083,0,9.505
1200,3.0829,0,9.5042
1201,3.0828,0,9.5034
1202,3.0826,0,9.5027
1203,3.0825,0,9.5019
1204,3.0824,0,9.5012
1205,3.0823,0,9.5004
1206,3.0821,0,9.4996
1207,3.082,0,9.4989
1208,3.0819,0,9.4982
1209,3.0818,0,9.4974
1210,3.0817,0,9.4967
1211,3.0816,0,9.496
1212,3.0814,0,9.4952
1213,3.0813,0,9.4945
1214,3.0812,0,9.4937
1215,3.0811,0,9.493
1216,3.081,0,9.4923
1217,3.0808,0,9.4915
1218,3.0807,0,9.4908
1219,3.0806,0,9.49
1220,3.0805,0,9.4894
1221,3.0804,0,9.4886
1222,3.0802,0,9.4879
1223,3.0801,0,9.4872
1224,3.08,0,9.4865
1225,3.0799,0,9.4857
1226,3.0798,0,9.485
1227,3.0797,0,9.4843
1228,3.0795,0,9.4836
1229,3.0794,0,9.4829
1230,3.0793,0,9.4822
1231,3.0792,0,9.4815
1232,3.0791,0,9.4808
1233,3.079,0,9.4801
1234,3.0789,0,9.4794
1235,3.0787,0,9.4787
1236,3.0786,0,9.478
1237,3.0785,0,9.4773
1238,3.0784,0,9.4766
1239,3.0783,0,9.4759
1240,3.0782,0,9.4753
1241,3.0781,0,9.4746
1242,3.078,0,9.4739
1243,3.0779,0,9.4732
1244,3.0777,0,9.4725
1245,3.0776,0,9.4719
1246,3.0775,0,9.4712
1247,3.0774,0,9.4705
1248,3.0773,0,9.4698
1249,3.0772,0,9.4692
1250,3.0771,0,9.4685
1251,3.077,0,9.4678
1252,3.0769,0,9.4672
1253,3.0768,0,9.4665
1254,3.0767,0,9.4658
1255,3.0766,0,9.4652
1256,3.0764,0,9.4645
1257,3.0763,0,9.4639
1258,3.0762,0,9.4632
1259,3.0761,0,9.4626
1260,3.076,0,9.4619
1261,3.0759,0,9.4613
1262,3.0758,0,9.4606
1263,3.0757,0,9.46
1264,3.0756,0,9.4593
1265,3.0755,0,9.4587
1266,3.0754,0,9.458
1267,3.0753,0,9.4574
1268,3.0752,0,9.4567
1269,3.0751,0,9.4561
1270,3.075,0,9.4555
1271,3.0749,0,9.4549
1272,3.0748,0,9.4542
1273,3.0747,0,9.4536
1274,3.0746,0,9.453
1275,3.0745,0,9.4524
1276,3.0744,0,9.4517
1277,3.0743,0,9.4511
1278,3.0742,0,9.4505
1279,3.0741,0,9.4498
1280,3.074,0,9.4492
1281,3.0739,0,9.4486
1282,3.0738,0,9.448
1283,3.0737,0,9.4474
1284,3.0736,0,9.4468
1285,3.0735,0,9.4462
1286,3.0734,0,9.4455
1287,3.0733,0,9.4449
1288,3.0732,0,9.4444
1289,3.0731,0,9.4438
1290,3.073,0,9.4431
1291,3.0729,0,9.4425
1292,3.0728,0,9.4419
1293,3.0727,0,9.4414
1294,3.0726,0,9.4407
1295,3.0725,0,9.4401
1296,3.0724,0,9.4396
1297,3.0723,0,9.439
1298,3.0722,0,9.4384
1299,3.0721,0,9.4378
1300,3.072,0,9.4372
1301,3.0719,0,9.4366
1302,3.0718,0,9.436
1303,3.0717,0,9.4355
1304,3.0716,0,9.4348
1305,3.0715,0,9.4343
1306,3.0714,0,9.4337
1307,3.0713,0,9.4331
1308,3.0712,0,9.4325
1309,3.0711,0,9.432
1310,3.0711,0,9.4314
1311,3.071,0,9.4308
1312,3.0709,0,9.4302
1313,3.0708,0,9.4297
1314,3.0707,0,9.4291
1315,3.0706,0,9.4285
1316,3.0705,0,9.428
1317,3.0704,0,9.4274
1318,3.0703,0,9.4269
1319,3.0702,0,9.4263
1320,3.0701,0,9.4258
1321,3.0701,0,9.4252
1322,3.07,0,9.4247
1323,3.0699,0,9.4241
1324,3.0698,0,9.4235
1325,3.0697,0,9.4229
1326,3.0696,0,9.4224
1327,3.0695,0,9.4219
1328,3.0694,0,9.4213
1329,3.0693,0,9.4208
1330,3.0692,0,9.4202
1331,3.0692,0,9.4197
1332,3.0691,0,9.4191
1333,3.069,0,9.4186
1334,3.0689,0,9.418
1335,3.0688,0,9.4175
1336,3.0687,0,9.417
1337,3.0686,0,9.4164
1338,3.0685,0,9.4159
1339,3.0684,0,9.4154
1340,3.0684,0,9.4148
1341,3.0683,0,9.4143
1342,3.0682,0,9.4138
1343,3.0681,0,9.4132
1344,3.068,0,9.4127
1345,3.0679,0,9.4122
1346,3.0678,0,9.4116
1347,3.0678,0,9.4112
1348,3.0677,0,9.4106
1349,3.0676,0,9.4101
1350,3.0675,0,9.4096
1351,3.0674,0,9.4091
1352,3.0674,0,9.4087
1353,3.0673,0,9.4082
1354,3.0672,0,9.4077
1355,3.0671,0,9.4072
1356,3.0671,0,9.4068
1357,3.067,0,9.4063
1358,3.0669,0,9.4058
1359,3.0668,0,9.4053
1360,3.0667,0,9.4048
1361,3.0667,0,9.4044
1362,3.0666,0,9.4039
1363,3.0665,0,9.4034
1364,3.0664,0,9.4029
1365,3.0663,0,9.4025
1366,3.0663,0,9.402
1367,3.0662,0,9.4015
1368,3.0661,0,9.401
1369,3.066,0,9.4006
1370,3.066,0,9.4001
1371,3.0659,0,9.3996
1372,3.0658,0,9.3991
1373,3.0657,0,9.3987
1374,3.0657,0,9.3982
1375,3.0656,0,9.3977
1376,3.0655,0,9.3972
1377,3.0654,0,9.3967
1378,3.0653,0,9.3963
1379,3.0653,0,9.3958
1380,3.0652,0,9.3953
1381,3.0651,0,9.3948
1382,3.065,0,9.3944
1383,3.065,0,9.3939
1384,3.0649,0,9.3934
1385,3.0648,0,9.3929
1386,3.0647,0,9.3925
1387,3.0646,0,9.392
1388,3.0646,0,9.3915
1389,3.0645,0,9.391
1390,3.0644,0,9.3905
1391,3.0643,0,9.3901
1392,3.0642,0,9.3896
1393,3.0642,0,9.3891
1394,3.0641,0,9.3886
1395,3.064,0,9.3882
1396,3.0639,0,9.3877
1397,3.0639,0,9.3872
1398,3.0638,0,9.3867
1399,3.0637,0,9.3863
1400,3.0636,0,9.3858
1401,3.0636,0,9.3853
1402,3.0635,0,9.3848
1403,3.0634,0,9.3844
1404,3.0633,0,9.3839
1405,3.0632,0,9.3834
1406,3.0632,0,9.3829
1407,3.0631,0,9.3825
1408,3.063,0,9.382
1409,3.0629,0,9.3815
1410,3.0629,0,9.3811
1411,3.0628,0,9.3806
1412,3.0627,0,9.3801
1413,3.0626,0,9.3796
1414,3.0625,0,9.3792
1415,3.0625,0,9.3787
1416,3.0624,0,9.3782
1417,3.0623,0,9.3777
1418,3.0622,0,9.3773
1419,3.0621,0,9.3768
1420,3.0621,0,9.3763
1421,3.062,0,9.3758
1422,3.0619,0,9.3754
1423,3.0618,0,9.3749
1424,3.0618,0,9.3744
1425,3.0617,0,9.3739
1426,3.0616,0,9.3735
1427,3.0615,0,9.373
1428,3.0615,0,9.3726
1429,3.0614,0,9.3722
1430,3.0613,0,9.3717
1431,3.0612,0,9.3713
1432,3.0612,0,9.3708
1433,3.0611,0,9.3704
1434,3.061,0,9.37
1435,3.061,0,9.3695
1436,3.0609,0,9.3692
1437,3.0608,0,9.3687
1438,3.0608,0,9.3683
1439,3.0607,0,9.3679
1440,3.0606,0,9.3675
1441,3.0606,0,9.367
1442,3.0605,0,9.3666
1443,3.0604,0,9.3662
1444,3.0604,0,9.3657
1445,3.0603,0,9.3654
1446,3.0602,0,9.3649
1447,3.0602,0,9.3645
1448,3.0601,0,9.3641
1449,3.06,0,9.3637
1450,3.06,0,9.3633
1451,3.0599,0,9.3629
1452,3.0598,0,9.3624
1453,3.0598,0,9.3621
1454,3.0597,0,9.3616
1455,3.0596,0,9.3612
1456,3.0596,0,9.3608
1457,3.0595,0,9.3604
1458,3.0594,0,9.36
1459,3.0593,0,9.3596
1460,3.0593,0,9.3592
1461,3.0592,0,9.3588
1462,3.0591,0,9.3584
1463,3.0591,0,9.358
1464,3.059,0,9.3576
1465,3.0589,0,9.3572
1466,3.0589,0,9.3568
1467,3.0588,0,9.3564
1468,3.0588,0,9.356
1469,3.0587,0,9.3556
1470,3.0586,0,9.3552
1471,3.0586,0,9.3548
1472,3.0585,0,9.3544
1473,3.0584,0,9.3541
1474,3.0584,0,9.3536
1475,3.0583,0,9.3533
1476,3.0582,0,9.3528
1477,3.0582,0,9.3525
1478,3.0581,0,9.3521
1479,3.0581,0,9.3517
1480,3.058,0,9.3513
1481,3.0579,0,9.3509
1482,3.0579,0,9.3505
1483,3.0578,0,9.3501
1484,3.0577,0,9.3498
1485,3.0577,0,9.3494
1486,3.0576,0,9.349
1487,3.0575,0,9.3486
1488,3.0575,0,9.3482
1489,3.0574,0,9.3479
1490,3.0574,0,9.3475
1491,3.0573,0,9.3471
1492,3.0572,0,9.3467
1493,3.0572,0,9.3463
1494,3.0571,0,9.346
1495,3.0571,0,9.3456
1496,3.057,0,9.3452
1497,3.0569,0,9.3449
1498,3.0569,0,9.3445
1499,3.0568,0,9.3441
1500,3.0568,0,9.3437
1501,3.0567,0,9.3434
1502,3.0566,0,9.343
1503,3.0566,0,9.3426
1504,3.0565,0,9.3423
1505,3.0564,0,9.3419
1506,3.0564,0,9.3415
1507,3.0563,0,9.3412
1508,3.0563,0,9.3408
1509,3.0562,0,9.3404
1510,3.0562,0,9.3401
1511,3.0561,0,9.3397
1512,3.056,0,9.3394
1513,3.056,0,9.339
1514,3.0559,0,9.3386
1515,3.0559,0,9.3383
1516,3.0558,0,9.3379
1517,3.0557,0,9.3375
1518,3.0557,0,9.3372
1519,3.0556,0,9.3369
1520,3.0556,0,9.3365
1521,3.0555,0,9.3361
1522,3.0554,0,9.3358
1523,3.0554,0,9.3354
1524,3.0553,0,9.3351
1525,3.0553,0,9.3347
1526,3.0552,0,9.3344
1527,3.0552,0,9.334
1528,3.0551,0,9.3337
1529,3.0551,0,9.3333
1530,3.055,0,9.333
1531,3.0549,0,9.3327
1532,3.0549,0,9.3323
1533,3.0548,0,9.3319
1534,3.0548,0,9.3316
1535,3.0547,0,9.3313
1536,3.0547,0,9.3309
1537,3.0546,0,9.3306
1538,3.0545,0,9.3302
1539,3.0545,0,9.3299
1540,3.0544,0,9.3295
1541,3.0544,0,9.3292
1542,3.0543,0,9.3289
1543,3.0543,0,9.3285
1544,3.0542,0,9.3282
1545,3.0541,0,9.3278
1546,3.0541,0,9.3275
1547,3.054,0,9.3272
1548,3.054,0,9.3269
1549,3.0539,0,9.3265
1550,3.0539,0,9.3262
1551,3.0538,0,9.3258
1552,3.0538,0,9.3255
1553,3.0537,0,9.3251
1554,3.0537,0,9.3248
1555,3.0536,0,9.3245
1556,3.0535,0,9.3242
1557,3.0535,0,9.3239
1558,3.0535,0,9.3236
1559,3.0534,0,9.3232
1560,3.0533,0,9.3229
1561,3.0533,0,9.3225
1562,3.0532,0,9.3222
1563,3.0532,0,9.3219
1564,3.0531,0,9.3215
1565,3.0531,0,9.3212
1566,3.053,0,9.3209
1567,3.053,0,9.3206
1568,3.0529,0,9.3203
1569,3.0529,0,9.32
1570,3.0528,0,9.3196
1571,3.0528,0,9.3193
1572,3.0527,0,9.319
1573,3.0526,0,9.3187
1574,3.0526,0,9.3184
1575,3.0526,0,9.3181
1576,3.0525,0,9.3178
1577,3.0524,0,9.3174
1578,3.0524,0,9.3171
1579,3.0523,0,9.3168
1580,3.0523,0,9.3165
1581,3.0522,0,9.3162
1582,3.0522,0,9.3159
1583,3.0521,0,9.3156
1584,3.0521,0,9.3152
1585,3.052,0,9.3149
1586,3.052,0,9.3146
1587,3.0519,0,9.3143
1588,3.0519,0,9.314
1589,3.0518,0,9.3137
1590,3.0518,0,9.3134
1591,3.0517,0,9.3131
1592,3.0517,0,9.3128
1593,3.0516,0,9.3124
1594,3.0516,0,9.3121
1595,3.0515,0,9.3118
1596,3.0515,0,9.3115
1597,3.0514,0,9.3112
1598,3.0514,0,9.3109
1599,3.0513,0,9.3106
1600,3.0513,0,9.3103
1601,3.0512,0,9.31
1602,3.0512,0,9.3097
1603,3.0511,0,9.3094
1604,3.0511,0,9.3091
1605,3.051,0,9.3088
1606,3.051,0,9.3085
1607,3.0509,0,9.3082
1608,3.0509,0,9.3079
1609,3.0508,0,9.3076
1610,3.0508,0,9.3073
1611,3.0507,0,9.307
1612,3.0507,0,9.3068
1613,3.0507,0,9.3065
1614,3.0506,0,9.3062
1615,3.0505,0,9.3059
1616,3.0505,0,9.3056
1617,3.0505,0,9.3053
1618,3.0504,0,9.305
1619,3.0504,0,9.3047
1620,3.0503,0,9.3044
1621,3.0503,0,9.3041
1622,3.0502,0,9.3038
1623,3.0502,0,9.3035
1624,3.0501,0,9.3032
1625,3.0501,0,9.303
1626,3.05,0,9.3027
1627,3.05,0,9.3024
1628,3.0499,0,9.3021
1629,3.0499,0,9.3018
1630,3.0498,0,9.3015
1631,3.0498,0,9.3013
1632,3.0497,0,9.301
1633,3.0497,0,9.3007
1634,3.0497,0,9.3004
1635,3.0496,0,9.3001
1636,3.0496,0,9.2998
1637,3.0495,0,9.2996
1638,3.0495,0,9.2993
1639,3.0494,0,9.299
1640,3.0494,0,9.2987
1641,3.0493,0,9.2984
1642,3.0493,0,9.2982
1643,3.0492,0,9.2979
1644,3.0492,0,9.2976
1645,3.0492,0,9.2973
1646,3.0491,0,9.2971
1647,3.0491,0,9.2968
1648,3.049,0,9.2965
1649,3.049,0,9.2962
1650,3.0489,0,9.296
1651,3.0489,0,9.2957
1652,3.0488,0,9.2954
1653,3.0488,0,9.2951
1654,3.0488,0,9.2949
1655,3.0487,0,9.2946
1656,3.0487,0,9.2943
1657,3.0486,0,9.2941
1658,3.0486,0,9.2938
1659,3.0485,0,9.2935
1660,3.0485,0,9.2932
1661,3.0484,0,9.293
1662,3.0484,0,9.2927
1663,3.0484,0,9.2924
1664,3.0483,0,9.2922
1665,3.0483,0,9.2919
1666,3.0482,0,9.2916
1667,3.0482,0,9.2914
1668,3.0481,0,9.2911
1669,3.0481,0,9.2909
1670,3.048,0,9.2906
1671,3.048,0,9.2903
1672,3.048,0,9.2901
1673,3.0479,0,9.2898
1674,3.0479,0,9.2895
1675,3.0478,0,9.2893
1676,3.0478,0,9.289
1677,3.0478,0,9.2888
1678,3.0477,0,9.2885
1679,3.0477,0,9.2882
1680,3.0476,0,9.288
1681,3.0476,0,9.2877
1682,3.0475,0,9.2874
1683,3.0475,0,9.2872
1684,3.0474,0,9.287
1685,3.0474,0,9.2867
1686,3.0474,0,9.2865
1687,3.0473,0,9.2862
1688,3.0473,0,9.2859
1689,3.0472,0,9.2857
1690,3.0472,0,9.2854
1691,3.0472,0,9.2852
1692,3.0471,0,9.2849
1693,3.0471,0,9.2846
1694,3.047,0,9.2844
1695,3.047,0,9.2841
1696,3.0469,0,9.2839
1697,3.0469,0,9.2837
1698,3.0469,0,9.2834
1699,3.0468,0,9.2832
1700,3.0468,0,9.2829
