246,3.0871,0.8213,8.8558-5.0709i
247,3.0818,0.80132,8.8554-4.939i
248,3.0698,0.78089,8.8141-4.7944i
249,3.0549,0.76035,8.754-4.6455i
250,3.0634,0.74415,8.8304-4.5592i
251,3.062,0.72511,8.8502-4.4406i
252,3.0476,0.70231,8.7949-4.2808i
253,3.0409,0.68536,8.7775-4.1682i
254,3.0351,0.66977,8.7635-4.0657i
255,3.0272,0.65479,8.7353-3.9644i
256,3.0175,0.63699,8.6995-3.8442i
257,3.0068,0.61761,8.6594-3.7141i
258,3.002,0.60536,8.6453-3.6345i
259,2.9992,0.59134,8.6455-3.5471i
260,2.9994,0.57479,8.6663-3.4481i
261,2.9933,0.56656,8.639-3.3918i
262,2.9845,0.55663,8.5974-3.3225i
263,2.9712,0.53295,8.5439-3.167i
264,2.9625,0.51995,8.5059-3.0807i
265,2.9567,0.51377,8.4781-3.0381i
266,2.9542,0.48656,8.4906-2.8748i
267,2.9457,0.46938,8.4568-2.7653i
268,2.9282,0.46725,8.356-2.7364i
269,2.9214,0.45945,8.3236-2.6845i
270,2.9169,0.44732,8.3079-2.6095i
271,2.9103,0.42275,8.2911-2.4607i
272,2.8225,0.47029,7.7451-2.6547i
273,2.6781,0.56796,6.8499-3.0422i
274,2.6782,0.57658,6.8402-3.0884i
275,2.6877,0.58864,6.877-3.1641i
276,2.7102,0.6078,6.9755-3.2945i
277,2.7454,0.6138,7.1606-3.3703i
278,2.774,0.62054,7.3103-3.4428i
279,2.756,0.64758,7.176-3.5694i
280,2.7759,0.65318,7.2789-3.6263i
281,2.8244,0.64259,7.5645-3.6299i
282,2.8306,0.64603,7.5948-3.6573i
283,2.8421,0.64134,7.6664-3.6455i
284,2.8652,0.62205,7.8224-3.5646i
285,2.9047,0.61743,8.0558-3.5868i
286,2.9454,0.61499,8.297-3.6227i
287,2.9671,0.60098,8.4423-3.5663i
288,2.9506,0.51702,8.4389-3.0511i
289,2.9043,0.37811,8.2918-2.1963i
290,2.8984,0.37686,8.2584-2.1845i
291,2.8902,0.37938,8.2092-2.1929i
292,2.8747,0.37826,8.1206-2.1747i
293,2.8728,0.3809,8.108-2.1885i
294,2.873,0.38513,8.1059-2.213i
295,2.8591,0.39134,8.0213-2.2378i
296,2.8519,0.38785,7.9827-2.2122i
297,2.8503,0.37611,7.9827-2.144i
298,2.834,0.37245,7.8931-2.1111i
299,2.8245,0.36871,7.8419-2.0828i
300,2.8298,0.36379,7.8753-2.0589i
301,2.8259,0.35433,7.8599-2.0026i
302,2.8185,0.34494,7.8247-1.9444i
303,2.8105,0.34722,7.7781-1.9517i
304,2.8017,0.34804,7.7282-1.9502i
305,2.7922,0.34756,7.6754-1.9409i
306,2.7936,0.34295,7.6865-1.9161i
307,2.7961,0.3377,7.7042-1.8885i
308,2.799,0.33184,7.7243-1.8576i
309,2.7976,0.32758,7.719-1.8328i
310,2.794,0.32354,7.7018-1.8079i
311,2.7868,0.31629,7.6663-1.7629i
312,2.7819,0.31546,7.6393-1.7551i
313,2.779,0.32078,7.6202-1.7829i
314,2.779,0.31884,7.621-1.7721i
315,2.7772,0.31691,7.6126-1.7603i
316,2.7711,0.31667,7.5785-1.755i
317,2.7708,0.31214,7.58-1.7298i
318,2.7728,0.30611,7.5947-1.6976i
319,2.7716,0.3035,7.5897-1.6824i
320,2.7703,0.30152,7.5836-1.6706i
321,2.7689,0.30021,7.5765-1.6625i
322,2.7643,0.29883,7.5522-1.6521i
323,2.7608,0.29717,7.5338-1.6409i
324,2.7609,0.29478,7.5356-1.6277i
325,2.763,0.28965,7.5504-1.6006i
326,2.7658,0.28336,7.5693-1.5674i
327,2.7644,0.27864,7.564-1.5405i
328,2.7607,0.27761,7.5447-1.5328i
329,2.7547,0.28075,7.5095-1.5468i
330,2.7571,0.27357,7.5265-1.5085i
331,2.7601,0.26668,7.5468-1.4721i
332,2.7614,0.26475,7.555-1.4621i
333,2.7593,0.26344,7.5445-1.4538i
334,2.7558,0.26224,7.5256-1.4454i
335,2.7556,0.25781,7.5269-1.4208i
336,2.7568,0.25445,7.5351-1.4029i
337,2.7596,0.25234,7.5516-1.3927i
338,2.7553,0.24785,7.5304-1.3658i
339,2.7512,0.24186,7.5108-1.3308i
340,2.7514,0.23262,7.5159-1.28i
341,2.7503,0.22659,7.5126-1.2464i
342,2.7489,0.22238,7.5067-1.2226i
343,2.755,0.22033,7.5417-1.214i
344,2.7591,0.21787,7.5652-1.2023i
345,2.7605,0.21486,7.5741-1.1862i
346,2.7577,0.21001,7.561-1.1583i
347,2.7552,0.20496,7.5491-1.1294i
348,2.7561,0.20038,7.5558-1.1045i
349,2.7545,0.19537,7.5492-1.0763i
350,2.7516,0.1901,7.5353-1.0462i
351,2.7526,0.18448,7.5426-1.0156i
352,2.7532,0.17933,7.5478-0.98746i
353,2.7534,0.17482,7.5505-0.96269i
354,2.7514,0.17109,7.541-0.94148i
355,2.7506,0.16747,7.5375-0.92127i
356,2.7556,0.16366,7.5667-0.90197i
357,2.7534,0.1595,7.5558-0.87834i
358,2.7466,0.15508,7.5197-0.85188i
359,2.7455,0.14748,7.5162-0.80982i
360,2.7445,0.14011,7.5128-0.76907i
361,2.7436,0.1331,7.5096-0.73034i
362,2.7424,0.12864,7.5039-0.70555i
363,2.7406,0.12458,7.4953-0.68285i
364,2.737,0.1196,7.4771-0.6547i
365,2.7328,0.114,7.455-0.62307i
366,2.7279,0.10796,7.4301-0.58902i
367,2.7273,0.10298,7.4278-0.56172i
368,2.725,0.09806,7.4158-0.53442i
369,2.7197,0.09322,7.3884-0.50707i
370,2.7155,0.08743,7.3662-0.47483i
371,2.7119,0.08184,7.3475-0.44388i
372,2.7101,0.07849,7.3383-0.42543i
373,2.7059,0.07371,7.3164-0.3989i
374,2.7,0.0679,7.2853-0.36666i
375,2.6964,0.0651,7.2663-0.35107i
376,2.6923,0.06184,7.2445-0.33298i
377,2.6871,0.05766,7.2171-0.30988i
378,2.6838,0.05501,7.1998-0.29527i
379,2.6807,0.05258,7.1836-0.28191i
380,2.676,0.04892,7.1585-0.26182i
381,2.6712,0.04566,7.1331-0.24393i
382,2.6663,0.0427,7.1073-0.2277i
383,2.6608,0.03992,7.0785-0.21244i
384,2.6552,0.03744,7.0486-0.19882i
385,2.6491,0.03553,7.0166-0.18825i
386,2.6451,0.03447,6.9955-0.18235i
387,2.6418,0.03335,6.978-0.17621i
388,2.6385,0.03018,6.9608-0.15926i
389,2.6346,0.0283,6.9403-0.14912i
390,2.6302,0.02752,6.917-0.14476i
391,2.6274,0.02686,6.9027-0.14115i
392,2.6245,0.02568,6.8872-0.13479i
393,2.6209,0.02348,6.8684-0.12308i
394,2.6181,0.02143,6.8538-0.11221i
395,2.6155,0.01948,6.8404-0.1019i
396,2.6123,0.01775,6.8239-0.092737i
397,2.6094,0.0161,6.8089-0.084024i
398,2.6068,0.0145,6.7952-0.075597i
399,2.6045,0.01246,6.7831-0.064903i
400,2.6011,0.01028,6.7657-0.053479i
401,2.5955,0.00789,6.7367-0.040957i
402,2.5904,0.00697,6.7103-0.036111i
403,2.5859,0.00649,6.6869-0.033565i
404,2.5842,0.00468,6.6779-0.024188i
405,2.5815,0.00292,6.6643-0.015076i
406,2.5781,0.0012,6.6463-0.0061873i
407,2.5758,0.000602,6.6347-0.0031013i
408,2.5733,0.000216,6.6221-0.0011117i
409,2.5702,4.98e-05,6.6057-0.00025599i
410,2.5651,8.58e-05,6.5796-0.00044017i
411,2.5595,0.000186,6.5509-0.00095212i
412,2.5569,6.29e-05,6.5378-0.00032166i
413,2.5538,8.45e-05,6.522-0.0004316i
414,2.5502,0.000257,6.5035-0.0013108i
415,2.5474,0.000122,6.4893-0.00062157i
416,2.5442,0.000258,6.4731-0.0013128i
417,2.5398,0.00115,6.4506-0.0058416i
418,2.5367,0.000972,6.435-0.0049314i
419,2.5344,0.000458,6.4232-0.0023215i
420,2.5332,0.00185,6.4172-0.0093729i
421,2.5328,0.00404,6.4151-0.020465i
422,2.5332,0.00709,6.4173-0.035921i
423,2.5331,0.00779,6.4167-0.039466i
424,2.533,0.00825,6.416-0.041794i
425,2.533,0.009,6.416-0.045594i
426,2.5312,0.00822,6.407-0.041613i
427,2.5287,0.00679,6.3945-0.03434i
428,2.5294,0.00704,6.3976-0.035613i
429,2.5293,0.00652,6.3973-0.032982i
430,2.5284,0.0051,6.3929-0.02579i
431,2.5284,0.00332,6.3928-0.016789i
432,2.5276,0.00191,6.3889-0.0096555i
433,2.5241,0.00179,6.3712-0.0090364i
434,2.5228,0.00104,6.3644-0.0052474i
435,2.5225,0,6.3628
436,2.5194,0,6.3474
437,2.5162,0,6.3312
438,2.5128,0,6.3139
439,2.5096,0,6.2979
440,2.5067,0,6.2835
441,2.5046,0,6.2729
442,2.5024,0,6.2621
443,2.5003,0,6.2516
444,2.5011,0,6.2554
445,2.5,0,6.2503
446,2.4967,0,6.2334
447,2.4949,0,6.2246
448,2.4932,0,6.2159
449,2.4904,0,6.2019
450,2.4887,0,6.1937
451,2.4877,0,6.1889
452,2.4849,0,6.175
453,2.4834,0,6.1672
454,2.4836,0,6.1681
455,2.4816,0,6.1585
456,2.4794,0.000249,6.1474-0.0012347i
457,2.478,0.00143,6.1403-0.007087i
458,2.4762,0.00188,6.1315-0.0093105i
459,2.4742,0.00186,6.1217-0.009204i
460,2.4742,0.00111,6.1217-0.0054927i
461,2.4736,0.00053,6.1187-0.002622i
462,2.4721,0.000206,6.1113-0.0010185i
463,2.4712,0.00113,6.1068-0.0055849i
464,2.4703,0.00201,6.1025-0.0099307i
465,2.4688,0.00134,6.0951-0.0066164i
466,2.4666,0.00254,6.0842-0.01253i
467,2.4639,0.00504,6.0709-0.024836i
468,2.4632,0.00427,6.0671-0.021035i
469,2.4619,0.0039,6.0612-0.019203i
470,2.46,0.0042,6.0517-0.020664i
471,2.4587,0.00371,6.045-0.018243i
472,2.4573,0.00278,6.0386-0.013663i
473,2.4554,0.000821,6.029-0.0040318i
474,2.4541,0.00165,6.0228-0.0080986i
475,2.4533,0.0045,6.0188-0.02208i
476,2.4534,0.00363,6.019-0.017811i
477,2.4528,0.00364,6.0164-0.017857i
478,2.4513,0.0053,6.009-0.025984i
479,2.4493,0.00523,5.9991-0.02562i
480,2.4473,0.00447,5.9893-0.021879i
481,2.4461,0.00288,5.9834-0.01409i
482,2.4445,0.00244,5.9756-0.011929i
483,2.4426,0.00288,5.9662-0.014069i
484,2.4423,0.00364,5.9646-0.01778i
485,2.4414,0.00447,5.9602-0.021826i
486,2.4393,0.00541,5.9502-0.026393i
487,2.4392,0.00579,5.9496-0.028246i
488,2.4393,0.00588,5.9503-0.028687i
489,2.4377,0.00535,5.9425-0.026084i
490,2.436,0.00491,5.9339-0.023921i
491,2.4341,0.00454,5.9248-0.022102i
492,2.433,0.00414,5.9194-0.020145i
493,2.4318,0.00464,5.9136-0.022567i
494,2.4304,0.00681,5.9066-0.033102i
495,2.4292,0.00572,5.901-0.02779i
496,2.4281,0.00396,5.8955-0.01923i
497,2.4264,0.00485,5.8876-0.023537i
498,2.4259,0.00552,5.8848-0.026782i
499,2.4262,0.006,5.8863-0.029114i
500,2.4255,0.00611,5.883-0.02964i
501,2.4245,0.00618,5.8782-0.029967i
502,2.4231,0.00624,5.8712-0.03024i
503,2.421,0.00755,5.8612-0.036557i
504,2.4191,0.00899,5.852-0.043496i
505,2.42,0.00845,5.8563-0.040898i
506,2.4199,0.00717,5.8561-0.034702i
507,2.4191,0.00524,5.8518-0.025352i
508,2.4176,0.00702,5.8448-0.033943i
509,2.4173,0.00806,5.8431-0.038966i
510,2.4193,0.00706,5.8528-0.03416i
511,2.4172,0.00695,5.8427-0.033599i
512,2.414,0.00702,5.8274-0.033893i
513,2.4142,0.00603,5.8284-0.029115i
514,2.4143,0.00586,5.8287-0.028295i
515,2.4142,0.00645,5.8283-0.031143i
516,2.4121,0.00786,5.8183-0.037919i
517,2.4103,0.0088,5.8096-0.042422i
518,2.4094,0.0086,5.8053-0.041442i
519,2.4087,0.00761,5.802-0.036661i
520,2.408,0.00656,5.7986-0.031593i
521,2.4065,0.00749,5.791-0.036049i
522,2.4053,0.00814,5.7854-0.039158i
523,2.4045,0.00853,5.7814-0.04102i
524,2.4054,0.0083,5.7857-0.039929i
525,2.4055,0.00758,5.7862-0.036467i
526,2.4034,0.00592,5.7763-0.028456i
527,2.4026,0.00587,5.7724-0.028206i
528,2.4022,0.00631,5.7703-0.030315i
529,2.4009,0.00531,5.7641-0.025497i
530,2.4004,0.00583,5.7618-0.027989i
531,2.4008,0.00785,5.7636-0.037692i
532,2.3985,0.00683,5.7527-0.032763i
533,2.3965,0.0059,5.7433-0.028279i
534,2.396,0.00599,5.7406-0.028704i
535,2.3966,0.00582,5.7438-0.027897i
536,2.3975,0.00559,5.748-0.026804i
537,2.3956,0.00575,5.7391-0.02755i
538,2.3942,0.00611,5.7322-0.029257i
539,2.3932,0.00667,5.7274-0.031925i
540,2.3914,0.00658,5.7187-0.031471i
541,2.3902,0.00649,5.7128-0.031024i
542,2.3906,0.00658,5.7152-0.031461i
543,2.3906,0.00589,5.7148-0.028161i
544,2.3902,0.00507,5.7128-0.024236i
545,2.3887,0.00648,5.7057-0.030957i
546,2.3876,0.00727,5.7005-0.034716i
547,2.387,0.00742,5.6976-0.035423i
548,2.3859,0.00628,5.6927-0.029968i
549,2.3852,0.00561,5.6891-0.026762i
550,2.3851,0.00645,5.6888-0.030768i
551,2.3846,0.00643,5.6864-0.030666i
552,2.384,0.00605,5.6832-0.028846i
553,2.3834,0.00592,5.6805-0.028219i
554,2.383,0.0055,5.6784-0.026212i
555,2.3826,0.00478,5.677-0.022778i
556,2.3817,0.00592,5.6726-0.0282i
557,2.3808,0.00655,5.6684-0.031189i
558,2.3803,0.00522,5.6657-0.02485i
559,2.3792,0.00583,5.6608-0.027742i
560,2.3781,0.00724,5.6553-0.034435i
561,2.378,0.00723,5.655-0.034386i
562,2.3776,0.00704,5.653-0.033477i
563,2.3768,0.00667,5.6491-0.031707i
564,2.3765,0.00588,5.6479-0.027948i
565,2.3761,0.00566,5.6459-0.026898i
566,2.3751,0.00705,5.6411-0.033489i
567,2.3739,0.0064,5.6356-0.030387i
568,2.3727,0.00502,5.6297-0.023822i
569,2.3715,0.00639,5.6241-0.030308i
570,2.371,0.0065,5.6216-0.030823i
571,2.3712,0.00526,5.6225-0.024945i
572,2.371,0.005,5.6215-0.02371i
573,2.3705,0.00488,5.6192-0.023136i
574,2.3693,0.00475,5.6135-0.022508i
575,2.3687,0.00482,5.6109-0.022835i
576,2.3684,0.00502,5.6095-0.023779i
577,2.3676,0.00588,5.6053-0.027843i
578,2.3668,0.00652,5.6019-0.030864i
579,2.3663,0.00693,5.5992-0.032797i
580,2.3656,0.00629,5.596-0.029759i
581,2.3651,0.00569,5.5938-0.026915i
582,2.3653,0.00565,5.5944-0.026727i
583,2.3652,0.00514,5.5942-0.024314i
584,2.365,0.00451,5.5932-0.021332i
585,2.3636,0.00504,5.5864-0.023825i
586,2.3628,0.00561,5.5827-0.02651i
587,2.3627,0.00622,5.5824-0.029392i
588,2.3618,0.00604,5.5782-0.028531i
589,2.3611,0.0058,5.5748-0.027389i
590,2.3611,0.0057,5.5748-0.026917i
591,2.3602,0.00503,5.5704-0.023743i
592,2.3589,0.00424,5.5646-0.020004i
593,2.3594,0.0055,5.5669-0.025954i
594,2.3591,0.00597,5.5655-0.028168i
595,2.358,0.00555,5.5599-0.026173i
596,2.3581,0.0055,5.5607-0.025939i
597,2.3582,0.00532,5.5611-0.025091i
598,2.3575,0.00462,5.5579-0.021784i
599,2.3568,0.00397,5.5547-0.018713i
600,2.3562,0.00344,5.5515-0.01621i
601,2.3555,0.0039,5.5485-0.018373i
602,2.3554,0.00435,5.5479-0.020492i
603,2.3558,0.00476,5.55-0.022428i
604,2.355,0.00419,5.5461-0.019735i
605,2.354,0.004,5.5411-0.018832i
606,2.3527,0.00522,5.5352-0.024562i
607,2.3534,0.00402,5.5386-0.018922i
608,2.3549,0.00196,5.5457-0.0092313i
609,2.3539,0.00428,5.5406-0.020149i
610,2.3526,0.00498,5.5346-0.023432i
611,2.351,0.00385,5.5272-0.018103i
612,2.3513,0.00401,5.5285-0.018857i
613,2.3515,0.00408,5.5294-0.019188i
614,2.3507,0.00341,5.5256-0.016032i
615,2.3498,0.00423,5.5216-0.019879i
616,2.349,0.00561,5.5176-0.026355i
617,2.3486,0.0048,5.5159-0.022547i
618,2.3482,0.00455,5.5138-0.021368i
619,2.3477,0.00493,5.5115-0.023148i
620,2.3479,0.00438,5.5125-0.020567i
621,2.3481,0.00391,5.5136-0.018362i
622,2.3481,0.00393,5.5136-0.018456i
623,2.3466,0.00399,5.5064-0.018726i
624,2.3447,0.00401,5.4974-0.018804i
625,2.3465,0.00343,5.5059-0.016097i
626,2.3469,0.00326,5.508-0.015302i
627,2.3459,0.00353,5.5033-0.016562i
628,2.3449,0.00412,5.4984-0.019322i
629,2.3442,0.00426,5.4953-0.019973i
630,2.3446,0.00315,5.497-0.014771i
631,2.3441,0.00279,5.495-0.01308i
632,2.3434,0.00278,5.4914-0.013029i
633,2.3431,0.00256,5.4903-0.011997i
634,2.3427,0.00262,5.4882-0.012276i
635,2.3421,0.00295,5.4853-0.013818i
636,2.3417,0.00312,5.4836-0.014612i
637,2.3412,0.00335,5.4811-0.015686i
638,2.3401,0.00381,5.4758-0.017831i
639,2.3397,0.0034,5.4744-0.01591i
640,2.3398,0.00271,5.4748-0.012682i
641,2.3401,0.00318,5.4759-0.014883i
642,2.3399,0.00359,5.4752-0.016801i
643,2.3394,0.00395,5.4726-0.018481i
644,2.3386,0.00297,5.4692-0.013891i
645,2.3382,0.00218,5.4671-0.010195i
646,2.3385,0.00224,5.4686-0.010477i
647,2.3382,0.00255,5.4672-0.011925i
648,2.3376,0.00291,5.4642-0.013605i
649,2.3361,0.00286,5.4574-0.013363i
650,2.3357,0.0025,5.4555-0.011679i
651,2.3363,0.00182,5.4585-0.0085043i
652,2.3358,0.00125,5.4561-0.0058396i
653,2.3355,0.0012,5.4544-0.0056051i
654,2.3356,0.00228,5.4553-0.010651i
655,2.3347,0.00251,5.4509-0.01172i
656,2.3335,0.00237,5.4452-0.011061i
657,2.3334,0.00195,5.4446-0.0091001i
658,2.3334,0.00161,5.4448-0.0075135i
659,2.3336,0.00135,5.4456-0.0063007i
660,2.3332,0.00208,5.4438-0.0097061i
661,2.3327,0.00274,5.4417-0.012783i
662,2.3322,0.00302,5.4393-0.014087i
663,2.3312,0.00279,5.4343-0.013008i
664,2.33,0.00227,5.4289-0.010578i
665,2.3301,0.00116,5.4296-0.0054059i
666,2.3304,0.000768,5.4308-0.0035795i
667,2.3308,0.00104,5.4325-0.004848i
668,2.3303,0.00106,5.4302-0.0049402i
669,2.3298,0.00125,5.4281-0.0058245i
670,2.3296,0.00185,5.4269-0.0086194i
671,2.3286,0.00157,5.4225-0.0073119i
672,2.3277,0.00096,5.418-0.0044691i
673,2.3282,0.000302,5.4204-0.0014062i
674,2.328,0.000744,5.4196-0.0034641i
675,2.3272,0.00212,5.4161-0.0098675i
676,2.3256,0.00311,5.4085-0.014465i
677,2.3247,0.0033,5.404-0.015343i
678,2.3251,0.00197,5.406-0.0091609i
679,2.3265,0.00153,5.4126-0.0071191i
680,2.3278,0.00141,5.4185-0.0065643i
681,2.3263,0.00141,5.4116-0.0065601i
682,2.3257,0.00118,5.4087-0.0054886i
683,2.3258,0.000763,5.4093-0.0035492i
684,2.3253,0.000808,5.4071-0.0037577i
685,2.3247,0.00107,5.4042-0.0049748i
686,2.3238,0.00169,5.4001-0.0078545i
687,2.3237,0.00143,5.3993-0.0066456i
688,2.3236,0.000974,5.3993-0.0045265i
689,2.3233,0.000909,5.3975-0.0042237i
690,2.3231,0.001,5.3968-0.0046462i
691,2.3231,0.00122,5.3968-0.0056684i
692,2.3223,0.00187,5.3931-0.0086854i
693,2.3218,0.00209,5.3908-0.0097052i
694,2.3219,0.00152,5.3912-0.0070585i
695,2.3221,0.00184,5.3923-0.0085455i
696,2.3221,0.00227,5.3923-0.010543i
697,2.3207,0.00198,5.3856-0.00919i
698,2.3199,0.00167,5.3818-0.0077484i
699,2.3195,0.00134,5.3801-0.0062163i
700,2.3199,0.0015,5.3821-0.0069598i
701,2.3201,0.00169,5.3829-0.0078419i
702,2.3199,0.00191,5.3817-0.0088618i
703,2.32,0.00208,5.3824-0.0096512i
704,2.3199,0.00218,5.382-0.010115i
705,2.3186,0.00202,5.3757-0.0093669i
706,2.3185,0.00192,5.3756-0.0089032i
707,2.3194,0.00185,5.3796-0.0085817i
708,2.3184,0.00157,5.3749-0.0072797i
709,2.3181,0.00148,5.3734-0.0068615i
710,2.3187,0.00167,5.3763-0.0077444i
711,2.3185,0.00185,5.3756-0.0085786i
712,2.3181,0.00208,5.3735-0.0096432i
713,2.3171,0.00253,5.3689-0.011724i
714,2.3163,0.00231,5.3655-0.010702i
715,2.3158,0.0017,5.363-0.0078738i
716,2.3164,0.00157,5.3659-0.0072736i
717,2.3165,0.00154,5.3662-0.0071348i
718,2.3158,0.00166,5.363-0.0076885i
719,2.3159,0.00156,5.3634-0.0072256i
720,2.3163,0.00144,5.3653-0.006671i
721,2.3172,0.00141,5.3694-0.0065345i
722,2.3167,0.00158,5.3672-0.0073209i
723,2.3155,0.00186,5.3618-0.0086138i
724,2.3146,0.002,5.3574-0.0092584i
725,2.3142,0.00188,5.3557-0.0087015i
726,2.3146,0.00146,5.3572-0.0067585i
727,2.3144,0.00129,5.3564-0.0059711i
728,2.3141,0.00129,5.3551-0.0059704i
729,2.3137,0.00165,5.3533-0.0076353i
730,2.314,0.00162,5.3545-0.0074973i
731,2.3144,0.00142,5.3565-0.0065729i
732,2.3133,0.00153,5.3516-0.0070789i
733,2.3133,0.00149,5.3515-0.0068938i
734,2.3145,0.00131,5.3568-0.0060639i
735,2.3139,0.00135,5.3543-0.0062476i
736,2.3134,0.00127,5.352-0.0058761i
737,2.3136,0.000813,5.3526-0.0037618i
738,2.3131,0.000884,5.3505-0.0040896i
739,2.3125,0.00109,5.3475-0.0050412i
740,2.3122,0.000449,5.3464-0.0020764i
741,2.312,0.000218,5.3452-0.001008i
742,2.3117,0.000383,5.344-0.0017708i
743,2.3111,0.000696,5.3413-0.0032171i
744,2.3107,0.000734,5.3394-0.0033921i
745,2.3108,0.000156,5.3397-0.00072096i
746,2.311,0,5.3406
747,2.3111,0,5.3412
748,2.3104,0,5.3377
749,2.3099,2.21e-05,5.3355-0.0001021i
750,2.3096,6.3e-05,5.3343-0.00029101i
751,2.3098,2.68e-05,5.3354-0.00012381i
752,2.3101,0,5.3364
753,2.3102,0,5.3373
754,2.3091,0,5.332
755,2.3079,0,5.3265
756,2.3087,0,5.3303
757,2.3089,0,5.3308
758,2.3084,0,5.3288
759,2.3086,0,5.3298
760,2.3085,0,5.329
761,2.3076,0,5.3249
762,2.3074,0,5.3241
763,2.3077,0,5.3253
764,2.3091,0,5.3317
765,2.3086,0,5.3295
766,2.3069,0,5.3218
767,2.3074,0,5.3241
768,2.3077,0,5.3256
769,2.3078,0,5.3259
770,2.3069,0,5.3219
771,2.3062,0,5.3186
772,2.3066,0,5.3206
773,2.3059,0,5.3173
774,2.3046,0,5.3112
775,2.3049,0,5.3127
776,2.3051,0,5.3133
777,2.305,0,5.3131
778,2.3048,0,5.3123
779,2.3044,0,5.3101
780,2.3031,0,5.3044
781,2.3034,0,5.3057
782,2.3044,0,5.3102
783,2.3042,0,5.3093
784,2.3039,0,5.308
785,2.3035,0,5.3063
786,2.3039,0,5.3082
787,2.3036,0,5.3066
788,2.3013,0,5.2958
789,2.3018,0,5.2983
790,2.3032,0,5.3045
791,2.3019,0,5.2987
792,2.3009,0,5.2941
793,2.3001,0,5.2907
794,2.3005,0,5.2921
795,2.3003,0,5.2915
796,2.2992,0,5.2862
797,2.298,0,5.2808
798,2.2972,0,5.2772
799,2.2986,0,5.2836
800,2.2988,0,5.2843
801,2.298,0,5.2809
802,2.2981,0,5.2814
803,2.2982,0,5.2818
804,2.2983,0,5.2821
805,2.2978,0,5.2797
806,2.2972,0,5.277
807,2.2971,0,5.2764
808,2.2965,0,5.2741
809,2.2958,0,5.2708
810,2.2971,0,5.2769
811,2.2972,0,5.277
812,2.2955,0,5.2692
813,2.2947,0,5.2655
814,2.2942,0,5.2631
815,2.294,0,5.2623
816,2.2939,0,5.2622
817,2.2939,0,5.2619
818,2.2921,0,5.2538
819,2.2915,0,5.251
820,2.2921,0,5.2539
821,2.2914,0,5.2503
822,2.2907,0,5.2472
823,2.2906,0,5.2469
824,2.2906,0,5.2468
825,2.2906,0,5.2468
826,2.2905,0,5.2465
827,2.2902,0,5.245
828,2.2896,0,5.2424
829,2.2884,0,5.2366
830,2.2874,0,5.2323
831,2.2872,0,5.2315
832,2.2871,0,5.2306
833,2.2868,0,5.2295
834,2.2863,0,5.2272
835,2.2854,0,5.2229
836,2.2841,0,5.2172
837,2.2842,0,5.2174
838,2.2841,0,5.2173
839,2.284,0,5.2167
840,2.2834,0,5.2139
841,2.2829,0,5.2117
842,2.2835,0,5.2143
843,2.2834,0,5.2138
844,2.2829,0,5.2115
845,2.2823,0,5.2089
846,2.2817,2.4e-06,5.206-1.0952e-05i
847,2.2809,7.75e-06,5.2025-3.5354e-05i
848,2.2808,3.82e-06,5.202-1.7425e-05i
849,2.2811,0.000177,5.2036-0.00080753i
850,2.2824,0.00081,5.2094-0.0036975i
851,2.2827,0.00156,5.2108-0.0071221i
852,2.2824,0.00219,5.2093-0.0099969i
853,2.2803,0.00135,5.1995-0.0061567i
854,2.2793,0.00142,5.1953-0.0064733i
855,2.2796,0.00237,5.1965-0.010805i
856,2.2808,0.00347,5.2021-0.015829i
857,2.2813,0.00418,5.2041-0.019071i
858,2.2799,0.00409,5.1981-0.01865i
859,2.281,0.00485,5.2028-0.022125i
860,2.2823,0.00567,5.2087-0.025881i
861,2.2808,0.00535,5.2021-0.024405i
862,2.2802,0.00495,5.1995-0.022574i
863,2.2803,0.00449,5.1997-0.020477i
864,2.2807,0.00516,5.2017-0.023537i
865,2.281,0.00557,5.2028-0.02541i
866,2.2809,0.00554,5.2025-0.025272i
867,2.2826,0.00631,5.2104-0.028807i
868,2.2843,0.00727,5.218-0.033214i
869,2.2843,0.00826,5.218-0.037737i
870,2.2843,0.00834,5.2178-0.038101i
871,2.2842,0.00792,5.2176-0.036182i
872,2.2845,0.00809,5.2187-0.036963i
873,2.2852,0.00853,5.222-0.038985i
874,2.2864,0.00927,5.2277-0.042391i
875,2.2858,0.00829,5.225-0.037899i
876,2.286,0.00754,5.2259-0.034473i
877,2.289,0.00801,5.2395-0.03667i
878,2.2883,0.00808,5.2363-0.036979i
879,2.2864,0.00794,5.2275-0.036308i
880,2.2872,0.00746,5.2313-0.034125i
881,2.2877,0.00677,5.2335-0.030975i
882,2.2879,0.0059,5.2344-0.026997i
883,2.2883,0.00638,5.2363-0.029199i
884,2.2885,0.00648,5.2372-0.029659i
885,2.2883,0.00569,5.2361-0.02604i
886,2.2881,0.00539,5.2356-0.024666i
887,2.2882,0.00539,5.2357-0.024667i
888,2.2886,0.00599,5.2377-0.027418i
889,2.2889,0.00598,5.2393-0.027376i
890,2.2892,0.00555,5.2404-0.02541i
891,2.2882,0.00469,5.2357-0.021463i
892,2.2881,0.00436,5.2355-0.019952i
893,2.2894,0.00477,5.2413-0.021841i
894,2.2877,0.00355,5.2334-0.016242i
895,2.286,0.00236,5.2258-0.01079i
896,2.2864,0.00227,5.2278-0.01038i
897,2.2873,0.00272,5.2318-0.012443i
898,2.2883,0.0034,5.2361-0.01556i
899,2.2878,0.00375,5.2338-0.017158i
900,2.2871,0.00309,5.231-0.014134i
901,2.2864,0.00136,5.2275-0.0062189i
902,2.2869,0.00164,5.2298-0.0075009i
903,2.2869,0.00188,5.2299-0.0085987i
904,2.2856,0.00165,5.2241-0.0075426i
905,2.2859,0.00167,5.2253-0.0076349i
906,2.2866,0.00188,5.2286-0.0085977i
907,2.2867,0.00259,5.2292-0.011845i
908,2.2867,0.00204,5.2288-0.0093296i
909,2.2864,0.000507,5.2277-0.0023184i
910,2.2851,0.000181,5.2217-0.00082721i
911,2.2849,0.000111,5.2205-0.00050724i
912,2.2862,0.000389,5.2269-0.0017787i
913,2.2862,0.000386,5.2267-0.0017649i
914,2.2859,0.000515,5.2253-0.0023545i
915,2.2858,0.00131,5.225-0.0059888i
916,2.2845,0.000948,5.2189-0.0043314i
917,2.2828,0.000115,5.211-0.00052503i
918,2.2855,0.00203,5.2234-0.009279i
919,2.2857,0.00214,5.2245-0.0097828i
920,2.2832,0.000212,5.2129-0.00096807i
921,2.2833,0.000163,5.2134-0.00074435i
922,2.2834,0.000233,5.2138-0.0010641i
923,2.2826,5.09e-05,5.2103-0.00023237i
924,2.2849,0.000583,5.2206-0.0026641i
925,2.2875,0.00117,5.2326-0.0053527i
926,2.2852,0.000362,5.2222-0.0016545i
927,2.2841,0,5.2171
928,2.2839,0,5.2162
929,2.285,0.00166,5.2213-0.0075862i
930,2.2847,0.00204,5.2199-0.0093217i
931,2.2822,0.000339,5.2084-0.0015473i
932,2.2822,0,5.2085
933,2.283,0.000158,5.2123-0.00072144i
934,2.2846,0.000876,5.2195-0.0040027i
935,2.2837,0.000678,5.2153-0.0030967i
936,2.2817,5.1e-06,5.2061-2.3273e-05i
937,2.2852,0.000107,5.2222-0.00048904i
938,2.2858,0.000113,5.2248-0.00051659i
939,2.283,1.12e-05,5.2121-5.1139e-05i
940,2.2836,0.000723,5.2148-0.0033021i
941,2.2844,0.00103,5.2186-0.0047059i
942,2.2848,0.000226,5.2203-0.0010327i
943,2.2829,0,5.2116
944,2.2805,0,5.2006
945,2.2804,0,5.2
946,2.2807,0,5.2017
947,2.2815,0,5.2052
948,2.2811,0,5.2033
949,2.281,0,5.2028
950,2.2814,0,5.2049
951,2.2816,0.000312,5.2057-0.0014237i
952,2.2817,0.000521,5.206-0.0023775i
953,2.2815,0.000135,5.2054-0.00061602i
954,2.282,4.33e-05,5.2077-0.00019762i
955,2.2829,0.000236,5.2116-0.0010775i
956,2.2843,0.00211,5.218-0.0096397i
957,2.2833,0.00212,5.2136-0.0096814i
958,2.2799,0.000193,5.1981-0.00088006i
959,2.2833,0.00247,5.2135-0.01128i
960,2.2852,0.00375,5.2222-0.017139i
961,2.2824,0.00192,5.2094-0.0087645i
962,2.2815,0.000766,5.2051-0.0034952i
963,2.2811,8.04e-05,5.2033-0.0003668i
964,2.2803,0.000583,5.1999-0.0026589i
965,2.2795,0.000503,5.1962-0.0022932i
966,2.2787,0,5.1925
967,2.2803,0,5.2
968,2.282,0.000657,5.2075-0.0029985i
969,2.2836,0.00222,5.215-0.010139i
970,2.2819,0.00116,5.207-0.005294i
971,2.2809,0.000515,5.2027-0.0023494i
972,2.2842,0.0025,5.2174-0.011421i
973,2.2831,0.00178,5.2127-0.0081279i
974,2.2803,0,5.1999
975,2.2796,0,5.1967
976,2.2808,0.00134,5.2021-0.0061126i
977,2.2837,0.00393,5.2154-0.01795i
978,2.2812,0.00166,5.204-0.0075737i
979,2.2804,0.000866,5.2001-0.0039496i
980,2.2831,0.00327,5.2125-0.014931i
981,2.2826,0.00192,5.2101-0.008765i
982,2.2812,0,5.2038
983,2.2801,0,5.1989
984,2.2802,0,5.1994
985,2.2809,0,5.2027
986,2.2795,0,5.1963
987,2.2789,0,5.1933
988,2.2791,0,5.1942
989,2.2799,0,5.1979
990,2.2805,0.00027,5.2009-0.0012315i
991,2.2807,0.00117,5.2014-0.0053367i
992,2.2799,0.000774,5.1981-0.0035293i
993,2.2789,0,5.1935
994,2.2784,0,5.1912
995,2.2782,0,5.1904
996,2.2783,0,5.1907
997,2.278,0,5.1892
998,2.2777,0,5.1878
999,2.2774,0,5.1863
