206,1.3471,2.4434,-4.1555-6.583i
207,1.3358,2.4584,-4.2594-6.5679i
208,1.3366,2.4769,-4.3485-6.6212i
209,1.3398,2.4957,-4.4335-6.6875i
210,1.3393,2.5107,-4.5099-6.7252i
211,1.3419,2.5287,-4.5936-6.7865i
212,1.3429,2.5536,-4.7175-6.8585i
213,1.35,2.5742,-4.804-6.9503i
214,1.3522,2.5978,-4.9201-7.0255i
215,1.3557,2.6208,-5.0307-7.106i
216,1.3599,2.6452,-5.1478-7.1944i
217,1.3668,2.6704,-5.2629-7.2998i
218,1.3727,2.6982,-5.396-7.4076i
219,1.3766,2.7248,-5.5295-7.5019i
220,1.3869,2.7522,-5.6511-7.6341i
221,1.3945,2.7801,-5.7843-7.7537i
222,1.405,2.8084,-5.9131-7.8916i
223,1.4162,2.8371,-6.0435-8.0358i
224,1.4256,2.8667,-6.1856-8.1735i
225,1.4377,2.8967,-6.3239-8.3292i
226,1.4504,2.9285,-6.4725-8.495i
227,1.4644,2.9603,-6.6189-8.6701i
228,1.4797,2.9927,-6.7667-8.8566i
229,1.4956,3.0263,-6.9217-9.0523i
230,1.5128,3.0613,-7.083-9.2623i
231,1.5304,3.0963,-7.2449-9.4772i
232,1.5506,3.1321,-7.4057-9.7133i
233,1.5713,3.1694,-7.5761-9.9602i
234,1.5929,3.207,-7.7475-10.217i
235,1.6157,3.2469,-7.9319-10.492i
236,1.6401,3.2888,-8.1263-10.788i
237,1.6664,3.3308,-8.3173-11.101i
238,1.6963,3.3756,-8.5172-11.452i
239,1.7283,3.4212,-8.7176-11.826i
240,1.7632,3.4687,-8.923-12.232i
241,1.8017,3.5174,-9.126-12.675i
242,1.844,3.5674,-9.326-13.157i
243,1.8924,3.6182,-9.5102-13.694i
244,1.9457,3.6699,-9.6824-14.281i
245,2.0053,3.7212,-9.8261-14.924i
246,2.0726,3.7704,-9.9202-15.629i
247,2.1482,3.818,-9.9624-16.404i
248,2.2313,3.8605,-9.9248-17.228i
249,2.3213,3.8967,-9.7958-18.091i
250,2.4161,3.9244,-9.5634-18.963i
251,2.5135,3.9431,-9.2304-19.822i
252,2.6106,3.9531,-8.8118-20.64i
253,2.7077,3.9565,-8.3223-21.426i
254,2.8037,3.9548,-7.7797-22.176i
255,2.9016,3.9472,-7.1611-22.906i
256,2.9991,3.9324,-6.4692-23.587i
257,3.0934,3.9101,-5.7198-24.191i
258,3.1878,3.8817,-4.9055-24.748i
259,3.2798,3.847,-4.0423-25.235i
260,3.369,3.807,-3.1431-25.652i
261,3.4552,3.7614,-2.2097-25.993i
262,3.5389,3.7097,-1.2381-26.257i
263,3.6191,3.6516,-0.2363-26.431i
264,3.6946,3.5873,0.78135-26.507i
265,3.7645,3.5174,1.7994-26.483i
266,3.8276,3.4431,2.7956-26.358i
267,3.8827,3.3642,3.7575-26.124i
268,3.9285,3.2847,4.6439-25.808i
269,3.9664,3.2048,5.4616-25.423i
270,3.9973,3.1251,6.2122-24.984i
271,4.0219,3.0469,6.8921-24.509i
272,4.0403,2.9711,7.4966-24.008i
273,4.0522,2.8976,8.0242-23.483i
274,4.058,2.8273,8.4737-22.946i
275,4.0609,2.7596,8.8755-22.413i
276,4.0599,2.6951,9.2192-21.884i
277,4.0552,2.6342,9.5056-21.364i
278,4.0483,2.5768,9.7488-20.863i
279,4.038,2.5226,9.9419-20.373i
280,4.0252,2.4722,10.09-19.902i
281,4.0109,2.4251,10.206-19.454i
282,3.9956,2.381,10.296-19.027i
283,3.979,2.3399,10.357-18.621i
284,3.9616,2.3031,10.39-18.248i
285,3.9439,2.2688,10.407-17.896i
286,3.9261,2.237,10.41-17.565i
287,3.9084,2.2074,10.403-17.255i
288,3.8904,2.1806,10.38-16.967i
289,3.8728,2.1559,10.351-16.699i
290,3.8555,2.1328,10.316-16.446i
291,3.8384,2.1113,10.276-16.208i
292,3.8222,2.0921,10.232-15.993i
293,3.8066,2.0741,10.188-15.791i
294,3.7914,2.0576,10.141-15.602i
295,3.7767,2.0432,10.089-15.433i
296,3.7629,2.03,10.039-15.277i
297,3.7498,2.0176,9.9903-15.131i
298,3.7374,2.0062,9.9433-14.996i
299,3.7251,1.996,9.8924-14.871i
300,3.7135,1.9863,9.8447-14.752i
301,3.7029,1.9772,9.8021-14.643i
302,3.6924,1.9696,9.7545-14.545i
303,3.6825,1.9625,9.7094-14.454i
304,3.6732,1.9559,9.6669-14.369i
305,3.6643,1.95,9.6246-14.291i
306,3.6558,1.9445,9.5838-14.217i
307,3.6481,1.9394,9.5474-14.15i
308,3.6407,1.9353,9.5093-14.092i
309,3.6335,1.9314,9.472-14.035i
310,3.6267,1.9278,9.4365-13.983i
311,3.6207,1.925,9.4038-13.94i
312,3.615,1.9223,9.373-13.898i
313,3.61,1.9199,9.3461-13.862i
314,3.6051,1.9183,9.3169-13.831i
315,3.6004,1.917,9.288-13.804i
316,3.5964,1.9157,9.2642-13.779i
317,3.5927,1.9148,9.241-13.759i
318,3.5894,1.9144,9.2189-13.743i
319,3.5867,1.9142,9.2003-13.731i
320,3.5843,1.9142,9.183-13.722i
321,3.5818,1.9146,9.1636-13.715i
322,3.5798,1.9152,9.147-13.712i
323,3.5783,1.9159,9.1336-13.711i
324,3.5772,1.9169,9.1219-13.714i
325,3.5762,1.9181,9.1101-13.719i
326,3.5758,1.9196,9.1015-13.728i
327,3.5755,1.9215,9.092-13.741i
328,3.5755,1.9239,9.0828-13.758i
329,3.5761,1.9264,9.0775-13.778i
330,3.5772,1.9288,9.0761-13.799i
331,3.5786,1.9314,9.0761-13.823i
332,3.5801,1.9342,9.076-13.849i
333,3.5821,1.9373,9.0783-13.879i
334,3.5843,1.9406,9.0813-13.911i
335,3.5872,1.9441,9.0885-13.948i
336,3.5903,1.9478,9.0963-13.986i
337,3.5935,1.9516,9.1045-14.026i
338,3.5972,1.9556,9.1155-14.069i
339,3.6012,1.9597,9.1282-14.115i
340,3.6056,1.964,9.1431-14.163i
341,3.6102,1.9685,9.1586-14.213i
342,3.6154,1.9733,9.1772-14.269i
343,3.6207,1.9781,9.1966-14.324i
344,3.6266,1.9833,9.2187-14.385i
345,3.6325,1.9885,9.2409-14.446i
346,3.6396,1.994,9.2707-14.515i
347,3.6467,1.9996,9.3-14.584i
348,3.6546,2.0057,9.3333-14.66i
349,3.6625,2.0118,9.3666-14.736i
350,3.6715,2.0186,9.4052-14.823i
351,3.6806,2.0255,9.4442-14.91i
352,3.691,2.0323,9.4932-15.002i
353,3.7014,2.0392,9.542-15.096i
354,3.7131,2.0469,9.5973-15.201i
355,3.7249,2.0546,9.6535-15.306i
356,3.7382,2.0627,9.7194-15.422i
357,3.7516,2.0708,9.7863-15.538i
358,3.7669,2.0789,9.8677-15.662i
359,3.7823,2.0869,9.9506-15.787i
360,3.8,2.0952,10.05-15.924i
361,3.818,2.1035,10.152-16.062i
362,3.8386,2.1114,10.277-16.21i
363,3.86,2.1191,10.409-16.359i
364,3.8839,2.1255,10.567-16.51i
365,3.9092,2.1313,10.739-16.663i
366,3.9364,2.1351,10.937-16.809i
367,3.9653,2.1374,11.155-16.951i
368,3.9951,2.1377,11.391-17.081i
369,4.0265,2.135,11.654-17.193i
370,4.058,2.1312,11.925-17.297i
371,4.0898,2.1221,12.223-17.358i
372,4.1215,2.1131,12.522-17.418i
373,4.1505,2.0992,12.82-17.425i
374,4.1791,2.0851,13.117-17.428i
375,4.2052,2.0687,13.404-17.399i
376,4.2297,2.0513,13.683-17.353i
377,4.2527,2.034,13.948-17.3i
378,4.2727,2.0168,14.188-17.234i
379,4.2925,1.9997,14.427-17.167i
380,4.3096,1.9836,14.638-17.097i
381,4.3267,1.9676,14.849-17.026i
382,4.343,1.9531,15.047-16.965i
383,4.3588,1.9393,15.238-16.906i
384,4.3747,1.9263,15.427-16.854i
385,4.391,1.9148,15.614-16.816i
386,4.4072,1.9033,15.801-16.776i
387,4.4262,1.8934,16.006-16.761i
388,4.4455,1.8836,16.215-16.747i
389,4.4671,1.8739,16.443-16.742i
390,4.4915,1.8644,16.698-16.748i
391,4.5159,1.8546,16.954-16.75i
392,4.5467,1.8408,17.284-16.739i
393,4.5776,1.827,17.616-16.727i
394,4.6105,1.8079,17.988-16.671i
395,4.6455,1.7843,18.397-16.578i
396,4.6805,1.7606,18.807-16.481i
397,4.7127,1.7256,19.232-16.264i
398,4.7447,1.6906,19.654-16.043i
399,4.7735,1.6514,20.059-15.766i
400,4.7968,1.6073,20.426-15.42i
401,4.8201,1.5631,20.79-15.069i
402,4.8347,1.5157,21.077-14.656i
403,4.8469,1.4677,21.338-14.228i
404,4.8575,1.4202,21.578-13.797i
405,4.859,1.374,21.722-13.353i
406,4.8606,1.3279,21.862-12.909i
407,4.8586,1.2846,21.956-12.483i
408,4.8528,1.2435,22.003-12.069i
409,4.8471,1.2025,22.048-11.657i
410,4.8374,1.1658,22.041-11.279i
411,4.8268,1.1298,22.022-10.907i
412,4.816,1.0945,21.996-10.542i
413,4.8031,1.0634,21.939-10.215i
414,4.7902,1.0324,21.88-9.8908i
415,4.777,1.003,21.814-9.5827i
416,4.7629,0.9767,21.731-9.3038i
417,4.7489,0.9504,21.649-9.0267i
418,4.7349,0.9263,21.561-8.7719i
419,4.7209,0.9039,21.47-8.5344i
420,4.7069,0.8815,21.378-8.2983i
421,4.6929,0.8609,21.282-8.0802i
422,4.6791,0.8411,21.187-7.8712i
423,4.6652,0.8213,21.09-7.6631i
424,4.6514,0.8035,20.99-7.4748i
425,4.6377,0.7861,20.89-7.2914i
426,4.624,0.7687,20.79-7.1089i
427,4.6108,0.7533,20.692-6.9466i
428,4.5977,0.7381,20.594-6.7871i
429,4.5846,0.7229,20.496-6.6284i
430,4.5719,0.7093,20.399-6.4857i
431,4.5594,0.6959,20.304-6.3458i
432,4.5468,0.6824,20.208-6.2055i
433,4.5346,0.67,20.114-6.0764i
434,4.5225,0.6577,20.02-5.9489i
435,4.5104,0.6454,19.927-5.822i
436,4.4986,0.6351,19.834-5.7141i
437,4.4869,0.6251,19.742-5.6095i
438,4.4752,0.6152,19.649-5.5063i
439,4.4641,0.6055,19.562-5.406i
440,4.4533,0.5959,19.477-5.3074i
441,4.4426,0.5863,19.393-5.2094i
442,4.432,0.5775,19.309-5.119i
443,4.4215,0.5692,19.226-5.0334i
444,4.4111,0.561,19.143-4.9493i
445,4.4009,0.5528,19.062-4.8656i
446,4.3913,0.5447,18.987-4.7839i
447,4.3816,0.5366,18.91-4.7023i
448,4.372,0.5287,18.835-4.623i
449,4.3626,0.5214,18.76-4.5493i
450,4.3533,0.5142,18.687-4.4769i
451,4.3439,0.5069,18.613-4.4038i
452,4.335,0.4998,18.542-4.3333i
453,4.3261,0.4927,18.472-4.2629i
454,4.3172,0.4856,18.402-4.1929i
455,4.3085,0.4794,18.333-4.131i
456,4.3001,0.4737,18.266-4.0739i
457,4.2916,0.468,18.199-4.0169i
458,4.2833,0.4624,18.133-3.9612i
459,4.2754,0.4572,18.07-3.9094i
460,4.2675,0.452,18.007-3.8578i
461,4.2596,0.4468,17.945-3.8064i
462,4.2519,0.4425,17.883-3.7629i
463,4.2443,0.4383,17.822-3.7206i
464,4.2368,0.4342,17.762-3.6792i
465,4.2292,0.4302,17.701-3.6388i
466,4.2217,0.4266,17.641-3.602i
467,4.2142,0.423,17.581-3.5652i
468,4.2067,0.4194,17.52-3.5286i
469,4.1999,0.414,17.468-3.4775i
470,4.1933,0.4082,17.417-3.4234i
471,4.1867,0.4023,17.367-3.3686i
472,4.1801,0.3971,17.316-3.3198i
473,4.1734,0.3942,17.262-3.2903i
474,4.1667,0.3913,17.208-3.2609i
475,4.16,0.3883,17.155-3.2307i
476,4.1537,0.384,17.106-3.19i
477,4.1478,0.3787,17.061-3.1415i
478,4.142,0.3733,17.017-3.0924i
479,4.1361,0.368,16.972-3.0442i
480,4.1302,0.3647,16.926-3.0126i
481,4.1242,0.3616,16.878-2.9826i
482,4.1183,0.3586,16.832-2.9536i
483,4.1123,0.3555,16.785-2.9238i
484,4.1069,0.3519,16.743-2.8904i
485,4.1014,0.3482,16.7-2.8562i
486,4.0959,0.3446,16.658-2.8229i
487,4.0905,0.3409,16.616-2.7889i
488,4.0854,0.337,16.577-2.7536i
489,4.0803,0.3331,16.538-2.7183i
490,4.0751,0.3291,16.498-2.6822i
491,4.07,0.3259,16.459-2.6528i
492,4.0648,0.3234,16.418-2.6291i
493,4.0596,0.321,16.377-2.6063i
494,4.0544,0.3186,16.337-2.5835i
495,4.0493,0.3159,16.297-2.5583i
496,4.0446,0.3129,16.261-2.5311i
497,4.0398,0.3098,16.224-2.5031i
498,4.035,0.3068,16.187-2.4759i
499,4.0302,0.3044,16.15-2.4536i
500,4.0256,0.3025,16.114-2.4355i
501,4.021,0.3006,16.078-2.4174i
502,4.0163,0.2987,16.041-2.3993i
503,4.0118,0.2967,16.007-2.3806i
504,4.0075,0.2946,15.973-2.3612i
505,4.0031,0.2925,15.939-2.3418i
506,3.9988,0.2904,15.906-2.3225i
507,3.9946,0.2881,15.874-2.3017i
508,3.9905,0.2851,15.843-2.2754i
509,3.9864,0.2822,15.812-2.2499i
510,3.9823,0.2793,15.781-2.2245i
511,3.9783,0.2764,15.75-2.1992i
512,3.9743,0.2743,15.72-2.1803i
513,3.9703,0.2721,15.689-2.1606i
514,3.9663,0.2699,15.659-2.141i
515,3.9623,0.2678,15.628-2.1222i
516,3.9584,0.2656,15.598-2.1027i
517,3.9546,0.2635,15.569-2.0841i
518,3.9508,0.2614,15.54-2.0655i
519,3.947,0.2593,15.512-2.0469i
520,3.9433,0.2572,15.483-2.0284i
521,3.9399,0.2553,15.458-2.0117i
522,3.9364,0.2533,15.431-1.9942i
523,3.9329,0.2514,15.405-1.9775i
524,3.9294,0.2494,15.378-1.96i
525,3.9261,0.2478,15.353-1.9458i
526,3.9228,0.2461,15.328-1.9308i
527,3.9195,0.2444,15.303-1.9159i
528,3.9162,0.2427,15.278-1.9009i
529,3.913,0.2413,15.253-1.8884i
530,3.9097,0.2401,15.228-1.8774i
531,3.9065,0.2389,15.204-1.8665i
532,3.9033,0.2376,15.179-1.8548i
533,3.9,0.2364,15.154-1.8439i
534,3.8969,0.2354,15.13-1.8347i
535,3.8937,0.2344,15.106-1.8254i
536,3.8906,0.2333,15.082-1.8154i
537,3.8874,0.2323,15.058-1.8061i
538,3.8843,0.2313,15.034-1.7969i
539,3.8814,0.2302,15.012-1.787i
540,3.8785,0.2291,14.99-1.7771i
541,3.8756,0.228,14.968-1.7673i
542,3.8727,0.2269,14.946-1.7574i
543,3.8699,0.2258,14.925-1.7476i
544,3.8673,0.2247,14.906-1.738i
545,3.8646,0.2236,14.885-1.7282i
546,3.862,0.2225,14.866-1.7186i
547,3.8594,0.2214,14.846-1.7089i
548,3.8568,0.2204,14.826-1.7001i
549,3.8541,0.2194,14.806-1.6912i
550,3.8515,0.2185,14.786-1.6831i
551,3.8489,0.2175,14.767-1.6743i
552,3.8463,0.2165,14.747-1.6654i
553,3.8439,0.2159,14.729-1.6598i
554,3.8416,0.2152,14.712-1.6534i
555,3.8392,0.2145,14.693-1.647i
556,3.8368,0.2138,14.675-1.6406i
557,3.8345,0.2131,14.658-1.6343i
558,3.8326,0.2123,14.644-1.6273i
559,3.8307,0.2115,14.63-1.6204i
560,3.8288,0.2107,14.615-1.6135i
561,3.8269,0.2099,14.601-1.6065i
562,3.825,0.2091,14.587-1.5996i
563,3.8232,0.2078,14.574-1.5889i
564,3.8214,0.2065,14.56-1.5782i
565,3.8196,0.2052,14.547-1.5676i
566,3.8178,0.2038,14.534-1.5561i
567,3.816,0.2025,14.521-1.5455i
568,3.8141,0.2009,14.507-1.5325i
569,3.8121,0.1993,14.492-1.5195i
570,3.8101,0.1977,14.478-1.5065i
571,3.8081,0.1961,14.463-1.4935i
572,3.8061,0.1945,14.449-1.4806i
573,3.804,0.1929,14.433-1.4676i
574,3.8017,0.1913,14.416-1.4545i
575,3.7993,0.1897,14.399-1.4415i
576,3.797,0.1882,14.382-1.4292i
577,3.7947,0.1866,14.365-1.4162i
578,3.7923,0.185,14.347-1.4032i
579,3.7898,0.1837,14.329-1.3924i
580,3.7873,0.1823,14.31-1.3808i
581,3.7848,0.181,14.292-1.3701i
582,3.7823,0.1796,14.274-1.3586i
583,3.7798,0.1783,14.255-1.3479i
584,3.7772,0.1771,14.236-1.3379i
585,3.7746,0.176,14.217-1.3287i
586,3.7721,0.1749,14.198-1.3195i
587,3.7695,0.1738,14.179-1.3103i
588,3.7669,0.1726,14.16-1.3003i
589,3.7643,0.1715,14.141-1.2912i
590,3.7618,0.1707,14.122-1.2843i
591,3.7593,0.1698,14.104-1.2767i
592,3.7568,0.1689,14.085-1.269i
593,3.7543,0.168,14.067-1.2614i
594,3.7518,0.1672,14.048-1.2546i
595,3.7494,0.1664,14.03-1.2478i
596,3.747,0.1657,14.013-1.2418i
597,3.7446,0.165,13.995-1.2357i
598,3.7422,0.1643,13.977-1.2297i
599,3.7398,0.1637,13.959-1.2244i
600,3.7374,0.163,13.942-1.2184i
601,3.7353,0.1623,13.926-1.2125i
602,3.7333,0.1617,13.911-1.2073i
603,3.7312,0.161,13.896-1.2014i
604,3.7292,0.1604,13.881-1.1963i
605,3.7272,0.1597,13.867-1.1905i
606,3.7252,0.1591,13.852-1.1854i
607,3.7232,0.1583,13.837-1.1788i
608,3.7211,0.1575,13.822-1.1721i
609,3.719,0.1567,13.806-1.1655i
610,3.7169,0.1558,13.791-1.1582i
611,3.7148,0.155,13.776-1.1516i
612,3.7127,0.1542,13.76-1.145i
613,3.7108,0.1535,13.746-1.1392i
614,3.709,0.1529,13.733-1.1342i
615,3.7071,0.1523,13.719-1.1292i
616,3.7053,0.1516,13.706-1.1234i
617,3.7035,0.151,13.693-1.1185i
618,3.7017,0.1504,13.68-1.1135i
619,3.6999,0.1497,13.667-1.1078i
620,3.6982,0.1489,13.655-1.1013i
621,3.6966,0.1481,13.643-1.0949i
622,3.6949,0.1473,13.631-1.0885i
623,3.6932,0.1464,13.618-1.0814i
624,3.6915,0.1456,13.606-1.075i
625,3.6899,0.1448,13.594-1.0686i
626,3.6885,0.144,13.584-1.0623i
627,3.687,0.1431,13.573-1.0552i
628,3.6855,0.1422,13.563-1.0482i
629,3.6841,0.1414,13.553-1.0419i
630,3.6826,0.1405,13.542-1.0348i
631,3.6811,0.1396,13.531-1.0278i
632,3.6798,0.1386,13.522-1.02i
633,3.6785,0.1375,13.512-1.0116i
634,3.6772,0.1365,13.503-1.0039i
635,3.6759,0.1354,13.494-0.99543i
636,3.6746,0.1343,13.485-0.987i
637,3.6732,0.1333,13.475-0.97928i
638,3.6719,0.1321,13.465-0.97012i
639,3.6705,0.1307,13.455-0.95947i
640,3.6691,0.1294,13.446-0.94956i
641,3.6678,0.128,13.436-0.93896i
642,3.6664,0.1267,13.426-0.92907i
643,3.665,0.1253,13.417-0.91845i
644,3.6636,0.124,13.407-0.90857i
645,3.6622,0.123,13.397-0.9009i
646,3.6608,0.1221,13.387-0.89397i
647,3.6594,0.1212,13.377-0.88704i
648,3.658,0.1204,13.366-0.88085i
649,3.6566,0.1195,13.356-0.87393i
650,3.6552,0.1186,13.346-0.86701i
651,3.6538,0.1178,13.336-0.86084i
652,3.6532,0.1168,13.332-0.85339i
653,3.6526,0.1159,13.328-0.84667i
654,3.6521,0.115,13.325-0.83998i
655,3.6515,0.114,13.32-0.83254i
656,3.651,0.1131,13.317-0.82586i
657,3.6504,0.1122,13.313-0.81915i
658,3.6499,0.1112,13.309-0.81174i
659,3.6504,0.1098,13.313-0.80163i
660,3.651,0.1083,13.318-0.79081i
661,3.6516,0.1069,13.323-0.78071i
662,3.6522,0.1054,13.327-0.76988i
663,3.6528,0.104,13.332-0.75978i
664,3.6534,0.1025,13.337-0.74895i
665,3.6541,0.1011,13.342-0.73886i
666,3.6544,0.0969,13.345-0.70822i
667,3.6546,0.0924,13.348-0.67537i
668,3.6549,0.088,13.351-0.64326i
669,3.6552,0.0835,13.354-0.61042i
670,3.6555,0.079,13.356-0.57757i
671,3.6557,0.0746,13.359-0.54543i
672,3.656,0.0701,13.361-0.51257i
673,3.6543,0.0661,13.35-0.4831i
674,3.6516,0.0622,13.33-0.45426i
675,3.6489,0.0584,13.311-0.42619i
676,3.6461,0.0546,13.291-0.39815i
677,3.6434,0.0507,13.272-0.36944i
678,3.6406,0.0469,13.252-0.34149i
679,3.6379,0.0431,13.232-0.31359i
680,3.6352,0.0395,13.213-0.28718i
681,3.6327,0.0369,13.195-0.26809i
682,3.6303,0.0343,13.178-0.24904i
683,3.6278,0.0316,13.16-0.22928i
684,3.6253,0.029,13.142-0.21027i
685,3.6228,0.0263,13.124-0.19056i
686,3.6203,0.0237,13.106-0.1716i
687,3.6178,0.021,13.088-0.15195i
688,3.6148,0.0192,13.066-0.13881i
689,3.6115,0.0177,13.043-0.12785i
690,3.6082,0.0162,13.019-0.11691i
691,3.605,0.0147,12.996-0.10599i
692,3.6017,0.0132,12.972-0.095085i
693,3.5984,0.0117,12.948-0.084203i
694,3.5951,0.0102,12.925-0.07334i
695,3.5919,0.0087,12.902-0.062499i
696,3.5891,0.0083,12.882-0.059579i
697,3.5865,0.0079,12.863-0.056667i
698,3.5838,0.0074,12.844-0.05304i
699,3.5811,0.007,12.824-0.050135i
700,3.5784,0.0066,12.805-0.047235i
701,3.5757,0.0062,12.786-0.044339i
702,3.573,0.0058,12.766-0.041447i
703,3.5703,0.0054,12.747-0.038559i
704,3.5681,0.005,12.731-0.035681i
705,3.5659,0.0046,12.716-0.032806i
706,3.5637,0.0043,12.7-0.030648i
707,3.5615,0.0039,12.684-0.02778i
708,3.5593,0.0036,12.669-0.025627i
709,3.557,0.0032,12.652-0.022765i
710,3.5548,0.0028,12.637-0.019907i
711,3.5526,0.0025,12.621-0.017763i
712,3.5506,0.0023,12.607-0.016333i
713,3.5486,0.0022,12.593-0.015614i
714,3.5466,0.0021,12.578-0.014896i
715,3.5446,0.0019,12.564-0.013469i
716,3.5426,0.0018,12.55-0.012753i
717,3.5406,0.0017,12.536-0.012038i
718,3.5386,0.0015,12.522-0.010616i
719,3.5367,0.0014,12.508-0.0099028i
720,3.5349,0.0013,12.496-0.0091907i
721,3.5333,0.0012,12.484-0.0084799i
722,3.5317,0.0012,12.473-0.0084761i
723,3.5301,0.0011,12.462-0.0077662i
724,3.5285,0.001,12.45-0.007057i
725,3.5269,0.000968,12.439-0.0068281i
726,3.5252,0.000901,12.427-0.0063524i
727,3.5236,0.000833,12.416-0.0058703i
728,3.522,0.000763,12.404-0.0053746i
729,3.5205,0.00068,12.394-0.0047879i
730,3.5189,0.000597,12.383-0.0042016i
731,3.5174,0.000514,12.372-0.0036159i
732,3.5158,0.000431,12.361-0.0030306i
733,3.5142,0.000348,12.35-0.0024459i
734,3.5127,0.000265,12.339-0.0018617i
735,3.5111,0.000182,12.328-0.001278i
736,3.5096,9.92e-05,12.317-0.0006963i
737,3.5082,5.92e-05,12.307-0.00041537i
738,3.5069,5.76e-05,12.298-0.00040399i
739,3.5056,5.6e-05,12.289-0.00039263i
740,3.5043,5.44e-05,12.28-0.00038127i
741,3.5031,5.29e-05,12.272-0.00037063i
742,3.5018,5.13e-05,12.263-0.00035928i
743,3.5005,4.97e-05,12.254-0.00034795i
744,3.4992,4.81e-05,12.244-0.00033662i
745,3.498,4.66e-05,12.236-0.00032601i
746,3.4967,4.47e-05,12.227-0.0003126i
747,3.4955,4.26e-05,12.219-0.00029782i
748,3.4943,4.05e-05,12.21-0.00028304i
749,3.4931,3.84e-05,12.202-0.00026827i
750,3.4919,3.63e-05,12.193-0.00025351i
751,3.4908,3.42e-05,12.186-0.00023877i
752,3.4896,3.21e-05,12.177-0.00022403i
753,3.4884,3.01e-05,12.169-0.00021i
754,3.4872,2.8e-05,12.161-0.00019528i
755,3.486,0,12.152
756,3.4848,0,12.144
757,3.4837,0,12.136
758,3.4825,0,12.128
759,3.4813,0,12.119
760,3.4802,0,12.112
761,3.479,0,12.103
762,3.4778,0,12.095
763,3.4767,0,12.087
764,3.4755,0,12.079
765,3.4743,0,12.071
766,3.4732,0,12.063
767,3.472,0,12.055
768,3.4708,0,12.046
769,3.4696,0,12.038
770,3.4684,0,12.03
771,3.4673,0,12.022
772,3.4661,0,12.014
773,3.4649,0,12.006
774,3.4639,0,11.999
775,3.4631,0,11.993
776,3.4622,0,11.987
777,3.4614,0,11.981
778,3.4605,0,11.975
779,3.4597,0,11.97
780,3.4588,0,11.963
781,3.458,0,11.958
782,3.4571,0,11.952
783,3.4563,0,11.946
784,3.4553,0,11.939
785,3.4543,0,11.932
786,3.4533,0,11.925
787,3.4523,0,11.918
788,3.4513,0,11.911
789,3.4503,0,11.905
790,3.4492,0,11.897
791,3.4482,0,11.89
792,3.4472,0,11.883
793,3.4462,0,11.876
794,3.445,0,11.868
795,3.4438,0,11.86
796,3.4426,0,11.851
797,3.4414,0,11.843
798,3.4402,0,11.835
799,3.439,0,11.827
800,3.4378,0,11.818
801,3.4366,0,11.81
802,3.4354,0,11.802
803,3.4342,0,11.794
804,3.4332,0,11.787
805,3.4323,0,11.781
806,3.4314,0,11.775
807,3.4305,0,11.768
808,3.4296,0,11.762
809,3.4288,0,11.757
810,3.4279,0,11.75
811,3.427,0,11.744
812,3.4261,0,11.738
813,3.4252,0,11.732
814,3.4244,0,11.727
815,3.4233,0,11.719
816,3.4223,0,11.712
817,3.4213,0,11.705
818,3.4202,0,11.698
819,3.4192,0,11.691
820,3.4181,0,11.683
821,3.4171,0,11.677
822,3.4161,0,11.67
823,3.415,0,11.662
824,3.414,0,11.655
825,3.4129,0,11.648
826,3.4119,0,11.641
827,3.4109,0,11.634
828,3.4099,0,11.627
829,3.4089,0,11.621
830,3.4079,0,11.614
831,3.4069,0,11.607
832,3.4059,0,11.6
833,3.4049,0,11.593
834,3.4039,0,11.587
835,3.4029,0,11.58
836,3.4019,0,11.573
837,3.4009,0,11.566
838,3.3999,0,11.559
839,3.3989,0,11.553
840,3.3979,0,11.546
841,3.3969,0,11.539
842,3.3959,0,11.532
843,3.3949,0,11.525
844,3.3939,0,11.519
845,3.3929,0,11.512
846,3.3919,0,11.505
847,3.3909,0,11.498
848,3.3899,0,11.491
849,3.3889,0,11.485
850,3.3879,0,11.478
851,3.3869,0,11.471
852,3.3859,0,11.464
853,3.3849,0,11.458
854,3.3839,0,11.451
855,3.3829,0,11.444
856,3.3819,0,11.437
857,3.3809,0,11.43
858,3.3799,0,11.424
859,3.3789,0,11.417
860,3.3779,0,11.41
861,3.3769,0,11.403
862,3.3759,0,11.397
863,3.3749,0,11.39
864,3.3739,0,11.383
865,3.3729,0,11.376
866,3.3719,0,11.37
867,3.3709,0,11.363
868,3.3699,0,11.356
869,3.3689,0,11.349
870,3.3679,0,11.343
871,3.3669,0,11.336
872,3.3659,0,11.329
873,3.3649,0,11.323
874,3.3639,0,11.316
875,3.3629,0,11.309
876,3.3619,0,11.302
877,3.3609,0,11.296
878,3.3599,0,11.289
879,3.3589,0,11.282
880,3.3579,0,11.275
881,3.3569,0,11.269
882,3.3559,0,11.262
883,3.3549,0,11.255
884,3.3539,0,11.249
885,3.3529,0,11.242
886,3.3519,0,11.235
887,3.3509,0,11.229
888,3.3499,0,11.222
889,3.3489,0,11.215
890,3.3479,0,11.208
891,3.3469,0,11.202
892,3.3459,0,11.195
893,3.3449,0,11.188
894,3.3439,0,11.182
895,3.3429,0,11.175
896,3.3419,0,11.168
897,3.3409,0,11.162
898,3.3399,0,11.155
899,3.3389,0,11.148
900,3.3379,0,11.142
901,3.3369,0,11.135
902,3.3359,0,11.128
903,3.3349,0,11.122
904,3.3339,0,11.115
905,3.3329,0,11.108
906,3.3319,0,11.102
907,3.3309,0,11.095
908,3.3299,0,11.088
909,3.3289,0,11.082
910,3.3279,0,11.075
911,3.3269,0,11.068
912,3.3259,0,11.062
913,3.3249,0,11.055
914,3.3239,0,11.048
915,3.3229,0,11.042
916,3.3219,0,11.035
917,3.3209,0,11.028
918,3.3199,0,11.022
919,3.3189,0,11.015
920,3.3179,0,11.008
921,3.3169,0,11.002
922,3.3159,0,10.995
923,3.3149,0,10.989
924,3.3139,0,10.982
925,3.3129,0,10.975
926,3.3119,0,10.969
927,3.3109,0,10.962
928,3.3099,0,10.955
929,3.3089,0,10.949
930,3.3079,0,10.942
931,3.3069,0,10.936
932,3.3059,0,10.929
933,3.3049,0,10.922
934,3.3039,0,10.916
935,3.3029,0,10.909
936,3.3019,0,10.903
937,3.3009,0,10.896
938,3.2999,0,10.889
939,3.2989,0,10.883
940,3.2979,0,10.876
941,3.2969,0,10.87
942,3.2959,0,10.863
943,3.2949,0,10.856
944,3.2939,0,10.85
945,3.2929,0,10.843
946,3.2919,0,10.837
947,3.2909,0,10.83
948,3.2899,0,10.823
949,3.2889,0,10.817
950,3.2879,0,10.81
951,3.2869,0,10.804
952,3.2859,0,10.797
953,3.2849,0,10.791
954,3.2839,0,10.784
955,3.2829,0,10.777
956,3.2819,0,10.771
957,3.2809,0,10.764
958,3.2799,0,10.758
959,3.2789,0,10.751
960,3.2779,0,10.745
961,3.2769,0,10.738
962,3.2759,0,10.732
963,3.2749,0,10.725
964,3.2739,0,10.718
965,3.2729,0,10.712
966,3.2719,0,10.705
967,3.2709,0,10.699
968,3.2699,0,10.692
969,3.2689,0,10.686
970,3.2679,0,10.679
971,3.2669,0,10.673
972,3.2659,0,10.666
973,3.2649,0,10.66
974,3.2639,0,10.653
975,3.2629,0,10.647
976,3.2619,0,10.64
977,3.2609,0,10.633
978,3.2599,0,10.627
979,3.2589,0,10.62
980,3.2579,0,10.614
981,3.2569,0,10.607
982,3.2559,0,10.601
983,3.2549,0,10.594
984,3.2539,0,10.588
985,3.2529,0,10.581
986,3.2519,0,10.575
987,3.2509,0,10.568
988,3.2499,0,10.562
989,3.2489,0,10.555
990,3.2479,0,10.549
991,3.2469,0,10.542
992,3.2459,0,10.536
993,3.2449,0,10.529
994,3.2439,0,10.523
995,3.2429,0,10.516
996,3.2419,0,10.51
997,3.2409,0,10.503
998,3.2399,0,10.497
999,3.2389,0,10.49
1000,3.2379,0,10.484
1001,3.2369,0,10.478
1002,3.2359,0,10.471
1003,3.2349,0,10.465
1004,3.2339,0,10.458
1005,3.2329,0,10.452
1006,3.2319,0,10.445
1007,3.2309,0,10.439
1008,3.2299,0,10.432
1009,3.2289,0,10.426
1010,3.2279,0,10.419
1011,3.2269,0,10.413
1012,3.2259,0,10.406
1013,3.2249,0,10.4
1014,3.2239,0,10.394
1015,3.2229,0,10.387
1016,3.2219,0,10.381
1017,3.2209,0,10.374
1018,3.2199,0,10.368
1019,3.2189,0,10.361
1020,3.2179,0,10.355
1021,3.2169,0,10.348
1022,3.2159,0,10.342
1023,3.2149,0,10.336
1024,3.2139,0,10.329
1025,3.2129,0,10.323
1026,3.2119,0,10.316
1027,3.2109,0,10.31
1028,3.2099,0,10.303
1029,3.2089,0,10.297
1030,3.2079,0,10.291
1031,3.2069,0,10.284
1032,3.2059,0,10.278
1033,3.2049,0,10.271
1034,3.2039,0,10.265
1035,3.2029,0,10.259
1036,3.2019,0,10.252
1037,3.2009,0,10.246
1038,3.1999,0,10.239
1039,3.1989,0,10.233
1040,3.1979,0,10.227
1041,3.1969,0,10.22
1042,3.1959,0,10.214
1043,3.1949,0,10.207
1044,3.1939,0,10.201
1045,3.1929,0,10.195
1046,3.1919,0,10.188
1047,3.1909,0,10.182
1048,3.1899,0,10.175
1049,3.1889,0,10.169
1050,3.1879,0,10.163
1051,3.1869,0,10.156
1052,3.1859,0,10.15
1053,3.1849,0,10.144
1054,3.1839,0,10.137
1055,3.1829,0,10.131
1056,3.1819,0,10.124
1057,3.1809,0,10.118
1058,3.1799,0,10.112
1059,3.1789,0,10.105
1060,3.1779,0,10.099
1061,3.1769,0,10.093
1062,3.1759,0,10.086
1063,3.1749,0,10.08
1064,3.1739,0,10.074
1065,3.1729,0,10.067
1066,3.1719,0,10.061
1067,3.1709,0,10.055
1068,3.1699,0,10.048
1069,3.1689,0,10.042
1070,3.1679,0,10.036
1071,3.1669,0,10.029
1072,3.1659,0,10.023
1073,3.1649,0,10.017
1074,3.1639,0,10.01
1075,3.1629,0,10.004
1076,3.1619,0,9.9976
1077,3.1609,0,9.9913
1078,3.1599,0,9.985
1079,3.1589,0,9.9786
1080,3.1579,0,9.9723
1081,3.1569,0,9.966
1082,3.1559,0,9.9597
1083,3.1549,0,9.9534
1084,3.1539,0,9.9471
1085,3.1529,0,9.9408
1086,3.1519,0,9.9345
1087,3.1509,0,9.9282
1088,3.1499,0,9.9219
1089,3.1489,0,9.9156
1090,3.1479,0,9.9093
1091,3.1469,0,9.903
1092,3.1459,0,9.8967
1093,3.1449,0,9.8904
1094,3.1439,0,9.8841
1095,3.1429,0,9.8778
1096,3.1419,0,9.8715
1097,3.1409,0,9.8653
1098,3.1399,0,9.859
1099,3.1389,0,9.8527
1100,3.1379,0,9.8464
1101,3.1369,0,9.8401
1102,3.1359,0,9.8339
1103,3.1349,0,9.8276
1104,3.1339,0,9.8213
1105,3.1329,0,9.8151
1106,3.1319,0,9.8088
1107,3.1309,0,9.8025
1108,3.1299,0,9.7963
1109,3.1289,0,9.79
1110,3.1279,0,9.7838
1111,3.1269,0,9.7775
1112,3.1259,0,9.7713
1113,3.1249,0,9.765
1114,3.1239,0,9.7588
1115,3.1229,0,9.7525
1116,3.1219,0,9.7463
1117,3.1209,0,9.74
1118,3.1199,0,9.7338
1119,3.1189,0,9.7275
1120,3.1179,0,9.7213
1121,3.1169,0,9.7151
1122,3.1159,0,9.7088
1123,3.1149,0,9.7026
1124,3.1139,0,9.6964
1125,3.1129,0,9.6901
1126,3.1119,0,9.6839
1127,3.1109,0,9.6777
1128,3.1099,0,9.6715
1129,3.1089,0,9.6653
1130,3.1079,0,9.659
1131,3.1069,0,9.6528
1132,3.1059,0,9.6466
1133,3.1049,0,9.6404
1134,3.1039,0,9.6342
1135,3.1029,0,9.628
1136,3.1019,0,9.6218
1137,3.1009,0,9.6156
1138,3.0999,0,9.6094
1139,3.0989,0,9.6032
1140,3.0979,0,9.597
1141,3.0969,0,9.5908
1142,3.0959,0,9.5846
1143,3.0949,0,9.5784
1144,3.0939,0,9.5722
1145,3.0929,0,9.566
1146,3.0919,0,9.5598
1147,3.0909,0,9.5537
1148,3.0899,0,9.5475
1149,3.0889,0,9.5413
1150,3.0879,0,9.5351
1151,3.0869,0,9.529
1152,3.0859,0,9.5228
1153,3.0849,0,9.5166
1154,3.0839,0,9.5104
1155,3.0829,0,9.5043
1156,3.0819,0,9.4981
1157,3.0809,0,9.4919
1158,3.0799,0,9.4858
1159,3.0789,0,9.4796
1160,3.0779,0,9.4735
1161,3.0769,0,9.4673
1162,3.0759,0,9.4612
1163,3.0749,0,9.455
1164,3.0739,0,9.4489
1165,3.0729,0,9.4427
1166,3.0719,0,9.4366
1167,3.0709,0,9.4304
1168,3.0699,0,9.4243
1169,3.0689,0,9.4181
1170,3.0679,0,9.412
1171,3.0669,0,9.4059
1172,3.0659,0,9.3997
1173,3.0649,0,9.3936
1174,3.0639,0,9.3875
1175,3.0629,0,9.3814
1176,3.0619,0,9.3752
1177,3.0609,0,9.3691
1178,3.0599,0,9.363
1179,3.0589,0,9.3569
1180,3.0579,0,9.3508
1181,3.0569,0,9.3446
1182,3.0559,0,9.3385
1183,3.0549,0,9.3324
1184,3.0539,0,9.3263
1185,3.0529,0,9.3202
1186,3.0519,0,9.3141
1187,3.0509,0,9.308
1188,3.0499,0,9.3019
1189,3.0489,0,9.2958
1190,3.0479,0,9.2897
1191,3.0469,0,9.2836
1192,3.0459,0,9.2775
1193,3.0449,0,9.2714
1194,3.0439,0,9.2653
1195,3.0429,0,9.2592
1196,3.0419,0,9.2532
1197,3.0409,0,9.2471
1198,3.0399,0,9.241
1199,3.0389,0,9.2349
1200,3.0379,0,9.2288
