249+0i,3.14186609+0i,3.62969813+0i,-3.30338598743361-22.8080509431668i
250+0i,3.224296+0i,3.60241507+0i,-2.58130964094711-23.2305050010814i
251+0i,3.3049704+0i,3.5690605+0i,-1.81536350778409-23.5912786166184i
252+0i,3.38311192+0i,3.52984356+0i,-1.01434929482739-23.8837116471425i
253+0i,3.45798602+0i,3.48509562+0i,-0.188224166027744-24.1028238646465i
254+0i,3.52892199+0i,3.43525933+0i,0.652283747153511-24.2455243819793i
255+0i,3.59533108+0i,3.38087402+0i,1.49609643570301-24.3107228833411i
256+0i,3.65672106+0i,3.32255804+0i,2.33221698147888-24.2993359158806i
257+0i,3.71270672+0i,3.26098924+0i,3.15014036533738-24.2141933303914i
258+0i,3.76301632+0i,3.19688433+0i,3.94022240518679-24.0598558138845i
259+0i,3.80749377+0i,3.1309778+0i,4.69398682449597-23.8423569350166i
260+0i,3.8460969+0i,3.06400158+0i,5.40435568194711-23.5688939568662i
261+0i,3.87889196+0i,2.99666597+0i,6.0657959015966-23.2474870756772i
262+0i,3.90604495+0i,2.92964252+0i,6.67438185642855-22.8866307411025i
263+0i,3.92781031+0i,2.8635494+0i,7.22777866510194-22.4949577130286i
264+0i,3.94451756+0i,2.79893967+0i,7.72515550484864-22.0809333553912i
265+0i,3.95655654+0i,2.73629254+0i,8.16704278975712-21.6525922889804i
266+0i,3.96436203+0i,2.67600783+0i,8.55514839868441-21.2173276664694i
267+0i,3.9683982+0i,2.61840351+0i,8.89214733258292-20.7817355519154i
268+0i,3.96914364+0i,2.56371628+0i,9.18146007061541-20.3515163350529i
269+0i,3.96707755+0i,2.51210456+0i,9.42703496734121-19.9314272064573i
270+0i,3.96266732+0i,2.46365392+0i,9.63314165146462-19.5252817531478i
271+0i,3.95635798+0i,2.4183842+0i,9.80418632710004-19.1359872567518i
272+0i,3.94856373+0i,2.37625821+0i,9.94455244927911-18.7656139622414i
273+0i,3.93966163+0i,2.33719089+0i,10.0584725025953-18.4154825426371i
274+0i,3.92998737+0i,2.30105897+0i,10.1499283449421-18.0862653794504i
275+0i,3.91983326+0i,2.26771077+0i,10.2225806498282-17.7780962006124i
276+0i,3.90944777+0i,2.23697511+0i,10.2797242235985-17.49067471067i
277+0i,3.89903698+0i,2.2086697+0i,10.3242675277094-17.223369673811i
278+0i,3.88876702+0i,2.18260851+0i,10.3587290279153-16.9753119825187i
279+0i,3.8787677+0i,2.15860782+0i,10.3852511499981-16.7454765783668i
280+0i,3.86913666+0i,2.13649135+0i,10.4056232051311-16.5327540121158i
281+0i,3.85994393+0i,2.11609391+0i,10.4213137068048-16.3360076864289i
282+0i,3.85123664+0i,2.09726414+0i,10.4335067843486-16.1541209994522i
283+0i,3.84304364+0i,2.07986617+0i,10.443141133834-15.9860329133393i
284+0i,3.83537981+0i,2.06378037+0i,10.4509488713583-15.8307631267447i
285+0i,3.82825025+0i,2.04890343+0i,10.4574947111593-15.6874301362467i
286+0i,3.82165374+0i,2.03514777+0i,10.46321086272-15.5552601733463i
287+0i,3.81558602+0i,2.02244052+0i,10.4684310190816-15.4335915487871i
288+0i,3.81004254+0i,2.01072213+0i,10.4734206725379-15.3218737028388i
289+0i,3.80502065+0i,1.99994476+0i,10.478403103875-15.2196622213186i
290+0i,3.8005215+0i,1.99007041+0i,10.4835834352047-15.1266107594376i
291+0i,3.79655145+0i,1.98106902+0i,10.4891684504933-15.0424609208622i
292+0i,3.79312321+0i,1.97291643+0i,10.4953844464768-14.9670302040467i
293+0i,3.79025644+0i,1.96559241+0i,10.5024903587119-14.9001985808352i
294+0i,3.78797819+0i,1.95907858+0i,10.5107898853009-14.8418938670723i
295+0i,3.78632291+0i,1.95335646+0i,10.5206397189671-14.792076631789i
296+0i,3.78533218+0i,1.94840559+0i,10.5324553698003-14.7507247590378i
297+0i,3.7850545+0i,1.94420152+0i,10.5467180175999-14.7178174243657i
298+0i,3.78554357+0i,1.94071458+0i,10.5639670393438-14.6933191990485i
299+0i,3.78685785+0i,1.93790806+0i,10.5848047270937-14.6771646991785i
300+0i,3.78905921+0i,1.93573688+0i,10.6098924282937-14.6692433066013i
301+0i,3.79221119+0i,1.9341466+0i,10.6399426392697-14.6693847592409i
302+0i,3.79637732+0i,1.93307261+0i,10.6757110402782-14.6773460290344i
303+0i,3.80161914+0i,1.93243973+0i,10.7179847755319-14.6927997289289i
304+0i,3.80799429+0i,1.93216202+0i,10.7675704411421-14.7153238790297i
305+0i,3.81555445+0i,1.93214305+0i,10.8252789952515-14.7443940249281i
306+0i,3.82434336+0i,1.93227646+0i,10.891909817306-14.7793772989706i
307+0i,3.83439496+0i,1.93244695+0i,10.9682334947091-14.8195296910947i
308+0i,3.84573166+0i,1.93253152+0i,11.0549739249328-14.8639953008238i
309+0i,3.85836287+0i,1.93240107+0i,11.1527901412575-14.9118090768725i
310+0i,3.87228378+0i,1.93192228+0i,11.2622579768907-14.9619026181292i
311+0i,3.88747452+0i,1.93095974+0i,11.3838526261484-15.0131135767916i
312+0i,3.90389963+0i,1.92937795+0i,11.5179330471679-15.0641957302703i
313+0i,3.9215079+0i,1.92704368+0i,11.6647268651345-15.1138340295301i
314+0i,3.94023259+0i,1.92382809+0i,11.8243183434251-15.1606602755509i
315+0i,3.95999215+0i,1.91960922+0i,11.9966382705526-15.2032748845352i
316+0i,3.980691+0i,1.91427367+0i,12.1814571538257-15.2402639394119i
317+0i,4.00222068+0i,1.90771845+0i,12.3783806869493-15.2702204644151i
318+0i,4.02446174+0i,1.89985301+0i,12.5868508371178-15.2917715007377i
319+0i,4.04728503+0i,1.89060017+0i,12.8061471112581-15.3035955315129i
320+0i,4.07055357+0i,1.87989728+0i,13.0353925828883-15.3044451686746i
321+0i,4.09412495+0i,1.8676972+0i,13.2735662753247-15.2931714111303i
322+0i,4.11785266+0i,1.85396846+0i,13.5195114787943-15.2687379091342i
323+0i,4.14158875+0i,1.83869571+0i,13.7719554601542-15.2302429344185i
324+0i,4.16518533+0i,1.82187943+0i,14.0295241757901-15.1769309497295i
325+0i,4.18849671+0i,1.80353568+0i,14.2907637406478-15.1082065240952i
326+0i,4.21138114+0i,1.78369545+0i,14.554161647997-15.0236427552676i
327+0i,4.23370232+0i,1.76240386+0i,14.8181679686305-14.9229866217179i
328+0i,4.25533114+0i,1.73971919+0i,15.0812202509994-14.8061624881252i
329+0i,4.27614669+0i,1.71571173+0i,15.3417637739384-14.6732700704673i
330+0i,4.29603763+0i,1.69046255+0i,15.5982756854235-14.5245814538115i
331+0i,4.31490299+0i,1.66406211+0i,15.8492851071733-14.3605331479694i
332+0i,4.33265289+0i,1.63660895+0i,16.0933922100053-14.1817169940347i
333+0i,4.34920928+0i,1.60820804+0i,16.3292882613175-13.9888666634772i
334+0i,4.36450589+0i,1.57896973+0i,16.5557662555884-13.7828453734334i
335+0i,4.37848896+0i,1.54900778+0i,16.7717404703414-13.5646269273682i
336+0i,4.39111678+0i,1.51843839+0i,16.9762514313718-13.3352805874504i
337+0i,4.40235971+0i,1.48737875+0i,17.1684754702797-13.0959525650203i
338+0i,4.4122+0i,1.45594552+0i,17.3477314827919-12.847845646688i
339+0i,4.42063117+0i,1.42425398+0i,17.5134805416297-12.5922030759691i
340+0i,4.42765758+0i,1.39241673+0i,17.6653272957476-12.3302889782066i
341+0i,4.43329376+0i,1.3605426+0i,17.8030173960402-12.0633700375884i
342+0i,4.43756371+0i,1.32873596+0i,17.9264324289118-11.792700952536i
343+0i,4.44050008+0i,1.29709591+0i,18.0355831607413-11.5195089842453i
344+0i,4.44214333+0i,1.26571536+0i,18.1306019917236-11.2449780882051i
345+0i,4.44254083+0i,1.23468076+0i,18.2117324471029-10.9702393766309i
346+0i,4.44174601+0i,1.20407155+0i,18.2793193198315-10.696360005934i
347+0i,4.43981743+0i,1.17395992+0i,18.3337969179654-10.4243354298748i
348+0i,4.43681779+0i,1.14441041+0i,18.3756769151441-10.1550809322984i
349+0i,4.43281313+0i,1.11547998+0i,18.4055366597196-9.88942860319228i
350+0i,4.42787193+0i,1.08721794+0i,18.4240069794241-9.62812359663685i
351+0i,4.42206426+0i,1.05966605+0i,18.4317601820467-9.37182273448074i
352+0i,4.41546107+0i,1.03285865+0i,18.4294994698057-9.12109431977551i
353+0i,4.40813332+0i,1.00682292+0i,18.4179469746569-8.87641932198339i
354+0i,4.40015141+0i,0.981579179+0i,18.3978347462787-8.63819401700699i
355+0i,4.39158454+0i,0.95714124+0i,18.3698954186583-8.40673334436086i
356+0i,4.38250015+0i,0.933516831+0i,18.3348538909897-8.18227530377005i
357+0i,4.37296343+0i,0.910708026+0i,18.2934200514966-7.96498578621098i
358+0i,4.36303695+0i,0.888711714+0i,18.2462829164645-7.75496409215966i
359+0i,4.35278025+0i,0.867520097+0i,18.1941047860912-7.55224868939937i
360+0i,4.34224963+0i,0.847121179+0i,18.1375175573248-7.35682325215583i
361+0i,4.33149788+0i,0.827499277+0i,18.077118831009-7.16862272805407i
362+0i,4.32057415+0i,0.808635517+0i,18.0134695862944-6.98753942304417i
363+0i,4.30952387+0i,0.790508315+0i,17.9470925900156-6.81342890585196i
364+0i,4.29838868+0i,0.773093858+0i,17.8784711310748-6.64611577560945i
365+0i,4.28720647+0i,0.75636654+0i,17.8080489735783-6.48539904795903i
366+0i,4.27601138+0i,0.740299388+0i,17.7362301380163-6.33105721539007i
367+0i,4.26483398+0i,0.724864457+0i,17.6633803959407-6.1828531342157i
368+0i,4.25370128+0i,0.710033188+0i,17.5898274514122-6.04053816127616i
369+0i,4.24263696+0i,0.695776736+0i,17.5158631079992-5.90385619212352i
370+0i,4.23166153+0i,0.682066267+0i,17.4417449119026-5.77254716594922i
371+0i,4.22079249+0i,0.668873213+0i,17.3676978685715-5.64635006838514i
372+0i,4.21004455+0i,0.656169502+0i,17.2939166976298-5.52500567154263i
373+0i,4.19942984+0i,0.643927744+0i,17.2205680415895-5.40825876591496i
374+0i,4.18895814+0i,0.632121397+0i,17.147792838127-5.29586014286264i
375+0i,4.17863704+0i,0.620724896+0i,17.0757081155458-5.1875680841515i
376+0i,4.16847222+0i,0.609713755+0i,17.0044097858755-5.08314969973877i
377+0i,4.15846762+0i,0.599064644+0i,16.9339744988976-4.98238184872165i
378+0i,4.14862564+0i,0.588755441+0i,16.8644617315583-4.88505183644421i
379+0i,4.13894732+0i,0.578765268+0i,16.7959156822921-4.79095790979536i
380+0i,4.12943257+0i,0.569074497+0i,16.728367567041-4.69990952533633i
381+0i,4.12008027+0i,0.559664765+0i,16.6618367820608-4.61172751218137i
382+0i,4.11088848+0i,0.550518938+0i,16.5963329939001-4.52624392049207i
383+0i,4.10185455+0i,0.541621095+0i,16.5318573388067-4.44330190580346i
384+0i,4.09297526+0i,0.532956485+0i,16.4684038640685-4.36275541552312i
385+0i,4.08424694+0i,0.524511484+0i,16.4059607700515-4.28446884704372i
386+0i,4.07566557+0i,0.516273546+0i,16.344511464184-4.20831663226802i
387+0i,4.06722689+0i,0.50823115+0i,16.2840356729087-4.13418279923125i
388+0i,4.05892646+0i,0.500373738+0i,16.224510130008-4.06196041011462i
389+0i,4.05075975+0i,0.492691655+0i,16.1659094853134-3.99155105046977i
390+0i,4.04272216+0i,0.48517609+0i,16.1082066246474-3.92286426109031i
391+0i,4.03480916+0i,0.477819021+0i,16.0513739407905-3.85581712550606i
392+0i,4.02701624+0i,0.470613151+0i,15.9953830593296-3.79033360366914i
393+0i,4.01933899+0i,0.46355185+0i,15.9402055988958-3.72634404918326i
394+0i,4.01177313+0i,0.456629104+0i,15.8858135079702-3.66378473960635i
395+0i,4.00431453+0i,0.44983946+0i,15.832179315396-3.60259737169071i
396+0i,3.99695925+0i,0.443177979+0i,15.77927652509-3.54272864512071i
397+0i,3.98970348+0i,0.436640181+0i,15.7270792106604-3.48412969928706i
398+0i,3.98254366+0i,0.430222012+0i,15.6755630241969-3.42675589256609i
399+0i,3.97547639+0i,0.423919795+0i,15.6247045348546-3.37056627255228i
400+0i,3.96849848+0i,0.417730194+0i,15.574481670783-3.31552327987821i
401+0i,3.96160695+0i,0.41165018+0i,15.5248737555943-3.2615924281135i
402+0i,3.95479903+0i,0.405676999+0i,15.4758615401713-3.20874200427702i
403+0i,3.94807212+0i,0.39980814+0i,15.427426915911-3.15694274176611i
404+0i,3.94142385+0i,0.394041311+0i,15.3795534105742-3.10616764212133i
405+0i,3.93485202+0i,0.388374413+0i,15.332225734625-3.05639168701873i
406+0i,3.92835461+0i,0.38280552+0i,15.2854298757658-3.00759165845089i
407+0i,3.92192982+0i,0.377332855+0i,15.2391534295428-2.95974595218047i
408+0i,3.91557596+0i,0.371954777+0i,15.1933847423968-2.91283436605672i
409+0i,3.90929156+0i,0.366669762+0i,15.1481137867221-2.86683801178762i
410+0i,3.9030753+0i,0.361476388+0i,15.1033316183886-2.82173912307203i
411+0i,3.89692597+0i,0.356373326+0i,15.0590300681761-2.77752093820935i
412+0i,3.89084257+0i,0.351359326+0i,15.015202528557-2.73416764593462i
413+0i,3.8848242+0i,0.346433206+0i,14.9718430986862-2.69166420470477i
414+0i,3.87887011+0i,0.341593844+0i,14.9289469759927-2.64999630250321i
415+0i,3.87297969+0i,0.336840172+0i,14.8865103776795-2.60915028986421i
416+0i,3.86715244+0i,0.332171166+0i,14.8445303106762-2.56911307018909i
417+0i,3.861388+0i,0.32758584+0i,14.8030048039755-2.52987206309184i
418+0i,3.85568609+0i,0.323083245+0i,14.7619324414198-2.49141514731712i
419+0i,3.85004662+0i,0.318662456+0i,14.7213132153095-2.4537306232874i
420+0i,3.84446953+0i,0.314322576+0i,14.6811472853151-2.41680713204622i
421+0i,3.83895493+0i,0.310062726+0i,14.6414360605168-2.38063366117388i
422+0i,3.83350303+0i,0.305882045+0i,14.6021816555658-2.34519949266019i
423+0i,3.82811414+0i,0.301779686+0i,14.5633868899857-2.31049416628272i
424+0i,3.8227887+0i,0.297754812+0i,14.5250555167785-2.27650746136845i
425+0i,3.81752725+0i,0.293806597+0i,14.4871919880518-2.24322938055454i
426+0i,3.81233046+0i,0.289934218+0i,14.4498016854765-2.21065010135536i
427+0i,3.80719914+0i,0.286136857+0i,14.4128909906829-2.17875999178541i
428+0i,3.80213419+0i,0.282413698+0i,14.3764669019489-2.14754955378027i
429+0i,3.79713669+0i,0.278763922+0i,14.3405377183353-2.117009432149i
430+0i,3.79220784+0i,0.275186705+0i,14.3051125791487-2.08713036032953i
431+0i,3.78734904+0i,0.271681216+0i,14.2702020676617-2.05790318520727i
432+0i,3.78256183+0i,0.268246609+0i,14.235817754533-2.02931876846067i
433+0i,3.77784796+0i,0.264882016+0i,14.2019727264759-2.00136796757257i
434+0i,3.77320943+0i,0.261586538+0i,14.1686818857781-1.97404158388531i
435+0i,3.76864847+0i,0.258359232+0i,14.1359617976737-1.94733024877435i
436+0i,3.76416758+0i,0.255199088+0i,14.103830995807-1.92122426699033i
437+0i,3.75976963+0i,0.252105003+0i,14.0723107381327-1.89571346770092i
438+0i,3.7554578+0i,0.249075746+0i,14.0414245603354-1.87078690621304i
439+0i,3.75123575+0i,0.246109902+0i,14.0111995682156-1.84643252562279i
440+0i,3.74710754+0i,0.24320581+0i,13.9816658503071-1.82263664884561i
441+0i,3.7430778+0i,0.240361471+0i,13.9528577801116-1.79938337215089i
442+0i,3.73915167+0i,0.237574442+0i,13.9248135957722-1.77665374310724i
443+0i,3.7353349+0i,0.234841699+0i,13.8975761915688-1.75442478849999i
444+0i,3.73163386+0i,0.232159469+0i,13.8711932460521-1.73266827088004i
445+0i,3.72805547+0i,0.22952304+0i,13.8457167615061-1.71134924952606i
446+0i,3.72460722+0i,0.226926537+0i,13.8212032900813-1.69042443623959i
447+0i,3.72129704+0i,0.224362687+0i,13.7977130445949-1.66984040603909i
448+0i,3.71813312+0i,0.221822555+0i,13.7753086521342-1.64953157701704i
449+0i,3.71512369+0i,0.2192953+0i,13.7540536033971-1.62941832827131i
450+0i,3.71227672+0i,0.216767931+0i,13.7340101099439-1.60940508778773i
451+0i,3.70959951+0i,0.21422511+0i,13.7152361268377-1.58937872617139i
452+0i,3.70709818+0i,0.211649025+0i,13.6977816063759-1.56920743075255i
453+0i,3.70477715+0i,0.209019339+0i,13.6816846470861-1.54874014207061i
454+0i,3.70263852+0i,0.206313267+0i,13.6669668456476-1.52780689916249i
455+0i,3.70068136+0i,0.203505795+0i,13.6536279196529-1.50622020441696i
456+0i,3.6989011+0i,0.200570057+0i,13.6416409998162-1.48377760892873i
457+0i,3.69728891+0i,0.197477884+0i,13.6309477693399-1.46026558096693i
458+0i,3.69583114+0i,0.194200527+0i,13.6214539707066-1.43546471018202i
459+0i,3.69450889+0i,0.190709543+0i,13.6130258084978-1.40915620404267i
460+0i,3.69329784+0i,0.186977811+0i,13.6054882331423-1.38112949098846i
461+0i,3.6921682+0i,0.182980651+0i,13.5986240984509-1.351190681675i
462+0i,3.69108491+0i,0.178696982+0i,13.5921752014538-1.31917146744548i
463+0i,3.69000818+0i,0.174110472+0i,13.5858459120068-1.28493813180732i
464+0i,3.68889427+0i,0.1692106+0i,13.5793087080865-1.24840002552652i
465+0i,3.68769644+0i,0.163993576+0i,13.5722111406194-1.20951705279614i
466+0i,3.68636622+0i,0.158463058+0i,13.5641853672064-1.1683057282582i
467+0i,3.6848548+0i,0.152630596+0i,13.5548587982477-1.12484316859492i
468+0i,3.68311452+0i,0.146515787+0i,13.5438656915946-1.07926884501785i
469+0i,3.68110042+0i,0.140146107+0i,13.5308593708169-1.03178378667813i
470+0i,3.67877167+0i,0.133556414+0i,13.5155236842741-0.982647104339983i
471+0i,3.67609301+0i,0.126788151+0i,13.4975845829369-0.932170071283849i
472+0i,3.67303589+0i,0.119888261+0i,13.4768194541025-0.880707770885375i
473+0i,3.66957941+0i,0.112907891+0i,13.4530648544459-0.828648944080249i
474+0i,3.66571097+0i,0.105900921+0i,13.4262219105097-0.776404335685607i
475+0i,3.66142658+0i,0.098922404+0i,13.3962589587174-0.724394238726197i
476+0i,3.65673092+0i,0.092026988+0i,13.3632120547637-0.673035864988138i
477+0i,3.65163696+0i,0.085267381+0i,13.3271819613754-0.622731039884003i
478+0i,3.6461654+0i,0.078692944+0i,13.2883295447218-0.573854979273875i
479+0i,3.6403438+0i,0.072348453+0i,13.2468686835469-0.526746484636283i
480+0i,3.63420553+0i,0.066273085+0i,13.2030577124872-0.48170002399432i
481+0i,3.62778854+0i,0.060499654+0i,13.1571894828212-0.43895990291033i
482+0i,3.62113406+0i,0.055054129+0i,13.1095809233721-0.398716763331067i
483+0i,3.61428533+0i,0.049955403+0i,13.0605629043643-0.361106160434276i
484+0i,3.60728627+0i,0.045215346+0i,13.0104698062166-0.326209393638199i
485+0i,3.60018031+0i,0.040839078+0i,12.9596304342198-0.294056088988308i
486+0i,3.59300931+0i,0.03682545+0i,12.908359787979-0.264628369389879i
487+0i,3.58581264+0i,0.033167693+0i,12.8569521933248-0.237866265598079i
488+0i,3.57862648+0i,0.02985418+0i,12.8056762112937-0.213673918173373i
489+0i,3.57148326+0i,0.026869262+0i,12.7547707192198-0.191926238883108i
490+0i,3.56441131+0i,0.024194138+0i,12.7044426305424-0.172475718245802i
491+0i,3.55743472+0i,0.021807713+0i,12.6548662107152-0.155159030779991i
492+0i,3.55057329+0i,0.01968741+0i,12.6061830935489-0.139803184190558i
493+0i,3.54384269+0i,0.017809923+0i,12.5585038181092-0.126231130866026i
494+0i,3.53725471+0i,0.016151866+0i,12.5119100006419-0.114266528167578i
495+0i,3.53081755+0i,0.014690333+0i,12.4664567655044-0.103737771143488i
496+0i,3.52453627+0i,0.013403346+0i,12.4221762688615-0.0944811582327188i
497+0i,3.51841314+0i,0.012270196+0i,12.3790804660148-0.0863432376735509i
498+0i,3.51244813+0i,0.011271684+0i,12.3371648150803-0.0791824107755019i
499+0i,3.50663929+0i,0.010390275+0i,12.2964111523571-0.0728698930978095i
500+0i,3.50098318+0i,0.009610167+0i,12.2567908713331-0.0672900660479821i
501+0i,3.49547522+0i,0.008917297+0i,12.2182674954483-0.0623403813857607i
502+0i,3.49011002+0i,0.008299291+0i,12.1807990734733-0.0579308773559916i
503+0i,3.48488165+0i,0.00774538+0i,12.1443401235954-0.053983465268554i
504+0i,3.4797839+0i,0.007246279+0i,12.1088434821399-0.0504309699982162i
505+0i,3.47481044+0i,0.006794057+0i,12.0742614347225-0.0472161203871102i
506+0i,3.46995502+0i,0.006381993+0i,12.0405471109885-0.0442904572959097i
507+0i,3.46521151+0i,0.006004432+0i,12.0076547558328-0.0416132537548246i
508+0i,3.46057407+0i,0.005656648+0i,11.9755408962898-0.0391504987838347i
509+0i,3.45603713+0i,0.005334709+0i,11.9441641848185-0.0368739047634903i
510+0i,3.45159549+0i,0.005035359+0i,11.9134860717481-0.0347600448298618i
511+0i,3.44724428+0i,0.004755905+0i,11.8834705073603-0.0327895326149468i
512+0i,3.44297898+0i,0.004494128+0i,11.8540840595354-0.0309463764748589i
513+0i,3.43879543+0i,0.00424819+0i,11.8252959622706-0.0292173127155434i
514+0i,3.4346898+0i,0.004016572+0i,11.7970778893734-0.0275913577587312i
515+0i,3.43065855+0i,0.003798008+0i,11.7694036618233-0.0260593372363368i
516+0i,3.42669845+0i,0.003591439+0i,11.7422493687983-0.0246135569091391i
517+0i,3.42280653+0i,0.003395967+0i,11.7155930092188-0.023247476046529i
518+0i,3.41898005+0i,0.003210826+0i,11.6894142728944-0.0219555000760426i
519+0i,3.4152165+0i,0.003035354+0i,11.6636945284983-0.020732782128282i
520+0i,3.41151355+0i,0.002868971+0i,11.638416470839-0.0195750668821141i
521+0i,3.40786906+0i,0.002711162+0i,11.6135641797059-0.0184785701928954i
522+0i,3.40428103+0i,0.002561463+0i,11.5891227701252-0.0174398797998938i
523+0i,3.4007476+0i,0.002419454+0i,11.5650783851481-0.0164559047676208i
524+0i,3.39726706+0i,0.002284747+0i,11.5414182568922-0.0155237914470676i
525+0i,3.39383779+0i,0.002156983+0i,11.5181302922564-0.0146409008355751i
526+0i,3.39045826+0i,0.002035826+0i,11.4952030682147-0.0138047661552455i
527+0i,3.38712705+0i,0.001920959+0i,11.4726259627582-0.0130130643816819i
528+0i,3.38384281+0i,0.001812083+0i,11.4503888791439-0.0122636080613465i
529+0i,3.38060427+0i,0.001708914+0i,11.4284823099552-0.0115543239309256i
530+0i,3.37741021+0i,0.00161118+0i,11.4068971307113-0.0108832315642956i
531+0i,3.37425949+0i,0.001518623+0i,11.3856247996392-0.0102484561389645i
532+0i,3.371151+0i,0.001430996+0i,11.3646570170514-0.009648207192792i
533+0i,3.36808372+0i,0.001348061+0i,11.3439861276606-0.00908076461533384i
534+0i,3.36505662+0i,0.001269594+0i,11.3236044439369-0.00854451138882456i
535+0i,3.36206877+0i,0.001195375+0i,11.3035049852879-0.0080378659118775i
536+0i,3.35911923+0i,0.001125198+0i,11.2836807352853-0.00755934847871508i
537+0i,3.35620713+0i,0.001058863+0i,11.264125178272-0.00710752710058638i
538+0i,3.35333162+0i,0.000996181+0i,11.2448319613152-0.00668105049308644i
539+0i,3.35049188+0i,0.000936967+0i,11.2257949600388-0.00627860065065592i
540+0i,3.34768712+0i,0.000881048+0i,11.2070082771683-0.00589894608340352i
541+0i,3.34491659+0i,0.000828257+0i,11.1884663080476-0.00554090116016726i
542+0i,3.34217954+0i,0.000778434+0i,11.1701634716351-0.00520333237608072i
543+0i,3.33947529+0i,0.000731426+0i,11.1520946775366-0.00488515810692708i
544+0i,3.33680312+0i,0.000687087+0i,11.1342545895532-0.00458534809062288i
545+0i,3.3341624+0i,0.00064528+0i,11.1166384931875-0.004302936626944i
546+0i,3.33155246+0i,0.00060587+0i,11.0992414266536-0.0040369753778804i
547+0i,3.3289727+0i,0.000568731+0i,11.0820589138903-0.0037865799452874i
548+0i,3.3264225+0i,0.000533742+0i,11.0650863636257-0.00355090279599i
549+0i,3.32390128+0i,0.000500789+0i,11.048319468396-0.00332914639621984i
550+0i,3.32140848+0i,0.000469762+0i,11.0317540703396-0.00312054298076352i
551+0i,3.31894355+0i,0.000440555+0i,11.0153860939979-0.0029243543513405i
552+0i,3.31650594+0i,0.000413071+0i,10.9992114794276-0.00273990485028348i
553+0i,3.31409514+0i,0.000387214+0i,10.9832264470369-0.00256652807107992i
554+0i,3.31171064+0i,0.000362895+0i,10.9674272313964-0.0024036064654056i
555+0i,3.30935196+0i,0.000340029+0i,10.9518102795361-0.00225055127521368i
556+0i,3.30701862+0i,0.000318534+0i,10.9363720515628-0.00210679573820616i
557+0i,3.30471014+0i,0.000298334+0i,10.9211090204156-0.00197181478981352i
558+0i,3.30242608+0i,0.000279355+0i,10.906017935825-0.0018450984751568i
559+0i,3.30016601+0i,0.000261529+0i,10.8910956251619-0.00172617823285858i
560+0i,3.29792948+0i,0.000244789+0i,10.8763387951314-0.00161459371895944i
561+0i,3.29571608+0i,0.000229073+0i,10.8617444274961-0.00150991913918768i
562+0i,3.29352541+0i,0.000214323+0i,10.8473095803813-0.00141175649289486i
563+0i,3.29135707+0i,0.000200483+0i,10.8330313220456-0.00131972227892962i
564+0i,3.28921068+0i,0.000187498+0i,10.8189068622706-0.00123344084815728i
565+0i,3.28708586+0i,0.000175321+0i,10.8049334202745-0.00115259036012212i
566+0i,3.28498224+0i,0.000163902+0i,10.7911082902516-0.00107683031820096i
567+0i,3.28289946+0i,0.000153197+0i,10.777428840999-0.00100586069714724i
568+0i,3.28083718+0i,0.000143165+0i,10.7638925811741-0.0009394021097494i
569+0i,3.27879506+0i,0.000133764+0i,10.7504970275876-0.00087716948481168i
570+0i,3.27677276+0i,0.000124958+0i,10.7372397050635-0.00081891794108816i
571+0i,3.27476996+0i,0.000116709+0i,10.7241182772974-0.00076439025452328i
572+0i,3.27278635+0i,0.000108986+0i,10.7111304808684-0.0007133757862822i
573+0i,3.27082161+0i,0.000101756+0i,10.6982739940887-0.00066565144749432i
574+0i,3.26887545+0i,9.5e-05+0i,10.6855466985877-0.0006210863355i
575+0i,3.26694757+0i,8.87e-05+0i,10.6729464172612-0.000579556498918i
576+0i,3.26503769+0i,8.27e-05+0i,10.6604711102812-0.000540037233926i
577+0i,3.26314552+0i,7.72e-05+0i,10.6481186787362-0.000503829668288i
578+0i,3.26127079+0i,7.2e-05+0i,10.6358871605232-0.00046962299376i
579+0i,3.25941323+0i,6.72e-05+0i,10.6237745993832-0.000438065138112i
580+0i,3.25757259+0i,6.26e-05+0i,10.6117791752005-0.000407848088268i
581+0i,3.2557486+0i,5.84e-05+0i,10.5998989429914-0.00038027143648i
582+0i,3.25394102+0i,5.44e-05+0i,10.5881321586793-0.000354028782976i
583+0i,3.2521496+0i,5.07e-05+0i,10.5764770182097-0.00032976796944i
584+0i,3.2503741+0i,4.73e-05+0i,10.5649317877135-0.00030748538986i
585+0i,3.24861429+0i,4.41e-05+0i,10.5534948032474-0.000286527780378i
586+0i,3.24686994+0i,4.11e-05+0i,10.5421644055864-0.000266892709068i
587+0i,3.24514083+0i,3.82e-05+0i,10.5309390050738-0.000247928759412i
588+0i,3.24342674+0i,3.56e-05+0i,10.5198170164797-0.000230931983888i
589+0i,3.24172745+0i,3.32e-05+0i,10.5087968589813-0.00021525070268i
590+0i,3.24004276+0i,3.09e-05+0i,10.4978770856736-0.000200234642568i
591+0i,3.23837246+0i,2.88e-05+0i,10.487056188857-0.000186530253696i
592+0i,3.23671634+0i,2.68e-05+0i,10.4763326649048-0.000173487995824i
593+0i,3.23507422+0i,2.49e-05+0i,10.4657052082886-0.000161106696156i
594+0i,3.23344591+0i,2.32e-05+0i,10.4551724523575-0.000150031890224i
595+0i,3.2318312+0i,2.16e-05+0i,10.4447329048269-0.00013961510784i
596+0i,3.23022992+0i,2.01e-05+0i,10.4343853356592-0.000129855242784i
597+0i,3.22864189+0i,1.87e-05+0i,10.4241284535131-0.000120751206686i
598+0i,3.22706693+0i,1.74e-05+0i,10.4139609703969-0.000112301929164i
599+0i,3.22550486+0i,1.62e-05+0i,10.4038816016212-0.000104506357464i
600+0i,3.22395552+0i,1.5e-05+0i,10.3938891947135-9.67186656e-05i
601+0i,3.22241874+0i,1.4e-05+0i,10.3839825357072-9.022772472e-05i
602+0i,3.22089436+0i,1.3e-05+0i,10.3741604781108-8.374325336e-05i
603+0i,3.21938221+0i,1.21e-05+0i,10.3644218139181-7.7909049482e-05i
604+0i,3.21788213+0i,1.12e-05+0i,10.3547654024479-7.2080559712e-05i
605+0i,3.21639398+0i,1.04e-05+0i,10.3451902344721-6.6900994784e-05i
606+0i,3.21491761+0i,9.69e-06+0i,10.3356952389942-6.23051032818e-05i
607+0i,3.21345286+0i,9e-06+0i,10.3262792833612-5.784215148e-05i
608+0i,3.21199958+0i,8.36e-06+0i,10.3169413018503-5.37046329776e-05i
609+0i,3.21055765+0i,7.77e-06+0i,10.3076804239132-4.9892065881e-05i
610+0i,3.20912691+0i,7.22e-06+0i,10.298495524434-4.63397925804e-05i
611+0i,3.20770722+0i,6.7e-06+0i,10.2893856091952-4.2983276748e-05i
612+0i,3.20629846+0i,6.22e-06+0i,10.2803498145597-3.98863528424e-05i
613+0i,3.20490049+0i,5.78e-06+0i,10.2713871507688-3.70486496644e-05i
614+0i,3.20351318+0i,5.37e-06+0i,10.2624966944049-3.44057315532e-05i
615+0i,3.2021364+0i,4.98e-06+0i,10.2536775241802-3.1893278544e-05i
616+0i,3.20077002+0i,4.63e-06+0i,10.2449287209094-2.96391303852e-05i
617+0i,3.19941393+0i,4.29e-06+0i,10.2362494954596-2.74509715194e-05i
618+0i,3.198068+0i,3.98e-06+0i,10.2276389326082-2.545662128e-05i
619+0i,3.19673212+0i,3.7e-06+0i,10.219096247026-2.3655817688e-05i
620+0i,3.19540616+0i,3.43e-06+0i,10.2106205273542-2.19204862576e-05i
621+0i,3.19409+0i,3.18e-06+0i,10.2022109280899-2.03144124e-05i
622+0i,3.19278355+0i,2.95e-06+0i,10.1938667971419-1.8837422945e-05i
623+0i,3.19148668+0i,2.74e-06+0i,10.1855872286099-1.74893470064e-05i
624+0i,3.19019929+0i,2.54e-06+0i,10.1773715099101-1.62062123932e-05i
625+0i,3.18892127+0i,2.36e-06+0i,10.1692188662528-1.50517083944e-05i
626+0i,3.18765251+0i,2.19e-06+0i,10.1611285245045-1.39619179938e-05i
627+0i,3.18639291+0i,2.03e-06+0i,10.1530997768941-1.29367552146e-05i
628+0i,3.18514237+0i,1.88e-06+0i,10.1451319171657-1.19761353112e-05i
629+0i,3.18390079+0i,1.74e-06+0i,10.1372242405596-1.10799747492e-05i
630+0i,3.18266806+0i,1.62e-06+0i,10.1293759801415-1.03118445144e-05i
631+0i,3.1814441+0i,1.5e-06+0i,10.1215865614226-9.5443323e-06i
632+0i,3.1802288+0i,1.39e-06+0i,10.1138552203475-8.841036064e-06i
633+0i,3.17902207+0i,1.29e-06+0i,10.1061813215454-8.2018769406e-06i
634+0i,3.17782382+0i,1.2e-06+0i,10.098564230958-7.626777168e-06i
635+0i,3.17663396+0i,1.11e-06+0i,10.0910033158241-7.0521273912e-06i
636+0i,3.17545239+0i,1.03e-06+0i,10.0834978811557-6.5414319234e-06i
637+0i,3.17427903+0i,9.52e-07+0i,10.0760473602968-6.04382727312e-06i
638+0i,3.1731138+0i,8.82e-07+0i,10.0686511877497-5.5973727432e-06i
639+0i,3.1719566+0i,8.17e-07+0i,10.0613086722829-5.1829770844e-06i
640+0i,3.17080735+0i,7.57e-07+0i,10.0540192508134-4.8006023279e-06i
641+0i,3.16966597+0i,7.02e-07+0i,10.0467823613755-4.45021102188e-06i
642+0i,3.16853238+0i,6.5e-07+0i,10.039597443108-4.119092094e-06i
643+0i,3.16740649+0i,6.03e-07+0i,10.0324638728938-3.81989222694e-06i
644+0i,3.16628823+0i,5.58e-07+0i,10.0253811554362-3.53357766468e-06i
645+0i,3.16517752+0i,5.17e-07+0i,10.0183487331131-3.27279355568e-06i
646+0i,3.16407428+0i,4.79e-07+0i,10.0113660493573-3.03118316024e-06i
647+0i,3.16297843+0i,4.44e-07+0i,10.0044325486451-2.80872484584e-06i
648+0i,3.1618899+0i,4.11e-07+0i,9.99754773972184-2.5990734978e-06i
649+0i,3.16080863+0i,3.81e-07+0i,9.99071119548233-2.40853617606e-06i
650+0i,3.15973452+0i,3.53e-07+0i,9.98392223687951-2.23077257112e-06i
651+0i,3.15866752+0i,3.27e-07+0i,9.97718050190284-2.06576855808e-06i
652+0i,3.15760755+0i,3.02e-07+0i,9.97048543981691-1.9071949602e-06i
653+0i,3.15655453+0i,2.8e-07+0i,9.96383650086344-1.7676705368e-06i
654+0i,3.15550842+0i,2.59e-07+0i,9.95723338869083-1.63455336156e-06i
655+0i,3.15446912+0i,2.4e-07+0i,9.95067542903352-1.5141451776e-06i
656+0i,3.15343659+0i,2.22e-07+0i,9.94416232715078-1.40012584596e-06i
657+0i,3.15241075+0i,2.06e-07+0i,9.93769353671552-1.298793229e-06i
658+0i,3.15139154+0i,1.91e-07+0i,9.93126863838354-1.20383156828e-06i
659+0i,3.15037889+0i,1.77e-07+0i,9.9248871505576-1.11523412706e-06i
660+0i,3.14937274+0i,1.63e-07+0i,9.91854865545508-1.02669551324e-06i
661+0i,3.14837303+0i,1.51e-07+0i,9.91225273603136-9.5080865506e-07i
662+0i,3.1473797+0i,1.4e-07+0i,9.90599897597207-8.81266316e-07i
663+0i,3.14639268+0i,1.3e-07+0i,9.89978689675756-8.180620968e-07i
664+0i,3.14541192+0i,1.2e-07+0i,9.89361614647807-7.548988608e-07i
665+0i,3.14443736+0i,1.11e-07+0i,9.88748631096376-6.9806509392e-07i
666+0i,3.14346893+0i,1.03e-07+0i,9.88139691387534-6.4755459958e-07i
667+0i,3.14250659+0i,9.52e-08+0i,9.87534766819342-5.98333254736e-07i
668+0i,3.14155027+0i,8.82e-08+0i,9.86933809893707-5.54169467628e-07i
669+0i,3.14059993+0i,8.16e-08+0i,9.863367920316-5.12545908576e-07i
670+0i,3.13965549+0i,7.55e-08+0i,9.85743659588714-4.7408797899e-07i
671+0i,3.13871692+0i,6.99e-08+0i,9.85154390389428-4.38792625416e-07i
672+0i,3.13778415+0i,6.47e-08+0i,9.84568937199122-4.0602926901e-07i
673+0i,3.13685713+0i,5.99e-08+0i,9.83987265403183-3.75795484174e-07i
674+0i,3.13593582+0i,5.54e-08+0i,9.83409346715907-3.47461688856e-07i
675+0i,3.13502015+0i,5.13e-08+0i,9.82835134090602-3.2165306739e-07i
676+0i,3.13411008+0i,4.75e-08+0i,9.82264599355761-2.977404576e-07i
677+0i,3.13320556+0i,4.4e-08+0i,9.81697708121491-2.7572208928e-07i
678+0i,3.13230653+0i,4.07e-08+0i,9.81134419788064-2.54969751542e-07i
679+0i,3.13141295+0i,3.76e-08+0i,9.8057470634277-2.3548225384e-07i
680+0i,3.13052476+0i,3.48e-08+0i,9.80018527297306-2.17884523296e-07i
681+0i,3.12964193+0i,3.22e-08+0i,9.79465861001412-2.01548940292e-07i
682+0i,3.12876441+0i,2.98e-08+0i,9.78916673328265-1.86474358836e-07i
683+0i,3.12789214+0i,2.76e-08+0i,9.78370923947378-1.72659646128e-07i
684+0i,3.12702508+0i,2.56e-08+0i,9.77828585094901-1.60103684096e-07i
685+0i,3.12616318+0i,2.37e-08+0i,9.77289622798771-1.48180134732e-07i
686+0i,3.12530641+0i,2.19e-08+0i,9.76754015638709-1.36888420758e-07i
687+0i,3.12445471+0i,2.03e-08+0i,9.76221723484118-1.26852861226e-07i
688+0i,3.12360804+0i,1.87e-08+0i,9.75692718755264-1.16822940696e-07i
689+0i,3.12276636+0i,1.73e-08+0i,9.75166973914765-1.08047716056e-07i
690+0i,3.12192962+0i,1.61e-08+0i,9.74644455223334-1.00526133764e-07i
691+0i,3.12109779+0i,1.49e-08+0i,9.74125141474288-9.3008714142e-08i
692+0i,3.12027081+0i,1.37e-08+0i,9.73608992773806-8.5495420194e-08i
693+0i,3.11944865+0i,1.27e-08+0i,9.73095987998682-7.923399571e-08i
694+0i,3.11863127+0i,1.18e-08+0i,9.72586099822181-7.3599697972e-08i
695+0i,3.11781863+0i,1.09e-08+0i,9.72079300957508-6.7968446134e-08i
696+0i,3.11701069+0i,1.01e-08+0i,9.71575564157428-6.2963615938e-08i
697+0i,3.1162074+0i,9.33e-09+0i,9.71074855981476-5.8148430084e-08i
698+0i,3.11540873+0i,8.64e-09+0i,9.70577155496021-5.38342628544e-08i
699+0i,3.11461464+0i,7.99e-09+0i,9.70082435570233-4.97715419472e-08i
700+0i,3.11382509+0i,7.4e-09+0i,9.69590669111351-4.6084611332e-08i
701+0i,3.11304004+0i,6.84e-09+0i,9.6910182906432-4.25863877472e-08i
702+0i,3.11225947+0i,6.33e-09+0i,9.68615900860468-3.94012048902e-08i
703+0i,3.11148332+0i,5.86e-09+0i,9.68132845063822-3.64665845104e-08i
704+0i,3.11071156+0i,5.43e-09+0i,9.67652640951763-3.37823275416e-08i
705+0i,3.10994416+0i,5.02e-09+0i,9.67175267831811-3.12238393664e-08i
706+0i,3.10918108+0i,4.65e-09+0i,9.66700698822997-2.8915384044e-08i
707+0i,3.10842228+0i,4.3e-09+0i,9.6622890708004-2.6732431608e-08i
708+0i,3.10766774+0i,3.98e-09+0i,9.65759878223671-2.47370352104e-08i
709+0i,3.10691741+0i,3.68e-09+0i,9.65293579256111-2.28669121376e-08i
710+0i,3.10617127+0i,3.41e-09+0i,9.64829995857341-2.11840880614e-08i
711+0i,3.10542927+0i,3.16e-09+0i,9.64369095097273-1.96263129864e-08i
712+0i,3.10469139+0i,2.92e-09+0i,9.63910862714013-1.81313977176e-08i
713+0i,3.10395759+0i,2.7e-09+0i,9.63455272051861-1.6761370986e-08i
714+0i,3.10322784+0i,2.5e-09+0i,9.63002302695107-1.55161392e-08i
715+0i,3.10250211+0i,2.32e-09+0i,9.62551934255445-1.43956097904e-08i
716+0i,3.10178036+0i,2.14e-09+0i,9.62104140168173-1.32756199408e-08i
717+0i,3.10106256+0i,1.99e-09+0i,9.61658900103375-1.23422289888e-08i
718+0i,3.10034869+0i,1.84e-09+0i,9.61216199958472-1.14092831792e-08i
719+0i,3.09963871+0i,1.7e-09+0i,9.60776013253046-1.0538771614e-08i
720+0i,3.09893258+0i,1.57e-09+0i,9.60338313538546-9.7306483012e-09i
721+0i,3.09823029+0i,1.46e-09+0i,9.59903092987348-9.0468324468e-09i
722+0i,3.0975318+0i,1.35e-09+0i,9.59470325201124-8.36333586e-09i
723+0i,3.09683708+0i,1.25e-09+0i,9.59039990006293-7.7420927e-09i
724+0i,3.0961461+0i,1.16e-09+0i,9.58612067254521-7.183058952e-09i
725+0i,3.09545884+0i,1.07e-09+0i,9.58186543013415-6.6242819176e-09i
726+0i,3.09477525+0i,9.91e-10+0i,9.57763384801256-6.1338445455e-09i
727+0i,3.09409532+0i,9.18e-10+0i,9.5734258492459-5.68075900752e-09i
728+0i,3.09341902+0i,8.5e-10+0i,9.56924123329776-5.258812334e-09i
729+0i,3.09274632+0i,7.87e-10+0i,9.56507979987354-4.86798270768e-09i
730+0i,3.09207719+0i,7.29e-10+0i,9.56094134891829-4.50824854302e-09i
731+0i,3.09141161+0i,6.75e-10+0i,9.55682574244279-4.1734056735e-09i
732+0i,3.09074954+0i,6.25e-10+0i,9.55273271901021-3.863436925e-09i
733+0i,3.09009096+0i,5.79e-10+0i,9.54866214107372-3.57832533168e-09i
734+0i,3.08943585+0i,5.36e-10+0i,9.54461387126522-3.3118752312e-09i
735+0i,3.08878417+0i,4.96e-10+0i,9.54058764884259-3.06407389664e-09i
736+0i,3.08813591+0i,4.6e-10+0i,9.53658339863153-2.8410850372e-09i
737+0i,3.08749103+0i,4.26e-10+0i,9.53260086033046-2.63054235756e-09i
738+0i,3.08684952+0i,3.94e-10+0i,9.52863995912423-2.43243742176e-09i
739+0i,3.08621134+0i,3.65e-10+0i,9.5247004351446-2.2529342782e-09i
740+0i,3.08557647+0i,3.38e-10+0i,9.52078215221766-2.08584969372e-09i
741+0i,3.08494489+0i,3.13e-10+0i,9.51688497433711-1.93117550114e-09i
742+0i,3.08431657+0i,2.9e-10+0i,9.51300870397657-1.7889036106e-09i
743+0i,3.08369149+0i,2.69e-10+0i,9.50915320549842-1.65902602162e-09i
744+0i,3.08306962+0i,2.49e-10+0i,9.50531828176694-1.53536867076e-09i
745+0i,3.08245095+0i,2.31e-10+0i,9.5015038591559-1.4240923389e-09i
746+0i,3.08183544+0i,2.14e-10+0i,9.49770967923999-1.31902556832e-09i
747+0i,3.08122308+0i,1.98e-10+0i,9.49393566872469-1.22016433968e-09i
748+0i,3.08061383+0i,1.83e-10+0i,9.49018156958727-1.12750466178e-09i
749+0i,3.08000769+0i,1.7e-10+0i,9.48644737045914-1.0472026146e-09i
750+0i,3.07940462+0i,1.57e-10+0i,9.48273281367734-9.6693305068e-10i
751+0i,3.0788046+0i,1.46e-10+0i,9.47903776498116-8.990109432e-10i
752+0i,3.07820762+0i,1.35e-10+0i,9.47536215182607-8.311160574e-10i
753+0i,3.07761364+0i,1.25e-10+0i,9.47170571711405-7.6940341e-10i
754+0i,3.07702266+0i,1.16e-10+0i,9.46806845015347-7.1386925712e-10i
755+0i,3.07643464+0i,1.08e-10+0i,9.46445009419193-6.6450988224e-10i
756+0i,3.07584956+0i,9.97e-11+0i,9.46085051575219-6.13324402264e-10i
757+0i,3.07526741+0i,9.24e-11+0i,9.45726964300811-5.68309417368e-10i
758+0i,3.07468817+0i,8.56e-11+0i,9.45370734273795-5.26386614704e-10i
759+0i,3.0741118+0i,7.94e-11+0i,9.45016335889924-4.8816895384e-10i
760+0i,3.07353831+0i,7.36e-11+0i,9.44663774303766-4.52424839232e-10i
761+0i,3.07296765+0i,6.82e-11+0i,9.44313017794652-4.1915278746e-10i
762+0i,3.07239981+0i,6.32e-11+0i,9.43964059248803-3.88351335984e-10i
763+0i,3.07183478+0i,5.86e-11+0i,9.43616891561765-3.60019036216e-10i
764+0i,3.07127253+0i,5.43e-11+0i,9.4327149535326-3.33540196758e-10i
765+0i,3.07071304+0i,5.04e-11+0i,9.42927857402604-3.09527874432e-10i
766+0i,3.07015629+0i,4.67e-11+0i,9.42585964502656-2.86752597486e-10i
767+0i,3.06960228+0i,4.33e-11+0i,9.4224581573812-2.65827557448e-10i
768+0i,3.06905096+0i,4.02e-11+0i,9.41907379507692-2.46751697184e-10i
769+0i,3.06850234+0i,3.72e-11+0i,9.41570661058548-2.28296574096e-10i
770+0i,3.06795638+0i,3.45e-11+0i,9.4123563495827-2.1168899022e-10i
771+0i,3.06741308+0i,3.2e-11+0i,9.40902300335509-1.9631443712e-10i
772+0i,3.0668724+0i,2.97e-11+0i,9.40570631788176-1.8217222056e-10i
773+0i,3.06633434+0i,2.75e-11+0i,9.40240628466324-1.686483887e-10i
774+0i,3.06579887+0i,2.55e-11+0i,9.39912271129328-1.5635574237e-10i
775+0i,3.06526599+0i,2.37e-11+0i,9.39585558945068-1.45293607926e-10i
776+0i,3.06473566+0i,2.2e-11+0i,9.39260466567564-1.3484836904e-10i
777+0i,3.06420787+0i,2.04e-11+0i,9.38936987056994-1.25019681096e-10i
778+0i,3.06368262+0i,1.89e-11+0i,9.38615119609006-1.15807203036e-10i
779+0i,3.06315987+0i,1.75e-11+0i,9.38294838917842-1.0721059545e-10i
780+0i,3.06263961+0i,1.63e-11+0i,9.37976138074095-9.9842051286e-11i
781+0i,3.06212183+0i,1.51e-11+0i,9.37659010176255-9.2476079266e-11i
782+0i,3.0616065+0i,1.4e-11+0i,9.37343436084225-8.5724982e-11i
783+0i,3.06109362+0i,1.3e-11+0i,9.3702941504047-7.958843412e-11i
784+0i,3.06058316+0i,1.21e-11+0i,9.36716927927559-7.4066112472e-11i
785+0i,3.06007512+0i,1.12e-11+0i,9.36405974004301-6.8545682688e-11i
786+0i,3.05956946+0i,1.04e-11+0i,9.36096528056469-6.3639044768e-11i
787+0i,3.05906619+0i,9.65e-12+0i,9.35788595480111-5.9039977467e-11i
788+0i,3.05856527+0i,8.95e-12+0i,9.35482151085017-5.4748318333e-11i
789+0i,3.0580667+0i,8.31e-12+0i,9.35177194164889-5.0825068554e-11i
790+0i,3.05757046+0i,7.71e-12+0i,9.34873711786461-4.71477364932e-11i
791+0i,3.05707653+0i,7.16e-12+0i,9.34571691027684-4.37773359096e-11i
792+0i,3.05658491+0i,6.65e-12+0i,9.34271131203971-4.0652579303e-11i
793+0i,3.05609556+0i,6.17e-12+0i,9.33972007185171-3.77122192104e-11i
794+0i,3.05560849+0i,5.73e-12+0i,9.33674324416008-3.50172732954e-11i
795+0i,3.05512367+0i,5.32e-12+0i,9.33378063899427-3.25065158488e-11i
796+0i,3.0546411+0i,4.94e-12+0i,9.33083224980921-3.0179854068e-11i
797+0i,3.05416075+0i,4.59e-12+0i,9.32789788684056-2.8037195685e-11i
798+0i,3.0536826+0i,4.26e-12+0i,9.32497742154276-2.6017375752e-11i
799+0i,3.05320666+0i,3.96e-12+0i,9.32207090866835-2.41813967472e-11i
800+0i,3.05273289+0i,3.67e-12+0i,9.31917809768775-2.24070594126e-11i
801+0i,3.0522613+0i,3.41e-12+0i,9.31629904347769-2.0816422066e-11i
802+0i,3.05179186+0i,3.17e-12+0i,9.31343355676226-1.93483603924e-11i
803+0i,3.05132456+0i,2.94e-12+0i,9.31058157045919-1.79417884128e-11i
804+0i,3.05085939+0i,2.74e-12+0i,9.30774301755117-1.67187094572e-11i
805+0i,3.05039632+0i,2.54e-12+0i,9.30491770906954-1.54960133056e-11i
806+0i,3.04993537+0i,2.36e-12+0i,9.30210576117704-1.43956949464e-11i
807+0i,3.04947649+0i,2.19e-12+0i,9.29930686306272-1.33567070262e-11i
808+0i,3.04901969+0i,2.04e-12+0i,9.2965210700077-1.24400003352e-11i
809+0i,3.04856494+0i,1.89e-12+0i,9.2937481933972-1.15235754732e-11i
810+0i,3.04811225+0i,1.76e-12+0i,9.29098828860006-1.072935512e-11i
811+0i,3.04766159+0i,1.63e-12+0i,9.28824116716133-9.9353767834e-12i
812+0i,3.04721294+0i,1.52e-12+0i,9.28550670170344-9.2635273376e-12i
813+0i,3.04676631+0i,1.41e-12+0i,9.28278494775102-8.5918809942e-12i
814+0i,3.04632167+0i,1.31e-12+0i,9.28007571711159-7.9813627754e-12i
815+0i,3.04587901+0i,1.22e-12+0i,9.27737894355858-7.4319447844e-12i
816+0i,3.04543833+0i,1.13e-12+0i,9.27469462183319-6.8826906258e-12i
817+0i,3.0449996+0i,1.05e-12+0i,9.27202256400016-6.39449916e-12i
818+0i,3.04456282+0i,9.8e-13+0i,9.26936276492635-5.9673431272e-12i
819+0i,3.04412797+0i,9.11e-13+0i,9.26671509773632-5.54640116134e-12i
820+0i,3.04369504+0i,8.47e-13+0i,9.2640794965206-5.15601939776e-12i
821+0i,3.04326403+0i,7.87e-13+0i,9.26145595629184-4.79009758322e-12i
822+0i,3.04283491+0i,7.32e-13+0i,9.25884428951471-4.45471030824e-12i
823+0i,3.04240768+0i,6.81e-13+0i,9.25624449132298-4.14375926016e-12i
824+0i,3.04198232+0i,6.33e-13+0i,9.25365643519258-3.85114961712e-12i
825+0i,3.04155882+0i,5.89e-13+0i,9.25108005551979-3.58295628996e-12i
826+0i,3.04113718+0i,5.47e-13+0i,9.24851534757835-3.32700407492e-12i
827+0i,3.04071738+0i,5.09e-13+0i,9.24596218503406-3.09545029284e-12i
828+0i,3.0402994+0i,4.73e-13+0i,9.24342044164036-2.8761232324e-12i
829+0i,3.03988325+0i,4.4e-13+0i,9.24089017363056-2.67509726e-12i
830+0i,3.0394689+0i,4.1e-13+0i,9.23837119406721-2.492364498e-12i
831+0i,3.03905635+0i,3.81e-13+0i,9.23586349847532-2.3157609387e-12i
832+0i,3.03864558+0i,3.54e-13+0i,9.23336696085354-2.15136107064e-12i
833+0i,3.03823658+0i,3.3e-13+0i,9.2308815160501-2.0052361428e-12i
834+0i,3.03782935+0i,3.07e-13+0i,9.22840715972142-1.8652272209e-12i
835+0i,3.03742387+0i,2.86e-13+0i,9.22594376604578-1.73740645364e-12i
836+0i,3.03702014+0i,2.66e-13+0i,9.22349133076562-1.61569471448e-12i
837+0i,3.03661813+0i,2.47e-13+0i,9.2210496674447-1.50008935622e-12i
838+0i,3.03621785+0i,2.3e-13+0i,9.21861883265862-1.396660211e-12i
839+0i,3.03581928+0i,2.14e-13+0i,9.21619870081972-1.29933065184e-12i
840+0i,3.0354224+0i,1.99e-13+0i,9.21378914642176-1.2080981152e-12i
841+0i,3.03502722+0i,1.85e-13+0i,9.21139022614093-1.1229600714e-12i
842+0i,3.03463372+0i,1.73e-13+0i,9.20900181456104-1.04998326712e-12i
843+0i,3.03424189+0i,1.61e-13+0i,9.20662384703077-9.7702588858e-13i
844+0i,3.03385172+0i,1.5e-13+0i,9.20425625894696-9.10155516e-13i
845+0i,3.0334632+0i,1.39e-13+0i,9.20189898575424-8.433027696e-13i
846+0i,3.03307633+0i,1.3e-13+0i,9.19955202360627-7.885998458e-13i
847+0i,3.03269108+0i,1.21e-13+0i,9.19721518671157-7.3391124136e-13i
848+0i,3.03230745+0i,1.12e-13+0i,9.1948884713255-6.792368688e-13i
849+0i,3.03192544+0i,1.04e-13+0i,9.19257187371919-6.3064049152e-13i
850+0i,3.03154503+0i,9.73e-14+0i,9.1902652689177-5.89938662838e-13i
851+0i,3.03116621+0i,9.06e-14+0i,9.18796859264576-5.49247317252e-13i
852+0i,3.03078898+0i,8.43e-14+0i,9.18568184128944-5.10991022028e-13i
853+0i,3.03041332+0i,7.86e-14+0i,9.18340489003342-4.76380973904e-13i
854+0i,3.03003923+0i,7.31e-14+0i,9.18113773533899-4.42991735426e-13i
855+0i,3.0296667+0i,6.8e-14+0i,9.17888031308889-4.120346712e-13i
856+0i,3.02929571+0i,6.33e-14+0i,9.1766324986244-3.83508836886e-13i
857+0i,3.02892626+0i,5.89e-14+0i,9.17439428851759-3.56807513428e-13i
858+0i,3.02855834+0i,5.48e-14+0i,9.17216561878356-3.31929994064e-13i
859+0i,3.02819193+0i,5.1e-14+0i,9.16994636491713-3.0887557686e-13i
860+0i,3.02782705+0i,4.75e-14+0i,9.1677366447117-2.8764356975e-13i
861+0i,3.02746366+0i,4.42e-14+0i,9.1655362126206-2.67627787544e-13i
862+0i,3.02710177+0i,4.11e-14+0i,9.16334512593713-2.48827765494e-13i
863+0i,3.02674137+0i,3.82e-14+0i,9.16116332086948-2.31243040668e-13i
864+0i,3.02638244+0i,3.55e-14+0i,9.15899067314035-2.1487315324e-13i
865+0i,3.02602498+0i,3.3e-14+0i,9.156827179584-1.9971764868e-13i
866+0i,3.02566899+0i,3.07e-14+0i,9.15467283704762-1.85776075986e-13i
867+0i,3.02531444+0i,2.86e-14+0i,9.15252746087251-1.73047985968e-13i
868+0i,3.02496134+0i,2.65e-14+0i,9.1503911084946-1.6032295102e-13i
869+0i,3.02460968+0i,2.47e-14+0i,9.1482637163497-1.49415718192e-13i
870+0i,3.02425944+0i,2.29e-14+0i,9.14614516042911-1.38511082352e-13i
871+0i,3.02391062+0i,2.13e-14+0i,9.14403543774879-1.28818592412e-13i
872+0i,3.02356322+0i,1.98e-14+0i,9.14193454533677-1.19733103512e-13i
873+0i,3.02321721+0i,1.84e-14+0i,9.13984229884018-1.11254393328e-13i
874+0i,3.02287261+0i,1.71e-14+0i,9.13775881628821-1.03382243262e-13i
875+0i,3.02252939+0i,1.59e-14+0i,9.13568391341377-9.6116434602e-14i
876+0i,3.02218755+0i,1.48e-14+0i,9.133617587375-8.945675148e-14i
877+0i,3.02184709+0i,1.37e-14+0i,9.13155983534147-8.2798610266e-14i
878+0i,3.02150799+0i,1.27e-14+0i,9.12951053363384-7.6746302946e-14i
879+0i,3.02117025+0i,1.18e-14+0i,9.12746967948506-7.12996179e-14i
880+0i,3.02083385+0i,1.1e-14+0i,9.12543714930582-6.64583447e-14i
881+0i,3.0204988+0i,1.02e-14+0i,9.12341300080144-6.161817552e-14i
882+0i,3.02016509+0i,9.52e-15+0i,9.12139717085471-5.75039433136e-14i
883+0i,3.0198327+0i,8.87e-15+0i,9.11938953598929-5.3571832098e-14i
884+0i,3.01950163+0i,8.17e-15+0i,9.11739009357266-4.93386566342e-14i
885+0i,3.01917187+0i,7.55e-15+0i,9.1153987805993-4.5589495237e-14i
886+0i,3.01884342+0i,7e-15+0i,9.1134155944773-4.226380788e-14i
887+0i,3.01851627+0i,6.52e-15+0i,9.11144047225471-3.93614521608e-14i
888+0i,3.01819041+0i,6.01e-15+0i,9.10947335101597-3.62786487282e-14i
889+0i,3.01786583+0i,5.56e-15+0i,9.10751416788159-3.35586680296e-14i
890+0i,3.01754253+0i,5.1e-15+0i,9.1055629203588-3.0778933806e-14i
891+0i,3.0172205+0i,4.71e-15+0i,9.10361954562025-2.842221711e-14i
892+0i,3.01689973+0i,4.35e-15+0i,9.10168398087407-2.6247027651e-14i
893+0i,3.01658022+0i,3.95e-15+0i,9.09975622369525-2.3830983738e-14i
894+0i,3.01626196+0i,3.67e-15+0i,9.09783621134304-2.21393627864e-14i
895+0i,3.01594494+0i,3.33e-15+0i,9.0959238811116-2.00861933004e-14i
896+0i,3.01562916+0i,3.1e-15+0i,9.09401923064231-1.8696900792e-14i
897+0i,3.01531461+0i,2.84e-15+0i,9.09212219727945-1.71269869848e-14i
898+0i,3.01500128+0i,2.62e-15+0i,9.09023271840164-1.57986067072e-14i
899+0i,3.01468916+0i,2.39e-15+0i,9.08835073142151-1.44102141848e-14i
900+0i,3.01437826+0i,2.24e-15+0i,9.08647629436063-1.35044146048e-14i
901+0i,3.01406856+0i,2.07e-15+0i,9.08460928438048-1.24782438384e-14i
902+0i,3.01376005+0i,1.91e-15+0i,9.082749638976-1.1512563391e-14i
903+0i,3.01345274+0i,1.69e-15+0i,9.08089741621351-1.01854702612e-14i
904+0i,3.0131466+0i,1.55e-15+0i,9.07905243309156-9.34075446e-15i
905+0i,3.01284165+0i,1.31e-15+0i,9.07721480797472-7.893645123e-15i
906+0i,3.01253787+0i,1.11e-15+0i,9.07538441818414-6.6878340714e-15i
907+0i,3.01223525+0i,9.65e-16+0i,9.07356120134256-5.8136140325e-15i
908+0i,3.01193379+0i,8.42e-16+0i,9.07174515534376-5.07209650236e-15i
909+0i,3.01163348+0i,7.25e-16+0i,9.06993621785691-4.366868546e-15i
910+0i,3.01133432+0i,6.23e-16+0i,9.06813438680986-3.75212256272e-15i
911+0i,3.0110363+0i,5.48e-16+0i,9.06633959991769-3.3000957848e-15i
912+0i,3.01073941+0i,4.47e-16+0i,9.06455179492715-2.69160103254e-15i
913+0i,3.01044366+0i,3.43e-16+0i,9.0627710300342-2.06516435076e-15i
914+0i,3.01014902+0i,3.46e-16+0i,9.06099712260696-2.08302312184e-15i
915+0i,3.0098555+0i,2.58e-16+0i,9.05923013088025-1.553085438e-15i
916+0i,3.00956309+0i,1.23e-16+0i,9.05746999269035-7.4035252014e-16i
917+0i,3.00927179+0i,1.27e-16+0i,9.05571670608981-7.6435503466e-16i
918+0i,3.00898159+0i,6.29e-17+0i,9.05397020895893-3.78529884022e-16i
919+0i,3.00869248+0i,0+0i,9.05223043920855+0i
920+0i,3.00840445+0i,0+0i,9.0504973347798+0i
921+0i,3.00811751+0i,0+0i,9.0487709539686+0i
922+0i,3.00783165+0i,0+0i,9.04705123474172+0i
923+0i,3.00754685+0i,0+0i,9.04533805494492+0i
924+0i,3.00726313+0i,0+0i,9.0436315330574+0i
925+0i,3.00698046+0i,0+0i,9.04193148682181+0i
926+0i,3.00669884+0i,0+0i,9.04023791445734+0i
927+0i,3.00641828+0i,0+0i,9.03855087431816+0i
928+0i,3.00613875+0i,0+0i,9.03687018425156+0i
929+0i,3.00586027+0i,0+0i,9.03519596276447+0i
930+0i,3.00558282+0i,0+0i,9.03352808787915+0i
931+0i,3.00530639+0i,0+0i,9.03186649777483+0i
932+0i,3.00503099+0i,0+0i,9.03021125086038+0i
933+0i,3.00475661+0i,0+0i,9.02856228533869+0i
934+0i,3.00448323+0i,0+0i,9.02691947935123+0i
935+0i,3.00421086+0i,0+0i,9.02528289134194+0i
936+0i,3.0039395+0i,0+0i,9.02365251966025+0i
937+0i,3.00366913+0i,0+0i,9.02202824251496+0i
938+0i,3.00339975+0i,0+0i,9.02041005830006+0i
939+0i,3.00313136+0i,0+0i,9.01879796541545+0i
940+0i,3.00286395+0i,0+0i,9.0171919022096+0i
941+0i,3.00259752+0i,0+0i,9.01559186711015+0i
942+0i,3.00233205+0i,0+0i,9.0139977384572+0i
943+0i,3.00206756+0i,0+0i,9.01240963480435+0i
944+0i,3.00180402+0i,0+0i,9.01082737448816+0i
945+0i,3.00154144+0i,0+0i,9.00925101603727+0i
946+0i,3.00127982+0i,0+0i,9.00768055793923+0i
947+0i,3.00101914+0i,0+0i,9.00611587864634+0i
948+0i,3.0007594+0i,0+0i,9.00455697668836+0i
949+0i,3.0005006+0i,0+0i,9.00300385060036+0i
950+0i,3.00024274+0i,0+0i,9.00145649892271+0i
951+0i,2.9999858+0i,0+0i,8.99991480020164+0i
952+0i,2.99972979+0i,0+0i,8.99837881301344+0i
953+0i,2.9994747+0i,0+0i,8.99684847594009+0i
954+0i,2.99922052+0i,0+0i,8.99532372758907+0i
955+0i,2.99896725+0i,0+0i,8.99380456657256+0i
956+0i,2.99871489+0i,0+0i,8.99229099150771+0i
957+0i,2.99846343+0i,0+0i,8.99078294104737+0i
958+0i,2.99821286+0i,0+0i,8.98928035386938+0i
959+0i,2.99796319+0i,0+0i,8.98778328859498+0i
960+0i,2.99771441+0i,0+0i,8.98629168392165+0i
961+0i,2.99746651+0i,0+0i,8.98480547857158+0i
962+0i,2.99721949+0i,0+0i,8.98332467123586+0i
963+0i,2.99697334+0i,0+0i,8.98184920067076+0i
964+0i,2.99672807+0i,0+0i,8.98037912552592+0i
965+0i,2.99648366+0i,0+0i,8.978914324647+0i
966+0i,2.99624011+0i,0+0i,8.97745479677281+0i
967+0i,2.99599742+0i,0+0i,8.97600054064666+0i
968+0i,2.99575559+0i,0+0i,8.97455155501625+0i
969+0i,2.9955146+0i,0+0i,8.97310771881316+0i
970+0i,2.99527446+0i,0+0i,8.97166909072829+0i
971+0i,2.99503517+0i,0+0i,8.97023566953693+0i
972+0i,2.99479671+0i,0+0i,8.96880733422683+0i
973+0i,2.99455908+0i,0+0i,8.96738408361045+0i
974+0i,2.99432229+0i,0+0i,8.96596597639084+0i
975+0i,2.99408632+0i,0+0i,8.96455289161114+0i
976+0i,2.99385117+0i,0+0i,8.96314482811037+0i
977+0i,2.99361683+0i,0+0i,8.96174172485925+0i
978+0i,2.99338332+0i,0+0i,8.96034370045422+0i
979+0i,2.99315061+0i,0+0i,8.95895057414337+0i
980+0i,2.99291871+0i,0+0i,8.95756240466807+0i
981+0i,2.99268761+0i,0+0i,8.95617913104751+0i
982+0i,2.99245731+0i,0+0i,8.95480075217244+0i
983+0i,2.9922278+0i,0+0i,8.95342720709284+0i
984+0i,2.99199908+0i,0+0i,8.95205849472084+0i
985+0i,2.99177115+0i,0+0i,8.95069461397232+0i
986+0i,2.991544+0i,0+0i,8.949335503936+0i
987+0i,2.99131764+0i,0+0i,8.94798122337517+0i
988+0i,2.99109205+0i,0+0i,8.9466316515732+0i
989+0i,2.99086723+0i,0+0i,8.94528678748787+0i
990+0i,2.99064318+0i,0+0i,8.94394663008051+0i
991+0i,2.99041989+0i,0+0i,8.94261111850761+0i
992+0i,2.99019737+0i,0+0i,8.94128031155492+0i
993+0i,2.9899756+0i,0+0i,8.93995408859536+0i
994+0i,2.98975459+0i,0+0i,8.93863250842607+0i
995+0i,2.98953433+0i,0+0i,8.93731551024855+0i
996+0i,2.98931482+0i,0+0i,8.93600309307163+0i
997+0i,2.98909605+0i,0+0i,8.9346951961256+0i
998+0i,2.98887801+0i,0+0i,8.93339175866156+0i
999+0i,2.98866072+0i,0+0i,8.93209289927092+0i
1000+0i,2.98844416+0i,0+0i,8.9307984974381+0i
