300,1.00E+10,1.00E+10
301,1.00E+10,1.00E+10
302,1.00E+10,1.00E+10
303,1.00E+10,1.00E+10
304,1.00E+10,1.00E+10
305,1.00E+10,1.00E+10
306,1.00E+10,1.00E+10
307,1.00E+10,1.00E+10
308,1.00E+10,1.00E+10
309,1.00E+10,1.00E+10
310,1.00E+10,1.00E+10
311,1.00E+10,1.00E+10
312,1.00E+10,1.00E+10
313,1.00E+10,1.00E+10
314,1.00E+10,1.00E+10
315,1.00E+10,1.00E+10
316,1.00E+10,1.00E+10
317,1.00E+10,1.00E+10
318,1.00E+10,1.00E+10
319,1.00E+10,1.00E+10
320,1.00E+10,1.00E+10
321,1.00E+10,1.00E+10
322,1.00E+10,1.00E+10
323,1.00E+10,1.00E+10
324,1.00E+10,1.00E+10
325,1.00E+10,1.00E+10
326,1.00E+10,1.00E+10
327,1.00E+10,1.00E+10
328,1.00E+10,1.00E+10
329,1.00E+10,1.00E+10
330,1.00E+10,1.00E+10
331,1.00E+10,1.00E+10
332,1.00E+10,1.00E+10
333,1.00E+10,1.00E+10
334,1.00E+10,1.00E+10
335,1.00E+10,1.00E+10
336,1.00E+10,1.00E+10
337,1.00E+10,1.00E+10
338,1.00E+10,1.00E+10
339,1.00E+10,1.00E+10
340,1.00E+10,1.00E+10
341,1.00E+10,1.00E+10
342,1.00E+10,1.00E+10
343,1.00E+10,1.00E+10
344,1.00E+10,1.00E+10
345,1.00E+10,1.00E+10
346,1.00E+10,1.00E+10
347,1.00E+10,1.00E+10
348,1.00E+10,1.00E+10
349,1.00E+10,1.00E+10
350,1.00E+10,1.00E+10
351,1.00E+10,1.00E+10
352,1.00E+10,1.00E+10
353,1.00E+10,1.00E+10
354,1.00E+10,1.00E+10
355,1.00E+10,1.00E+10
356,1.00E+10,1.00E+10
357,1.00E+10,1.00E+10
358,1.00E+10,1.00E+10
359,1.00E+10,1.00E+10
360,1.00E+10,1.00E+10
361,1.00E+10,1.00E+10
362,1.00E+10,1.00E+10
363,1.00E+10,1.00E+10
364,1.00E+10,1.00E+10
365,1.00E+10,1.00E+10
366,1.00E+10,1.00E+10
367,1.00E+10,1.00E+10
368,1.00E+10,1.00E+10
369,1.00E+10,1.00E+10
370,1.00E+10,1.00E+10
371,1.00E+10,1.00E+10
372,1.00E+10,1.00E+10
373,1.00E+10,1.00E+10
374,1.00E+10,1.00E+10
375,1.00E+10,1.00E+10
376,1.00E+10,1.00E+10
377,1.00E+10,1.00E+10
378,1.00E+10,1.00E+10
379,1.00E+10,1.00E+10
380,1.00E+10,1.00E+10
381,1.00E+10,1.00E+10
382,1.00E+10,1.00E+10
383,1.00E+10,1.00E+10
384,1.00E+10,1.00E+10
385,1.00E+10,1.00E+10
386,1.00E+10,1.00E+10
387,1.00E+10,1.00E+10
388,1.00E+10,1.00E+10
389,1.00E+10,1.00E+10
390,1.00E+10,1.00E+10
391,1.00E+10,1.00E+10
392,1.00E+10,1.00E+10
393,1.00E+10,1.00E+10
394,1.00E+10,1.00E+10
395,1.00E+10,1.00E+10
396,1.00E+10,1.00E+10
397,1.00E+10,1.00E+10
398,1.00E+10,1.00E+10
399,1.00E+10,1.00E+10
400,1.00E+10,1.00E+10
401,1.00E+10,1.00E+10
402,1.00E+10,1.00E+10
403,1.00E+10,1.00E+10
404,1.00E+10,1.00E+10
405,1.00E+10,1.00E+10
406,1.00E+10,1.00E+10
407,1.00E+10,1.00E+10
408,1.00E+10,1.00E+10
409,1.00E+10,1.00E+10
410,1.00E+10,1.00E+10
411,1.00E+10,1.00E+10
412,1.00E+10,1.00E+10
413,1.00E+10,1.00E+10
414,1.00E+10,1.00E+10
415,1.00E+10,1.00E+10
416,1.00E+10,1.00E+10
417,1.00E+10,1.00E+10
418,1.00E+10,1.00E+10
419,1.00E+10,1.00E+10
420,1.00E+10,1.00E+10
421,1.00E+10,1.00E+10
422,1.00E+10,1.00E+10
423,1.00E+10,1.00E+10
424,1.00E+10,1.00E+10
425,1.00E+10,1.00E+10
426,1.00E+10,1.00E+10
427,1.00E+10,1.00E+10
428,1.00E+10,1.00E+10
429,1.00E+10,1.00E+10
430,1.00E+10,1.00E+10
431,1.00E+10,1.00E+10
432,1.00E+10,1.00E+10
433,1.00E+10,1.00E+10
434,1.00E+10,1.00E+10
435,1.00E+10,1.00E+10
436,1.00E+10,1.00E+10
437,1.00E+10,1.00E+10
438,1.00E+10,1.00E+10
439,1.00E+10,1.00E+10
440,1.00E+10,1.00E+10
441,1.00E+10,1.00E+10
442,1.00E+10,1.00E+10
443,1.00E+10,1.00E+10
444,1.00E+10,1.00E+10
445,1.00E+10,1.00E+10
446,1.00E+10,1.00E+10
447,1.00E+10,1.00E+10
448,1.00E+10,1.00E+10
449,1.00E+10,1.00E+10
450,1.00E+10,1.00E+10
451,1.00E+10,1.00E+10
452,1.00E+10,1.00E+10
453,1.00E+10,1.00E+10
454,1.00E+10,1.00E+10
455,1.00E+10,1.00E+10
456,1.00E+10,1.00E+10
457,1.00E+10,1.00E+10
458,1.00E+10,1.00E+10
459,1.00E+10,1.00E+10
460,1.00E+10,1.00E+10
461,1.00E+10,1.00E+10
462,1.00E+10,1.00E+10
463,1.00E+10,1.00E+10
464,1.00E+10,1.00E+10
465,1.00E+10,1.00E+10
466,1.00E+10,1.00E+10
467,1.00E+10,1.00E+10
468,1.00E+10,1.00E+10
469,1.00E+10,1.00E+10
470,1.00E+10,1.00E+10
471,1.00E+10,1.00E+10
472,1.00E+10,1.00E+10
473,1.00E+10,1.00E+10
474,1.00E+10,1.00E+10
475,1.00E+10,1.00E+10
476,1.00E+10,1.00E+10
477,1.00E+10,1.00E+10
478,1.00E+10,1.00E+10
479,1.00E+10,1.00E+10
480,1.00E+10,1.00E+10
481,1.00E+10,1.00E+10
482,1.00E+10,1.00E+10
483,1.00E+10,1.00E+10
484,1.00E+10,1.00E+10
485,1.00E+10,1.00E+10
486,1.00E+10,1.00E+10
487,1.00E+10,1.00E+10
488,1.00E+10,1.00E+10
489,1.00E+10,1.00E+10
490,1.00E+10,1.00E+10
491,1.00E+10,1.00E+10
492,1.00E+10,1.00E+10
493,1.00E+10,1.00E+10
494,1.00E+10,1.00E+10
495,1.00E+10,1.00E+10
496,1.00E+10,1.00E+10
497,1.00E+10,1.00E+10
498,1.00E+10,1.00E+10
499,1.00E+10,1.00E+10
500,1.00E+10,1.00E+10
501,1.00E+10,1.00E+10
502,1.00E+10,1.00E+10
503,1.00E+10,1.00E+10
504,1.00E+10,1.00E+10
505,1.00E+10,1.00E+10
506,1.00E+10,1.00E+10
507,1.00E+10,1.00E+10
508,1.00E+10,1.00E+10
509,1.00E+10,1.00E+10
510,1.00E+10,1.00E+10
511,1.00E+10,1.00E+10
512,1.00E+10,1.00E+10
513,1.00E+10,1.00E+10
514,1.00E+10,1.00E+10
515,1.00E+10,1.00E+10
516,1.00E+10,1.00E+10
517,1.00E+10,1.00E+10
518,1.00E+10,1.00E+10
519,1.00E+10,1.00E+10
520,1.00E+10,1.00E+10
521,1.00E+10,1.00E+10
522,1.00E+10,1.00E+10
523,1.00E+10,1.00E+10
524,1.00E+10,1.00E+10
525,1.00E+10,1.00E+10
526,1.00E+10,1.00E+10
527,1.00E+10,1.00E+10
528,1.00E+10,1.00E+10
529,1.00E+10,1.00E+10
530,1.00E+10,1.00E+10
531,1.00E+10,1.00E+10
532,1.00E+10,1.00E+10
533,1.00E+10,1.00E+10
534,1.00E+10,1.00E+10
535,1.00E+10,1.00E+10
536,1.00E+10,1.00E+10
537,1.00E+10,1.00E+10
538,1.00E+10,1.00E+10
539,1.00E+10,1.00E+10
540,1.00E+10,1.00E+10
541,1.00E+10,1.00E+10
542,1.00E+10,1.00E+10
543,1.00E+10,1.00E+10
544,1.00E+10,1.00E+10
545,1.00E+10,1.00E+10
546,1.00E+10,1.00E+10
547,1.00E+10,1.00E+10
548,1.00E+10,1.00E+10
549,1.00E+10,1.00E+10
550,1.00E+10,1.00E+10
551,1.00E+10,1.00E+10
552,1.00E+10,1.00E+10
553,1.00E+10,1.00E+10
554,1.00E+10,1.00E+10
555,1.00E+10,1.00E+10
556,1.00E+10,1.00E+10
557,1.00E+10,1.00E+10
558,1.00E+10,1.00E+10
559,1.00E+10,1.00E+10
560,1.00E+10,1.00E+10
561,1.00E+10,1.00E+10
562,1.00E+10,1.00E+10
563,1.00E+10,1.00E+10
564,1.00E+10,1.00E+10
565,1.00E+10,1.00E+10
566,1.00E+10,1.00E+10
567,1.00E+10,1.00E+10
568,1.00E+10,1.00E+10
569,1.00E+10,1.00E+10
570,1.00E+10,1.00E+10
571,1.00E+10,1.00E+10
572,1.00E+10,1.00E+10
573,1.00E+10,1.00E+10
574,1.00E+10,1.00E+10
575,1.00E+10,1.00E+10
576,1.00E+10,1.00E+10
577,1.00E+10,1.00E+10
578,1.00E+10,1.00E+10
579,1.00E+10,1.00E+10
580,1.00E+10,1.00E+10
581,1.00E+10,1.00E+10
582,1.00E+10,1.00E+10
583,1.00E+10,1.00E+10
584,1.00E+10,1.00E+10
585,1.00E+10,1.00E+10
586,1.00E+10,1.00E+10
587,1.00E+10,1.00E+10
588,1.00E+10,1.00E+10
589,1.00E+10,1.00E+10
590,1.00E+10,1.00E+10
591,1.00E+10,1.00E+10
592,1.00E+10,1.00E+10
593,1.00E+10,1.00E+10
594,1.00E+10,1.00E+10
595,1.00E+10,1.00E+10
596,1.00E+10,1.00E+10
597,1.00E+10,1.00E+10
598,1.00E+10,1.00E+10
599,1.00E+10,1.00E+10
600,1.00E+10,1.00E+10
601,1.00E+10,1.00E+10
602,1.00E+10,1.00E+10
603,1.00E+10,1.00E+10
604,1.00E+10,1.00E+10
605,1.00E+10,1.00E+10
606,1.00E+10,1.00E+10
607,1.00E+10,1.00E+10
608,1.00E+10,1.00E+10
609,1.00E+10,1.00E+10
610,1.00E+10,1.00E+10
611,1.00E+10,1.00E+10
612,1.00E+10,1.00E+10
613,1.00E+10,1.00E+10
614,1.00E+10,1.00E+10
615,1.00E+10,1.00E+10
616,1.00E+10,1.00E+10
617,1.00E+10,1.00E+10
618,1.00E+10,1.00E+10
619,1.00E+10,1.00E+10
620,1.00E+10,1.00E+10
621,1.00E+10,1.00E+10
622,1.00E+10,1.00E+10
623,1.00E+10,1.00E+10
624,1.00E+10,1.00E+10
625,1.00E+10,1.00E+10
626,1.00E+10,1.00E+10
627,1.00E+10,1.00E+10
628,1.00E+10,1.00E+10
629,1.00E+10,1.00E+10
630,1.00E+10,1.00E+10
631,1.00E+10,1.00E+10
632,1.00E+10,1.00E+10
633,1.00E+10,1.00E+10
634,1.00E+10,1.00E+10
635,1.00E+10,1.00E+10
636,1.00E+10,1.00E+10
637,1.00E+10,1.00E+10
638,1.00E+10,1.00E+10
639,1.00E+10,1.00E+10
640,1.00E+10,1.00E+10
641,1.00E+10,1.00E+10
642,1.00E+10,1.00E+10
643,1.00E+10,1.00E+10
644,1.00E+10,1.00E+10
645,1.00E+10,1.00E+10
646,1.00E+10,1.00E+10
647,1.00E+10,1.00E+10
648,1.00E+10,1.00E+10
649,1.00E+10,1.00E+10
650,1.00E+10,1.00E+10
651,1.00E+10,1.00E+10
652,1.00E+10,1.00E+10
653,1.00E+10,1.00E+10
654,1.00E+10,1.00E+10
655,1.00E+10,1.00E+10
656,1.00E+10,1.00E+10
657,1.00E+10,1.00E+10
658,1.00E+10,1.00E+10
659,1.00E+10,1.00E+10
660,1.00E+10,1.00E+10
661,1.00E+10,1.00E+10
662,1.00E+10,1.00E+10
663,1.00E+10,1.00E+10
664,1.00E+10,1.00E+10
665,1.00E+10,1.00E+10
666,1.00E+10,1.00E+10
667,1.00E+10,1.00E+10
668,1.00E+10,1.00E+10
669,1.00E+10,1.00E+10
670,1.00E+10,1.00E+10
671,1.00E+10,1.00E+10
672,1.00E+10,1.00E+10
673,1.00E+10,1.00E+10
674,1.00E+10,1.00E+10
675,1.00E+10,1.00E+10
676,1.00E+10,1.00E+10
677,1.00E+10,1.00E+10
678,1.00E+10,1.00E+10
679,1.00E+10,1.00E+10
680,1.00E+10,1.00E+10
681,1.00E+10,1.00E+10
682,1.00E+10,1.00E+10
683,1.00E+10,1.00E+10
684,1.00E+10,1.00E+10
685,1.00E+10,1.00E+10
686,1.00E+10,1.00E+10
687,1.00E+10,1.00E+10
688,1.00E+10,1.00E+10
689,1.00E+10,1.00E+10
690,1.00E+10,1.00E+10
691,1.00E+10,1.00E+10
692,1.00E+10,1.00E+10
693,1.00E+10,1.00E+10
694,1.00E+10,1.00E+10
695,1.00E+10,1.00E+10
696,1.00E+10,1.00E+10
697,1.00E+10,1.00E+10
698,1.00E+10,1.00E+10
699,1.00E+10,1.00E+10
700,1.00E+10,1.00E+10
701,1.00E+10,1.00E+10
702,1.00E+10,1.00E+10
703,1.00E+10,1.00E+10
704,1.00E+10,1.00E+10
705,1.00E+10,1.00E+10
706,1.00E+10,1.00E+10
707,1.00E+10,1.00E+10
708,1.00E+10,1.00E+10
709,1.00E+10,1.00E+10
710,1.00E+10,1.00E+10
711,1.00E+10,1.00E+10
712,1.00E+10,1.00E+10
713,1.00E+10,1.00E+10
714,1.00E+10,1.00E+10
715,1.00E+10,1.00E+10
716,1.00E+10,1.00E+10
717,1.00E+10,1.00E+10
718,1.00E+10,1.00E+10
719,1.00E+10,1.00E+10
720,1.00E+10,1.00E+10
721,1.00E+10,1.00E+10
722,1.00E+10,1.00E+10
723,1.00E+10,1.00E+10
724,1.00E+10,1.00E+10
725,1.00E+10,1.00E+10
726,1.00E+10,1.00E+10
727,1.00E+10,1.00E+10
728,1.00E+10,1.00E+10
729,1.00E+10,1.00E+10
730,1.00E+10,1.00E+10
731,1.00E+10,1.00E+10
732,1.00E+10,1.00E+10
733,1.00E+10,1.00E+10
734,1.00E+10,1.00E+10
735,1.00E+10,1.00E+10
736,1.00E+10,1.00E+10
737,1.00E+10,1.00E+10
738,1.00E+10,1.00E+10
739,1.00E+10,1.00E+10
740,1.00E+10,1.00E+10
741,1.00E+10,1.00E+10
742,1.00E+10,1.00E+10
743,1.00E+10,1.00E+10
744,1.00E+10,1.00E+10
745,1.00E+10,1.00E+10
746,1.00E+10,1.00E+10
747,1.00E+10,1.00E+10
748,1.00E+10,1.00E+10
749,1.00E+10,1.00E+10
750,1.00E+10,1.00E+10
751,1.00E+10,1.00E+10
752,1.00E+10,1.00E+10
753,1.00E+10,1.00E+10
754,1.00E+10,1.00E+10
755,1.00E+10,1.00E+10
756,1.00E+10,1.00E+10
757,1.00E+10,1.00E+10
758,1.00E+10,1.00E+10
759,1.00E+10,1.00E+10
760,1.00E+10,1.00E+10
761,1.00E+10,1.00E+10
762,1.00E+10,1.00E+10
763,1.00E+10,1.00E+10
764,1.00E+10,1.00E+10
765,1.00E+10,1.00E+10
766,1.00E+10,1.00E+10
767,1.00E+10,1.00E+10
768,1.00E+10,1.00E+10
769,1.00E+10,1.00E+10
770,1.00E+10,1.00E+10
771,1.00E+10,1.00E+10
772,1.00E+10,1.00E+10
773,1.00E+10,1.00E+10
774,1.00E+10,1.00E+10
775,1.00E+10,1.00E+10
776,1.00E+10,1.00E+10
777,1.00E+10,1.00E+10
778,1.00E+10,1.00E+10
779,1.00E+10,1.00E+10
780,1.00E+10,1.00E+10
781,1.00E+10,1.00E+10
782,1.00E+10,1.00E+10
783,1.00E+10,1.00E+10
784,1.00E+10,1.00E+10
785,1.00E+10,1.00E+10
786,1.00E+10,1.00E+10
787,1.00E+10,1.00E+10
788,1.00E+10,1.00E+10
789,1.00E+10,1.00E+10
790,1.00E+10,1.00E+10
791,1.00E+10,1.00E+10
792,1.00E+10,1.00E+10
793,1.00E+10,1.00E+10
794,1.00E+10,1.00E+10
795,1.00E+10,1.00E+10
796,1.00E+10,1.00E+10
797,1.00E+10,1.00E+10
798,1.00E+10,1.00E+10
799,1.00E+10,1.00E+10
800,1.00E+10,1.00E+10
801,1.00E+10,1.00E+10
802,1.00E+10,1.00E+10
803,1.00E+10,1.00E+10
804,1.00E+10,1.00E+10
805,1.00E+10,1.00E+10
806,1.00E+10,1.00E+10
807,1.00E+10,1.00E+10
808,1.00E+10,1.00E+10
809,1.00E+10,1.00E+10
810,1.00E+10,1.00E+10
811,1.00E+10,1.00E+10
812,1.00E+10,1.00E+10
813,1.00E+10,1.00E+10
814,1.00E+10,1.00E+10
815,1.00E+10,1.00E+10
816,1.00E+10,1.00E+10
817,1.00E+10,1.00E+10
818,1.00E+10,1.00E+10
819,1.00E+10,1.00E+10
820,1.00E+10,1.00E+10
821,1.00E+10,1.00E+10
822,1.00E+10,1.00E+10
823,1.00E+10,1.00E+10
824,1.00E+10,1.00E+10
825,1.00E+10,1.00E+10
826,1.00E+10,1.00E+10
827,1.00E+10,1.00E+10
828,1.00E+10,1.00E+10
829,1.00E+10,1.00E+10
830,1.00E+10,1.00E+10
831,1.00E+10,1.00E+10
832,1.00E+10,1.00E+10
833,1.00E+10,1.00E+10
834,1.00E+10,1.00E+10
835,1.00E+10,1.00E+10
836,1.00E+10,1.00E+10
837,1.00E+10,1.00E+10
838,1.00E+10,1.00E+10
839,1.00E+10,1.00E+10
840,1.00E+10,1.00E+10
841,1.00E+10,1.00E+10
842,1.00E+10,1.00E+10
843,1.00E+10,1.00E+10
844,1.00E+10,1.00E+10
845,1.00E+10,1.00E+10
846,1.00E+10,1.00E+10
847,1.00E+10,1.00E+10
848,1.00E+10,1.00E+10
849,1.00E+10,1.00E+10
850,1.00E+10,1.00E+10
851,1.00E+10,1.00E+10
852,1.00E+10,1.00E+10
853,1.00E+10,1.00E+10
854,1.00E+10,1.00E+10
855,1.00E+10,1.00E+10
856,1.00E+10,1.00E+10
857,1.00E+10,1.00E+10
858,1.00E+10,1.00E+10
859,1.00E+10,1.00E+10
860,1.00E+10,1.00E+10
861,1.00E+10,1.00E+10
862,1.00E+10,1.00E+10
863,1.00E+10,1.00E+10
864,1.00E+10,1.00E+10
865,1.00E+10,1.00E+10
866,1.00E+10,1.00E+10
867,1.00E+10,1.00E+10
868,1.00E+10,1.00E+10
869,1.00E+10,1.00E+10
870,1.00E+10,1.00E+10
871,1.00E+10,1.00E+10
872,1.00E+10,1.00E+10
873,1.00E+10,1.00E+10
874,1.00E+10,1.00E+10
875,1.00E+10,1.00E+10
876,1.00E+10,1.00E+10
877,1.00E+10,1.00E+10
878,1.00E+10,1.00E+10
879,1.00E+10,1.00E+10
880,1.00E+10,1.00E+10
881,1.00E+10,1.00E+10
882,1.00E+10,1.00E+10
883,1.00E+10,1.00E+10
884,1.00E+10,1.00E+10
885,1.00E+10,1.00E+10
886,1.00E+10,1.00E+10
887,1.00E+10,1.00E+10
888,1.00E+10,1.00E+10
889,1.00E+10,1.00E+10
890,1.00E+10,1.00E+10
891,1.00E+10,1.00E+10
892,1.00E+10,1.00E+10
893,1.00E+10,1.00E+10
894,1.00E+10,1.00E+10
895,1.00E+10,1.00E+10
896,1.00E+10,1.00E+10
897,1.00E+10,1.00E+10
898,1.00E+10,1.00E+10
899,1.00E+10,1.00E+10
900,1.00E+10,1.00E+10
901,1.00E+10,1.00E+10
902,1.00E+10,1.00E+10
903,1.00E+10,1.00E+10
904,1.00E+10,1.00E+10
905,1.00E+10,1.00E+10
906,1.00E+10,1.00E+10
907,1.00E+10,1.00E+10
908,1.00E+10,1.00E+10
909,1.00E+10,1.00E+10
910,1.00E+10,1.00E+10
911,1.00E+10,1.00E+10
912,1.00E+10,1.00E+10
913,1.00E+10,1.00E+10
914,1.00E+10,1.00E+10
915,1.00E+10,1.00E+10
916,1.00E+10,1.00E+10
917,1.00E+10,1.00E+10
918,1.00E+10,1.00E+10
919,1.00E+10,1.00E+10
920,1.00E+10,1.00E+10
921,1.00E+10,1.00E+10
922,1.00E+10,1.00E+10
923,1.00E+10,1.00E+10
924,1.00E+10,1.00E+10
925,1.00E+10,1.00E+10
926,1.00E+10,1.00E+10
927,1.00E+10,1.00E+10
928,1.00E+10,1.00E+10
929,1.00E+10,1.00E+10
930,1.00E+10,1.00E+10
931,1.00E+10,1.00E+10
932,1.00E+10,1.00E+10
933,1.00E+10,1.00E+10
934,1.00E+10,1.00E+10
935,1.00E+10,1.00E+10
936,1.00E+10,1.00E+10
937,1.00E+10,1.00E+10
938,1.00E+10,1.00E+10
939,1.00E+10,1.00E+10
940,1.00E+10,1.00E+10
941,1.00E+10,1.00E+10
942,1.00E+10,1.00E+10
943,1.00E+10,1.00E+10
944,1.00E+10,1.00E+10
945,1.00E+10,1.00E+10
946,1.00E+10,1.00E+10
947,1.00E+10,1.00E+10
948,1.00E+10,1.00E+10
949,1.00E+10,1.00E+10
950,1.00E+10,1.00E+10
951,1.00E+10,1.00E+10
952,1.00E+10,1.00E+10
953,1.00E+10,1.00E+10
954,1.00E+10,1.00E+10
955,1.00E+10,1.00E+10
956,1.00E+10,1.00E+10
957,1.00E+10,1.00E+10
958,1.00E+10,1.00E+10
959,1.00E+10,1.00E+10
960,1.00E+10,1.00E+10
961,1.00E+10,1.00E+10
962,1.00E+10,1.00E+10
963,1.00E+10,1.00E+10
964,1.00E+10,1.00E+10
965,1.00E+10,1.00E+10
966,1.00E+10,1.00E+10
967,1.00E+10,1.00E+10
968,1.00E+10,1.00E+10
969,1.00E+10,1.00E+10
970,1.00E+10,1.00E+10
971,1.00E+10,1.00E+10
972,1.00E+10,1.00E+10
973,1.00E+10,1.00E+10
974,1.00E+10,1.00E+10
975,1.00E+10,1.00E+10
976,1.00E+10,1.00E+10
977,1.00E+10,1.00E+10
978,1.00E+10,1.00E+10
979,1.00E+10,1.00E+10
980,1.00E+10,1.00E+10
981,1.00E+10,1.00E+10
982,1.00E+10,1.00E+10
983,1.00E+10,1.00E+10
984,1.00E+10,1.00E+10
985,1.00E+10,1.00E+10
986,1.00E+10,1.00E+10
987,1.00E+10,1.00E+10
988,1.00E+10,1.00E+10
989,1.00E+10,1.00E+10
990,1.00E+10,1.00E+10
991,1.00E+10,1.00E+10
992,1.00E+10,1.00E+10
993,1.00E+10,1.00E+10
994,1.00E+10,1.00E+10
995,1.00E+10,1.00E+10
996,1.00E+10,1.00E+10
997,1.00E+10,1.00E+10
998,1.00E+10,1.00E+10
999,1.00E+10,1.00E+10
1000,1.00E+10,1.00E+10
1001,1.00E+10,1.00E+10
1002,1.00E+10,1.00E+10
1003,1.00E+10,1.00E+10
1004,1.00E+10,1.00E+10
1005,1.00E+10,1.00E+10
1006,1.00E+10,1.00E+10
1007,1.00E+10,1.00E+10
1008,1.00E+10,1.00E+10
1009,1.00E+10,1.00E+10
1010,1.00E+10,1.00E+10
1011,1.00E+10,1.00E+10
1012,1.00E+10,1.00E+10
1013,1.00E+10,1.00E+10
1014,1.00E+10,1.00E+10
1015,1.00E+10,1.00E+10
1016,1.00E+10,1.00E+10
1017,1.00E+10,1.00E+10
1018,1.00E+10,1.00E+10
1019,1.00E+10,1.00E+10
1020,1.00E+10,1.00E+10
1021,1.00E+10,1.00E+10
1022,1.00E+10,1.00E+10
1023,1.00E+10,1.00E+10
1024,1.00E+10,1.00E+10
1025,1.00E+10,1.00E+10
1026,1.00E+10,1.00E+10
1027,1.00E+10,1.00E+10
1028,1.00E+10,1.00E+10
1029,1.00E+10,1.00E+10
1030,1.00E+10,1.00E+10
1031,1.00E+10,1.00E+10
1032,1.00E+10,1.00E+10
1033,1.00E+10,1.00E+10
1034,1.00E+10,1.00E+10
1035,1.00E+10,1.00E+10
1036,1.00E+10,1.00E+10
1037,1.00E+10,1.00E+10
1038,1.00E+10,1.00E+10
1039,1.00E+10,1.00E+10
1040,1.00E+10,1.00E+10
1041,1.00E+10,1.00E+10
1042,1.00E+10,1.00E+10
1043,1.00E+10,1.00E+10
1044,1.00E+10,1.00E+10
1045,1.00E+10,1.00E+10
1046,1.00E+10,1.00E+10
1047,1.00E+10,1.00E+10
1048,1.00E+10,1.00E+10
1049,1.00E+10,1.00E+10
1050,1.00E+10,1.00E+10
1051,1.00E+10,1.00E+10
1052,1.00E+10,1.00E+10
1053,1.00E+10,1.00E+10
1054,1.00E+10,1.00E+10
1055,1.00E+10,1.00E+10
1056,1.00E+10,1.00E+10
1057,1.00E+10,1.00E+10
1058,1.00E+10,1.00E+10
1059,1.00E+10,1.00E+10
1060,1.00E+10,1.00E+10
1061,1.00E+10,1.00E+10
1062,1.00E+10,1.00E+10
1063,1.00E+10,1.00E+10
1064,1.00E+10,1.00E+10
1065,1.00E+10,1.00E+10
1066,1.00E+10,1.00E+10
1067,1.00E+10,1.00E+10
1068,1.00E+10,1.00E+10
1069,1.00E+10,1.00E+10
1070,1.00E+10,1.00E+10
1071,1.00E+10,1.00E+10
1072,1.00E+10,1.00E+10
1073,1.00E+10,1.00E+10
1074,1.00E+10,1.00E+10
1075,1.00E+10,1.00E+10
1076,1.00E+10,1.00E+10
1077,1.00E+10,1.00E+10
1078,1.00E+10,1.00E+10
1079,1.00E+10,1.00E+10
1080,1.00E+10,1.00E+10
1081,1.00E+10,1.00E+10
1082,1.00E+10,1.00E+10
1083,1.00E+10,1.00E+10
1084,1.00E+10,1.00E+10
1085,1.00E+10,1.00E+10
1086,1.00E+10,1.00E+10
1087,1.00E+10,1.00E+10
1088,1.00E+10,1.00E+10
1089,1.00E+10,1.00E+10
1090,1.00E+10,1.00E+10
1091,1.00E+10,1.00E+10
1092,1.00E+10,1.00E+10
1093,1.00E+10,1.00E+10
1094,1.00E+10,1.00E+10
1095,1.00E+10,1.00E+10
1096,1.00E+10,1.00E+10
1097,1.00E+10,1.00E+10
1098,1.00E+10,1.00E+10
1099,1.00E+10,1.00E+10
1100,1.00E+10,1.00E+10
1101,1.00E+10,1.00E+10
1102,1.00E+10,1.00E+10
1103,1.00E+10,1.00E+10
1104,1.00E+10,1.00E+10
1105,1.00E+10,1.00E+10
1106,1.00E+10,1.00E+10
1107,1.00E+10,1.00E+10
1108,1.00E+10,1.00E+10
1109,1.00E+10,1.00E+10
1110,1.00E+10,1.00E+10
1111,1.00E+10,1.00E+10
1112,1.00E+10,1.00E+10
1113,1.00E+10,1.00E+10
1114,1.00E+10,1.00E+10
1115,1.00E+10,1.00E+10
1116,1.00E+10,1.00E+10
1117,1.00E+10,1.00E+10
1118,1.00E+10,1.00E+10
1119,1.00E+10,1.00E+10
1120,1.00E+10,1.00E+10
1121,1.00E+10,1.00E+10
1122,1.00E+10,1.00E+10
1123,1.00E+10,1.00E+10
1124,1.00E+10,1.00E+10
1125,1.00E+10,1.00E+10
1126,1.00E+10,1.00E+10
1127,1.00E+10,1.00E+10
1128,1.00E+10,1.00E+10
1129,1.00E+10,1.00E+10
1130,1.00E+10,1.00E+10
1131,1.00E+10,1.00E+10
1132,1.00E+10,1.00E+10
1133,1.00E+10,1.00E+10
1134,1.00E+10,1.00E+10
1135,1.00E+10,1.00E+10
1136,1.00E+10,1.00E+10
1137,1.00E+10,1.00E+10
1138,1.00E+10,1.00E+10
1139,1.00E+10,1.00E+10
1140,1.00E+10,1.00E+10
1141,1.00E+10,1.00E+10
1142,1.00E+10,1.00E+10
1143,1.00E+10,1.00E+10
1144,1.00E+10,1.00E+10
1145,1.00E+10,1.00E+10
1146,1.00E+10,1.00E+10
1147,1.00E+10,1.00E+10
1148,1.00E+10,1.00E+10
1149,1.00E+10,1.00E+10
1150,1.00E+10,1.00E+10
1151,1.00E+10,1.00E+10
1152,1.00E+10,1.00E+10
1153,1.00E+10,1.00E+10
1154,1.00E+10,1.00E+10
1155,1.00E+10,1.00E+10
1156,1.00E+10,1.00E+10
1157,1.00E+10,1.00E+10
1158,1.00E+10,1.00E+10
1159,1.00E+10,1.00E+10
1160,1.00E+10,1.00E+10
1161,1.00E+10,1.00E+10
1162,1.00E+10,1.00E+10
1163,1.00E+10,1.00E+10
1164,1.00E+10,1.00E+10
1165,1.00E+10,1.00E+10
1166,1.00E+10,1.00E+10
1167,1.00E+10,1.00E+10
1168,1.00E+10,1.00E+10
1169,1.00E+10,1.00E+10
1170,1.00E+10,1.00E+10
1171,1.00E+10,1.00E+10
1172,1.00E+10,1.00E+10
1173,1.00E+10,1.00E+10
1174,1.00E+10,1.00E+10
1175,1.00E+10,1.00E+10
1176,1.00E+10,1.00E+10
1177,1.00E+10,1.00E+10
1178,1.00E+10,1.00E+10
1179,1.00E+10,1.00E+10
1180,1.00E+10,1.00E+10
1181,1.00E+10,1.00E+10
1182,1.00E+10,1.00E+10
1183,1.00E+10,1.00E+10
1184,1.00E+10,1.00E+10
1185,1.00E+10,1.00E+10
1186,1.00E+10,1.00E+10
1187,1.00E+10,1.00E+10
1188,1.00E+10,1.00E+10
1189,1.00E+10,1.00E+10
1190,1.00E+10,1.00E+10
1191,1.00E+10,1.00E+10
1192,1.00E+10,1.00E+10
1193,1.00E+10,1.00E+10
1194,1.00E+10,1.00E+10
1195,1.00E+10,1.00E+10
1196,1.00E+10,1.00E+10
1197,1.00E+10,1.00E+10
1198,1.00E+10,1.00E+10
1199,1.00E+10,1.00E+10
1200,1.00E+10,1.00E+10
1201,1.00E+10,1.00E+10
1202,1.00E+10,1.00E+10
1203,1.00E+10,1.00E+10
1204,1.00E+10,1.00E+10
1205,1.00E+10,1.00E+10
1206,1.00E+10,1.00E+10
1207,1.00E+10,1.00E+10
1208,1.00E+10,1.00E+10
1209,1.00E+10,1.00E+10
1210,1.00E+10,1.00E+10
1211,1.00E+10,1.00E+10
1212,1.00E+10,1.00E+10
1213,1.00E+10,1.00E+10
1214,1.00E+10,1.00E+10
1215,1.00E+10,1.00E+10
1216,1.00E+10,1.00E+10
1217,1.00E+10,1.00E+10
1218,1.00E+10,1.00E+10
1219,1.00E+10,1.00E+10
1220,1.00E+10,1.00E+10
1221,1.00E+10,1.00E+10
1222,1.00E+10,1.00E+10
1223,1.00E+10,1.00E+10
1224,1.00E+10,1.00E+10
1225,1.00E+10,1.00E+10
1226,1.00E+10,1.00E+10
1227,1.00E+10,1.00E+10
1228,1.00E+10,1.00E+10
1229,1.00E+10,1.00E+10
1230,1.00E+10,1.00E+10
1231,1.00E+10,1.00E+10
1232,1.00E+10,1.00E+10
1233,1.00E+10,1.00E+10
1234,1.00E+10,1.00E+10
1235,1.00E+10,1.00E+10
1236,1.00E+10,1.00E+10
1237,1.00E+10,1.00E+10
1238,1.00E+10,1.00E+10
1239,1.00E+10,1.00E+10
1240,1.00E+10,1.00E+10
1241,1.00E+10,1.00E+10
1242,1.00E+10,1.00E+10
1243,1.00E+10,1.00E+10
1244,1.00E+10,1.00E+10
1245,1.00E+10,1.00E+10
1246,1.00E+10,1.00E+10
1247,1.00E+10,1.00E+10
1248,1.00E+10,1.00E+10
1249,1.00E+10,1.00E+10
1250,1.00E+10,1.00E+10
1251,1.00E+10,1.00E+10
1252,1.00E+10,1.00E+10
1253,1.00E+10,1.00E+10
1254,1.00E+10,1.00E+10
1255,1.00E+10,1.00E+10
1256,1.00E+10,1.00E+10
1257,1.00E+10,1.00E+10
1258,1.00E+10,1.00E+10
1259,1.00E+10,1.00E+10
1260,1.00E+10,1.00E+10
1261,1.00E+10,1.00E+10
1262,1.00E+10,1.00E+10
1263,1.00E+10,1.00E+10
1264,1.00E+10,1.00E+10
1265,1.00E+10,1.00E+10
1266,1.00E+10,1.00E+10
1267,1.00E+10,1.00E+10
1268,1.00E+10,1.00E+10
1269,1.00E+10,1.00E+10
1270,1.00E+10,1.00E+10
1271,1.00E+10,1.00E+10
1272,1.00E+10,1.00E+10
1273,1.00E+10,1.00E+10
1274,1.00E+10,1.00E+10
1275,1.00E+10,1.00E+10
1276,1.00E+10,1.00E+10
1277,1.00E+10,1.00E+10
1278,1.00E+10,1.00E+10
1279,1.00E+10,1.00E+10
1280,1.00E+10,1.00E+10
1281,1.00E+10,1.00E+10
1282,1.00E+10,1.00E+10
1283,1.00E+10,1.00E+10
1284,1.00E+10,1.00E+10
1285,1.00E+10,1.00E+10
1286,1.00E+10,1.00E+10
1287,1.00E+10,1.00E+10
1288,1.00E+10,1.00E+10
1289,1.00E+10,1.00E+10
1290,1.00E+10,1.00E+10
1291,1.00E+10,1.00E+10
1292,1.00E+10,1.00E+10
1293,1.00E+10,1.00E+10
1294,1.00E+10,1.00E+10
1295,1.00E+10,1.00E+10
1296,1.00E+10,1.00E+10
1297,1.00E+10,1.00E+10
1298,1.00E+10,1.00E+10
1299,1.00E+10,1.00E+10
1300,1.00E+10,1.00E+10
1301,1.00E+10,1.00E+10
1302,1.00E+10,1.00E+10
1303,1.00E+10,1.00E+10
1304,1.00E+10,1.00E+10
1305,1.00E+10,1.00E+10
1306,1.00E+10,1.00E+10
1307,1.00E+10,1.00E+10
1308,1.00E+10,1.00E+10
1309,1.00E+10,1.00E+10
1310,1.00E+10,1.00E+10
1311,1.00E+10,1.00E+10
1312,1.00E+10,1.00E+10
1313,1.00E+10,1.00E+10
1314,1.00E+10,1.00E+10
1315,1.00E+10,1.00E+10
1316,1.00E+10,1.00E+10
1317,1.00E+10,1.00E+10
1318,1.00E+10,1.00E+10
1319,1.00E+10,1.00E+10
1320,1.00E+10,1.00E+10
1321,1.00E+10,1.00E+10
1322,1.00E+10,1.00E+10
1323,1.00E+10,1.00E+10
1324,1.00E+10,1.00E+10
1325,1.00E+10,1.00E+10
1326,1.00E+10,1.00E+10
1327,1.00E+10,1.00E+10
1328,1.00E+10,1.00E+10
1329,1.00E+10,1.00E+10
1330,1.00E+10,1.00E+10
1331,1.00E+10,1.00E+10
1332,1.00E+10,1.00E+10
1333,1.00E+10,1.00E+10
1334,1.00E+10,1.00E+10
1335,1.00E+10,1.00E+10
1336,1.00E+10,1.00E+10
1337,1.00E+10,1.00E+10
1338,1.00E+10,1.00E+10
1339,1.00E+10,1.00E+10
1340,1.00E+10,1.00E+10
1341,1.00E+10,1.00E+10
1342,1.00E+10,1.00E+10
1343,1.00E+10,1.00E+10
1344,1.00E+10,1.00E+10
1345,1.00E+10,1.00E+10
1346,1.00E+10,1.00E+10
1347,1.00E+10,1.00E+10
1348,1.00E+10,1.00E+10
1349,1.00E+10,1.00E+10
1350,1.00E+10,1.00E+10
1351,1.00E+10,1.00E+10
1352,1.00E+10,1.00E+10
1353,1.00E+10,1.00E+10
1354,1.00E+10,1.00E+10
1355,1.00E+10,1.00E+10
1356,1.00E+10,1.00E+10
1357,1.00E+10,1.00E+10
1358,1.00E+10,1.00E+10
1359,1.00E+10,1.00E+10
1360,1.00E+10,1.00E+10
1361,1.00E+10,1.00E+10
1362,1.00E+10,1.00E+10
1363,1.00E+10,1.00E+10
1364,1.00E+10,1.00E+10
1365,1.00E+10,1.00E+10
1366,1.00E+10,1.00E+10
1367,1.00E+10,1.00E+10
1368,1.00E+10,1.00E+10
1369,1.00E+10,1.00E+10
1370,1.00E+10,1.00E+10
1371,1.00E+10,1.00E+10
1372,1.00E+10,1.00E+10
1373,1.00E+10,1.00E+10
1374,1.00E+10,1.00E+10
1375,1.00E+10,1.00E+10
1376,1.00E+10,1.00E+10
1377,1.00E+10,1.00E+10
1378,1.00E+10,1.00E+10
1379,1.00E+10,1.00E+10
1380,1.00E+10,1.00E+10
1381,1.00E+10,1.00E+10
1382,1.00E+10,1.00E+10
1383,1.00E+10,1.00E+10
1384,1.00E+10,1.00E+10
1385,1.00E+10,1.00E+10
1386,1.00E+10,1.00E+10
1387,1.00E+10,1.00E+10
1388,1.00E+10,1.00E+10
1389,1.00E+10,1.00E+10
1390,1.00E+10,1.00E+10
1391,1.00E+10,1.00E+10
1392,1.00E+10,1.00E+10
1393,1.00E+10,1.00E+10
1394,1.00E+10,1.00E+10
1395,1.00E+10,1.00E+10
1396,1.00E+10,1.00E+10
1397,1.00E+10,1.00E+10
1398,1.00E+10,1.00E+10
1399,1.00E+10,1.00E+10
1400,1.00E+10,1.00E+10
1401,1.00E+10,1.00E+10
1402,1.00E+10,1.00E+10
1403,1.00E+10,1.00E+10
1404,1.00E+10,1.00E+10
1405,1.00E+10,1.00E+10
1406,1.00E+10,1.00E+10
1407,1.00E+10,1.00E+10
1408,1.00E+10,1.00E+10
1409,1.00E+10,1.00E+10
1410,1.00E+10,1.00E+10
1411,1.00E+10,1.00E+10
1412,1.00E+10,1.00E+10
1413,1.00E+10,1.00E+10
1414,1.00E+10,1.00E+10
1415,1.00E+10,1.00E+10
1416,1.00E+10,1.00E+10
1417,1.00E+10,1.00E+10
1418,1.00E+10,1.00E+10
1419,1.00E+10,1.00E+10
1420,1.00E+10,1.00E+10
1421,1.00E+10,1.00E+10
1422,1.00E+10,1.00E+10
1423,1.00E+10,1.00E+10
1424,1.00E+10,1.00E+10
1425,1.00E+10,1.00E+10
1426,1.00E+10,1.00E+10
1427,1.00E+10,1.00E+10
1428,1.00E+10,1.00E+10
1429,1.00E+10,1.00E+10
1430,1.00E+10,1.00E+10
1431,1.00E+10,1.00E+10
1432,1.00E+10,1.00E+10
1433,1.00E+10,1.00E+10
1434,1.00E+10,1.00E+10
1435,1.00E+10,1.00E+10
1436,1.00E+10,1.00E+10
1437,1.00E+10,1.00E+10
1438,1.00E+10,1.00E+10
1439,1.00E+10,1.00E+10
1440,1.00E+10,1.00E+10
1441,1.00E+10,1.00E+10
1442,1.00E+10,1.00E+10
1443,1.00E+10,1.00E+10
1444,1.00E+10,1.00E+10
1445,1.00E+10,1.00E+10
1446,1.00E+10,1.00E+10
1447,1.00E+10,1.00E+10
1448,1.00E+10,1.00E+10
1449,1.00E+10,1.00E+10
1450,1.00E+10,1.00E+10
1451,1.00E+10,1.00E+10
1452,1.00E+10,1.00E+10
1453,1.00E+10,1.00E+10
1454,1.00E+10,1.00E+10
1455,1.00E+10,1.00E+10
1456,1.00E+10,1.00E+10
1457,1.00E+10,1.00E+10
1458,1.00E+10,1.00E+10
1459,1.00E+10,1.00E+10
1460,1.00E+10,1.00E+10
1461,1.00E+10,1.00E+10
1462,1.00E+10,1.00E+10
1463,1.00E+10,1.00E+10
1464,1.00E+10,1.00E+10
1465,1.00E+10,1.00E+10
1466,1.00E+10,1.00E+10
1467,1.00E+10,1.00E+10
1468,1.00E+10,1.00E+10
1469,1.00E+10,1.00E+10
1470,1.00E+10,1.00E+10
1471,1.00E+10,1.00E+10
1472,1.00E+10,1.00E+10
1473,1.00E+10,1.00E+10
1474,1.00E+10,1.00E+10
1475,1.00E+10,1.00E+10
1476,1.00E+10,1.00E+10
1477,1.00E+10,1.00E+10
1478,1.00E+10,1.00E+10
1479,1.00E+10,1.00E+10
1480,1.00E+10,1.00E+10
1481,1.00E+10,1.00E+10
1482,1.00E+10,1.00E+10
1483,1.00E+10,1.00E+10
1484,1.00E+10,1.00E+10
1485,1.00E+10,1.00E+10
1486,1.00E+10,1.00E+10
1487,1.00E+10,1.00E+10
1488,1.00E+10,1.00E+10
1489,1.00E+10,1.00E+10
1490,1.00E+10,1.00E+10
1491,1.00E+10,1.00E+10
1492,1.00E+10,1.00E+10
1493,1.00E+10,1.00E+10
1494,1.00E+10,1.00E+10
1495,1.00E+10,1.00E+10
1496,1.00E+10,1.00E+10
1497,1.00E+10,1.00E+10
1498,1.00E+10,1.00E+10
1499,1.00E+10,1.00E+10
1500,1.00E+10,1.00E+10